ISO-10303-21;
HEADER;
FILE_DESCRIPTION(('Open CASCADE Model'),'2;1');
FILE_NAME('Open CASCADE Shape Model','2026-09-12T11:13:38',('Author'),(
    'Open CASCADE'),'Open CASCADE STEP processor 7.9','Open CASCADE 7.9'
  ,'Unknown');
FILE_SCHEMA(('AUTOMOTIVE_DESIGN { 1 0 10303 214 1 1 1 1 }'));
ENDSEC;
DATA;
#1 = APPLICATION_PROTOCOL_DEFINITION('international standard',
  'automotive_design',2000,#2);
#2 = APPLICATION_CONTEXT(
  'core data for automotive mechanical design processes');
#3 = SHAPE_DEFINITION_REPRESENTATION(#4,#10);
#4 = PRODUCT_DEFINITION_SHAPE('','',#5);
#5 = PRODUCT_DEFINITION('design','',#6,#9);
#6 = PRODUCT_DEFINITION_FORMATION('','',#7);
#7 = PRODUCT('RG LED 5mm Common Cathode','RG LED 5mm Common Cathode','',
  (#8));
#8 = PRODUCT_CONTEXT('',#2,'mechanical');
#9 = PRODUCT_DEFINITION_CONTEXT('part definition',#2,'design');
#10 = SHAPE_REPRESENTATION('',(#11,#15,#19,#23,#27,#31,#35),#39);
#11 = AXIS2_PLACEMENT_3D('',#12,#13,#14);
#12 = CARTESIAN_POINT('',(0.,0.,0.));
#13 = DIRECTION('',(0.,0.,1.));
#14 = DIRECTION('',(1.,0.,-0.));
#15 = AXIS2_PLACEMENT_3D('',#16,#17,#18);
#16 = CARTESIAN_POINT('',(0.,0.,0.));
#17 = DIRECTION('',(0.,0.,1.));
#18 = DIRECTION('',(1.,0.,-0.));
#19 = AXIS2_PLACEMENT_3D('',#20,#21,#22);
#20 = CARTESIAN_POINT('',(0.,0.,0.));
#21 = DIRECTION('',(0.,0.,1.));
#22 = DIRECTION('',(1.,0.,-0.));
#23 = AXIS2_PLACEMENT_3D('',#24,#25,#26);
#24 = CARTESIAN_POINT('',(0.,0.,0.));
#25 = DIRECTION('',(0.,0.,1.));
#26 = DIRECTION('',(1.,0.,-0.));
#27 = AXIS2_PLACEMENT_3D('',#28,#29,#30);
#28 = CARTESIAN_POINT('',(0.,0.,0.));
#29 = DIRECTION('',(0.,0.,1.));
#30 = DIRECTION('',(1.,0.,-0.));
#31 = AXIS2_PLACEMENT_3D('',#32,#33,#34);
#32 = CARTESIAN_POINT('',(0.,0.,0.));
#33 = DIRECTION('',(0.,0.,1.));
#34 = DIRECTION('',(1.,0.,-0.));
#35 = AXIS2_PLACEMENT_3D('',#36,#37,#38);
#36 = CARTESIAN_POINT('',(0.,0.,0.));
#37 = DIRECTION('',(0.,0.,1.));
#38 = DIRECTION('',(1.,0.,-0.));
#39 = ( GEOMETRIC_REPRESENTATION_CONTEXT(3) 
GLOBAL_UNCERTAINTY_ASSIGNED_CONTEXT((#43)) GLOBAL_UNIT_ASSIGNED_CONTEXT(
(#40,#41,#42)) REPRESENTATION_CONTEXT('Context #1',
  '3D Context with UNIT and UNCERTAINTY') );
#40 = ( LENGTH_UNIT() NAMED_UNIT(*) SI_UNIT(.MILLI.,.METRE.) );
#41 = ( NAMED_UNIT(*) PLANE_ANGLE_UNIT() SI_UNIT($,.RADIAN.) );
#42 = ( NAMED_UNIT(*) SI_UNIT($,.STERADIAN.) SOLID_ANGLE_UNIT() );
#43 = UNCERTAINTY_MEASURE_WITH_UNIT(LENGTH_MEASURE(1.E-07),#40,
  'distance_accuracy_value','confusion accuracy');
#44 = PRODUCT_RELATED_PRODUCT_CATEGORY('part',$,(#7));
#45 = SHAPE_DEFINITION_REPRESENTATION(#46,#52);
#46 = PRODUCT_DEFINITION_SHAPE('','',#47);
#47 = PRODUCT_DEFINITION('design','',#48,#51);
#48 = PRODUCT_DEFINITION_FORMATION('','',#49);
#49 = PRODUCT('diffused_lens','diffused_lens','',(#50));
#50 = PRODUCT_CONTEXT('',#2,'mechanical');
#51 = PRODUCT_DEFINITION_CONTEXT('part definition',#2,'design');
#52 = ADVANCED_BREP_SHAPE_REPRESENTATION('',(#11,#53),#269);
#53 = MANIFOLD_SOLID_BREP('',#54);
#54 = CLOSED_SHELL('',(#55,#143,#147,#186,#240));
#55 = ADVANCED_FACE('',(#56),#70,.T.);
#56 = FACE_BOUND('',#57,.F.);
#57 = EDGE_LOOP('',(#58,#88,#115,#116));
#58 = ORIENTED_EDGE('',*,*,#59,.T.);
#59 = EDGE_CURVE('',#60,#62,#64,.T.);
#60 = VERTEX_POINT('',#61);
#61 = CARTESIAN_POINT('',(2.9,0.,0.8));
#62 = VERTEX_POINT('',#63);
#63 = CARTESIAN_POINT('',(2.9,0.,1.6));
#64 = SEAM_CURVE('',#65,(#69,#81),.PCURVE_S1.);
#65 = LINE('',#66,#67);
#66 = CARTESIAN_POINT('',(2.9,0.,0.8));
#67 = VECTOR('',#68,1.);
#68 = DIRECTION('',(0.,0.,1.));
#69 = PCURVE('',#70,#75);
#70 = CYLINDRICAL_SURFACE('',#71,2.9);
#71 = AXIS2_PLACEMENT_3D('',#72,#73,#74);
#72 = CARTESIAN_POINT('',(0.,0.,0.8));
#73 = DIRECTION('',(-0.,-0.,-1.));
#74 = DIRECTION('',(1.,0.,0.));
#75 = DEFINITIONAL_REPRESENTATION('',(#76),#80);
#76 = LINE('',#77,#78);
#77 = CARTESIAN_POINT('',(-0.,0.));
#78 = VECTOR('',#79,1.);
#79 = DIRECTION('',(-0.,-1.));
#80 = ( GEOMETRIC_REPRESENTATION_CONTEXT(2) 
PARAMETRIC_REPRESENTATION_CONTEXT() REPRESENTATION_CONTEXT('2D SPACE',''
  ) );
#81 = PCURVE('',#70,#82);
#82 = DEFINITIONAL_REPRESENTATION('',(#83),#87);
#83 = LINE('',#84,#85);
#84 = CARTESIAN_POINT('',(-6.28318530718,0.));
#85 = VECTOR('',#86,1.);
#86 = DIRECTION('',(-0.,-1.));
#87 = ( GEOMETRIC_REPRESENTATION_CONTEXT(2) 
PARAMETRIC_REPRESENTATION_CONTEXT() REPRESENTATION_CONTEXT('2D SPACE',''
  ) );
#88 = ORIENTED_EDGE('',*,*,#89,.T.);
#89 = EDGE_CURVE('',#62,#62,#90,.T.);
#90 = SURFACE_CURVE('',#91,(#96,#103),.PCURVE_S1.);
#91 = CIRCLE('',#92,2.9);
#92 = AXIS2_PLACEMENT_3D('',#93,#94,#95);
#93 = CARTESIAN_POINT('',(0.,0.,1.6));
#94 = DIRECTION('',(0.,0.,1.));
#95 = DIRECTION('',(1.,0.,0.));
#96 = PCURVE('',#70,#97);
#97 = DEFINITIONAL_REPRESENTATION('',(#98),#102);
#98 = LINE('',#99,#100);
#99 = CARTESIAN_POINT('',(-0.,-0.8));
#100 = VECTOR('',#101,1.);
#101 = DIRECTION('',(-1.,0.));
#102 = ( GEOMETRIC_REPRESENTATION_CONTEXT(2) 
PARAMETRIC_REPRESENTATION_CONTEXT() REPRESENTATION_CONTEXT('2D SPACE',''
  ) );
#103 = PCURVE('',#104,#109);
#104 = PLANE('',#105);
#105 = AXIS2_PLACEMENT_3D('',#106,#107,#108);
#106 = CARTESIAN_POINT('',(-1.768241550698E-16,1.173830161754E-16,1.6));
#107 = DIRECTION('',(0.,0.,1.));
#108 = DIRECTION('',(1.,0.,-0.));
#109 = DEFINITIONAL_REPRESENTATION('',(#110),#114);
#110 = CIRCLE('',#111,2.9);
#111 = AXIS2_PLACEMENT_2D('',#112,#113);
#112 = CARTESIAN_POINT('',(1.768241550698E-16,-1.173830161754E-16));
#113 = DIRECTION('',(1.,0.));
#114 = ( GEOMETRIC_REPRESENTATION_CONTEXT(2) 
PARAMETRIC_REPRESENTATION_CONTEXT() REPRESENTATION_CONTEXT('2D SPACE',''
  ) );
#115 = ORIENTED_EDGE('',*,*,#59,.F.);
#116 = ORIENTED_EDGE('',*,*,#117,.F.);
#117 = EDGE_CURVE('',#60,#60,#118,.T.);
#118 = SURFACE_CURVE('',#119,(#124,#131),.PCURVE_S1.);
#119 = CIRCLE('',#120,2.9);
#120 = AXIS2_PLACEMENT_3D('',#121,#122,#123);
#121 = CARTESIAN_POINT('',(0.,0.,0.8));
#122 = DIRECTION('',(0.,0.,1.));
#123 = DIRECTION('',(1.,0.,0.));
#124 = PCURVE('',#70,#125);
#125 = DEFINITIONAL_REPRESENTATION('',(#126),#130);
#126 = LINE('',#127,#128);
#127 = CARTESIAN_POINT('',(-0.,0.));
#128 = VECTOR('',#129,1.);
#129 = DIRECTION('',(-1.,0.));
#130 = ( GEOMETRIC_REPRESENTATION_CONTEXT(2) 
PARAMETRIC_REPRESENTATION_CONTEXT() REPRESENTATION_CONTEXT('2D SPACE',''
  ) );
#131 = PCURVE('',#132,#137);
#132 = PLANE('',#133);
#133 = AXIS2_PLACEMENT_3D('',#134,#135,#136);
#134 = CARTESIAN_POINT('',(-1.768241550698E-16,1.173830161754E-16,0.8));
#135 = DIRECTION('',(0.,0.,1.));
#136 = DIRECTION('',(1.,0.,-0.));
#137 = DEFINITIONAL_REPRESENTATION('',(#138),#142);
#138 = CIRCLE('',#139,2.9);
#139 = AXIS2_PLACEMENT_2D('',#140,#141);
#140 = CARTESIAN_POINT('',(1.768241550698E-16,-1.173830161754E-16));
#141 = DIRECTION('',(1.,0.));
#142 = ( GEOMETRIC_REPRESENTATION_CONTEXT(2) 
PARAMETRIC_REPRESENTATION_CONTEXT() REPRESENTATION_CONTEXT('2D SPACE',''
  ) );
#143 = ADVANCED_FACE('',(#144),#132,.F.);
#144 = FACE_BOUND('',#145,.F.);
#145 = EDGE_LOOP('',(#146));
#146 = ORIENTED_EDGE('',*,*,#117,.T.);
#147 = ADVANCED_FACE('',(#148,#151),#104,.T.);
#148 = FACE_BOUND('',#149,.T.);
#149 = EDGE_LOOP('',(#150));
#150 = ORIENTED_EDGE('',*,*,#89,.T.);
#151 = FACE_BOUND('',#152,.T.);
#152 = EDGE_LOOP('',(#153));
#153 = ORIENTED_EDGE('',*,*,#154,.T.);
#154 = EDGE_CURVE('',#155,#155,#157,.T.);
#155 = VERTEX_POINT('',#156);
#156 = CARTESIAN_POINT('',(2.5,0.,1.6));
#157 = SURFACE_CURVE('',#158,(#163,#174),.PCURVE_S1.);
#158 = CIRCLE('',#159,2.5);
#159 = AXIS2_PLACEMENT_3D('',#160,#161,#162);
#160 = CARTESIAN_POINT('',(0.,0.,1.6));
#161 = DIRECTION('',(0.,0.,-1.));
#162 = DIRECTION('',(1.,0.,0.));
#163 = PCURVE('',#104,#164);
#164 = DEFINITIONAL_REPRESENTATION('',(#165),#173);
#165 = ( BOUNDED_CURVE() B_SPLINE_CURVE(2,(#166,#167,#168,#169,#170,#171
,#172),.UNSPECIFIED.,.T.,.F.) B_SPLINE_CURVE_WITH_KNOTS((1,2,2,2,2,1),(
    -2.094395102393,0.,2.094395102393,4.188790204786,6.28318530718,
8.377580409573),.UNSPECIFIED.) CURVE() GEOMETRIC_REPRESENTATION_ITEM() 
RATIONAL_B_SPLINE_CURVE((1.,0.5,1.,0.5,1.,0.5,1.)) REPRESENTATION_ITEM(
  '') );
#166 = CARTESIAN_POINT('',(2.5,-1.173830161754E-16));
#167 = CARTESIAN_POINT('',(2.5,-4.330127018922));
#168 = CARTESIAN_POINT('',(-1.25,-2.165063509461));
#169 = CARTESIAN_POINT('',(-5.,-7.297064157491E-16));
#170 = CARTESIAN_POINT('',(-1.25,2.165063509461));
#171 = CARTESIAN_POINT('',(2.5,4.330127018922));
#172 = CARTESIAN_POINT('',(2.5,-1.173830161754E-16));
#173 = ( GEOMETRIC_REPRESENTATION_CONTEXT(2) 
PARAMETRIC_REPRESENTATION_CONTEXT() REPRESENTATION_CONTEXT('2D SPACE',''
  ) );
#174 = PCURVE('',#175,#180);
#175 = CYLINDRICAL_SURFACE('',#176,2.5);
#176 = AXIS2_PLACEMENT_3D('',#177,#178,#179);
#177 = CARTESIAN_POINT('',(0.,0.,1.2));
#178 = DIRECTION('',(-0.,-0.,-1.));
#179 = DIRECTION('',(1.,0.,0.));
#180 = DEFINITIONAL_REPRESENTATION('',(#181),#185);
#181 = LINE('',#182,#183);
#182 = CARTESIAN_POINT('',(-6.28318530718,-0.4));
#183 = VECTOR('',#184,1.);
#184 = DIRECTION('',(1.,-0.));
#185 = ( GEOMETRIC_REPRESENTATION_CONTEXT(2) 
PARAMETRIC_REPRESENTATION_CONTEXT() REPRESENTATION_CONTEXT('2D SPACE',''
  ) );
#186 = ADVANCED_FACE('',(#187),#175,.T.);
#187 = FACE_BOUND('',#188,.F.);
#188 = EDGE_LOOP('',(#189,#212,#213,#214));
#189 = ORIENTED_EDGE('',*,*,#190,.F.);
#190 = EDGE_CURVE('',#155,#191,#193,.T.);
#191 = VERTEX_POINT('',#192);
#192 = CARTESIAN_POINT('',(2.5,-3.061616953752E-16,6.4));
#193 = SEAM_CURVE('',#194,(#198,#205),.PCURVE_S1.);
#194 = LINE('',#195,#196);
#195 = CARTESIAN_POINT('',(2.5,0.,1.2));
#196 = VECTOR('',#197,1.);
#197 = DIRECTION('',(0.,0.,1.));
#198 = PCURVE('',#175,#199);
#199 = DEFINITIONAL_REPRESENTATION('',(#200),#204);
#200 = LINE('',#201,#202);
#201 = CARTESIAN_POINT('',(-6.28318530718,0.));
#202 = VECTOR('',#203,1.);
#203 = DIRECTION('',(-0.,-1.));
#204 = ( GEOMETRIC_REPRESENTATION_CONTEXT(2) 
PARAMETRIC_REPRESENTATION_CONTEXT() REPRESENTATION_CONTEXT('2D SPACE',''
  ) );
#205 = PCURVE('',#175,#206);
#206 = DEFINITIONAL_REPRESENTATION('',(#207),#211);
#207 = LINE('',#208,#209);
#208 = CARTESIAN_POINT('',(-0.,0.));
#209 = VECTOR('',#210,1.);
#210 = DIRECTION('',(-0.,-1.));
#211 = ( GEOMETRIC_REPRESENTATION_CONTEXT(2) 
PARAMETRIC_REPRESENTATION_CONTEXT() REPRESENTATION_CONTEXT('2D SPACE',''
  ) );
#212 = ORIENTED_EDGE('',*,*,#154,.T.);
#213 = ORIENTED_EDGE('',*,*,#190,.T.);
#214 = ORIENTED_EDGE('',*,*,#215,.T.);
#215 = EDGE_CURVE('',#191,#191,#216,.T.);
#216 = SURFACE_CURVE('',#217,(#222,#229),.PCURVE_S1.);
#217 = CIRCLE('',#218,2.5);
#218 = AXIS2_PLACEMENT_3D('',#219,#220,#221);
#219 = CARTESIAN_POINT('',(0.,0.,6.4));
#220 = DIRECTION('',(0.,0.,1.));
#221 = DIRECTION('',(1.,0.,0.));
#222 = PCURVE('',#175,#223);
#223 = DEFINITIONAL_REPRESENTATION('',(#224),#228);
#224 = LINE('',#225,#226);
#225 = CARTESIAN_POINT('',(-0.,-5.2));
#226 = VECTOR('',#227,1.);
#227 = DIRECTION('',(-1.,0.));
#228 = ( GEOMETRIC_REPRESENTATION_CONTEXT(2) 
PARAMETRIC_REPRESENTATION_CONTEXT() REPRESENTATION_CONTEXT('2D SPACE',''
  ) );
#229 = PCURVE('',#230,#235);
#230 = SPHERICAL_SURFACE('',#231,2.5);
#231 = AXIS2_PLACEMENT_3D('',#232,#233,#234);
#232 = CARTESIAN_POINT('',(0.,0.,6.4));
#233 = DIRECTION('',(0.,0.,1.));
#234 = DIRECTION('',(1.,0.,0.));
#235 = DEFINITIONAL_REPRESENTATION('',(#236),#239);
#236 = B_SPLINE_CURVE_WITH_KNOTS('',1,(#237,#238),.UNSPECIFIED.,.F.,.F.,
  (2,2),(0.,6.28318530718),.PIECEWISE_BEZIER_KNOTS.);
#237 = CARTESIAN_POINT('',(0.,0.));
#238 = CARTESIAN_POINT('',(6.28318530718,0.));
#239 = ( GEOMETRIC_REPRESENTATION_CONTEXT(2) 
PARAMETRIC_REPRESENTATION_CONTEXT() REPRESENTATION_CONTEXT('2D SPACE',''
  ) );
#240 = ADVANCED_FACE('',(#241),#230,.T.);
#241 = FACE_BOUND('',#242,.T.);
#242 = EDGE_LOOP('',(#243,#267,#268));
#243 = ORIENTED_EDGE('',*,*,#244,.F.);
#244 = EDGE_CURVE('',#191,#245,#247,.T.);
#245 = VERTEX_POINT('',#246);
#246 = CARTESIAN_POINT('',(1.530808498934E-16,-3.749399456655E-32,8.9));
#247 = SEAM_CURVE('',#248,(#253,#260),.PCURVE_S1.);
#248 = CIRCLE('',#249,2.5);
#249 = AXIS2_PLACEMENT_3D('',#250,#251,#252);
#250 = CARTESIAN_POINT('',(0.,0.,6.4));
#251 = DIRECTION('',(-2.449293598295E-16,-1.,0.));
#252 = DIRECTION('',(1.,-2.449293598295E-16,0.));
#253 = PCURVE('',#230,#254);
#254 = DEFINITIONAL_REPRESENTATION('',(#255),#259);
#255 = LINE('',#256,#257);
#256 = CARTESIAN_POINT('',(6.28318530718,-6.28318530718));
#257 = VECTOR('',#258,1.);
#258 = DIRECTION('',(0.,1.));
#259 = ( GEOMETRIC_REPRESENTATION_CONTEXT(2) 
PARAMETRIC_REPRESENTATION_CONTEXT() REPRESENTATION_CONTEXT('2D SPACE',''
  ) );
#260 = PCURVE('',#230,#261);
#261 = DEFINITIONAL_REPRESENTATION('',(#262),#266);
#262 = LINE('',#263,#264);
#263 = CARTESIAN_POINT('',(0.,-6.28318530718));
#264 = VECTOR('',#265,1.);
#265 = DIRECTION('',(0.,1.));
#266 = ( GEOMETRIC_REPRESENTATION_CONTEXT(2) 
PARAMETRIC_REPRESENTATION_CONTEXT() REPRESENTATION_CONTEXT('2D SPACE',''
  ) );
#267 = ORIENTED_EDGE('',*,*,#215,.T.);
#268 = ORIENTED_EDGE('',*,*,#244,.T.);
#269 = ( GEOMETRIC_REPRESENTATION_CONTEXT(3) 
GLOBAL_UNCERTAINTY_ASSIGNED_CONTEXT((#273)) GLOBAL_UNIT_ASSIGNED_CONTEXT
((#270,#271,#272)) REPRESENTATION_CONTEXT('Context #1',
  '3D Context with UNIT and UNCERTAINTY') );
#270 = ( LENGTH_UNIT() NAMED_UNIT(*) SI_UNIT(.MILLI.,.METRE.) );
#271 = ( NAMED_UNIT(*) PLANE_ANGLE_UNIT() SI_UNIT($,.RADIAN.) );
#272 = ( NAMED_UNIT(*) SI_UNIT($,.STERADIAN.) SOLID_ANGLE_UNIT() );
#273 = UNCERTAINTY_MEASURE_WITH_UNIT(LENGTH_MEASURE(1.E-07),#270,
  'distance_accuracy_value','confusion accuracy');
#274 = CONTEXT_DEPENDENT_SHAPE_REPRESENTATION(#275,#277);
#275 = ( REPRESENTATION_RELATIONSHIP('','',#52,#10) 
REPRESENTATION_RELATIONSHIP_WITH_TRANSFORMATION(#276) 
SHAPE_REPRESENTATION_RELATIONSHIP() );
#276 = ITEM_DEFINED_TRANSFORMATION('','',#11,#15);
#277 = PRODUCT_DEFINITION_SHAPE('Placement','Placement of an item',#278
  );
#278 = NEXT_ASSEMBLY_USAGE_OCCURRENCE('1','diffused_lens','',#5,#47,$);
#279 = PRODUCT_RELATED_PRODUCT_CATEGORY('part',$,(#49));
#280 = SHAPE_DEFINITION_REPRESENTATION(#281,#287);
#281 = PRODUCT_DEFINITION_SHAPE('','',#282);
#282 = PRODUCT_DEFINITION('design','',#283,#286);
#283 = PRODUCT_DEFINITION_FORMATION('','',#284);
#284 = PRODUCT('lead_1','lead_1','',(#285));
#285 = PRODUCT_CONTEXT('',#2,'mechanical');
#286 = PRODUCT_DEFINITION_CONTEXT('part definition',#2,'design');
#287 = ADVANCED_BREP_SHAPE_REPRESENTATION('',(#11,#288),#1032);
#288 = MANIFOLD_SOLID_BREP('',#289);
#289 = CLOSED_SHELL('',(#290,#507,#589,#883,#887,#893,#997,#1023,#1028)
  );
#290 = ADVANCED_FACE('',(#291),#306,.T.);
#291 = FACE_BOUND('',#292,.T.);
#292 = EDGE_LOOP('',(#293,#329,#364,#396,#419,#446,#447,#479));
#293 = ORIENTED_EDGE('',*,*,#294,.F.);
#294 = EDGE_CURVE('',#295,#297,#299,.T.);
#295 = VERTEX_POINT('',#296);
#296 = CARTESIAN_POINT('',(-2.494537095352,0.245831495747,1.05));
#297 = VERTEX_POINT('',#298);
#298 = CARTESIAN_POINT('',(-2.494537095352,-0.245831495747,1.05));
#299 = SURFACE_CURVE('',#300,(#305,#317),.PCURVE_S1.);
#300 = CIRCLE('',#301,0.25);
#301 = AXIS2_PLACEMENT_3D('',#302,#303,#304);
#302 = CARTESIAN_POINT('',(-2.54,0.,1.05));
#303 = DIRECTION('',(0.,0.,1.));
#304 = DIRECTION('',(1.,0.,-0.));
#305 = PCURVE('',#306,#311);
#306 = CYLINDRICAL_SURFACE('',#307,0.25);
#307 = AXIS2_PLACEMENT_3D('',#308,#309,#310);
#308 = CARTESIAN_POINT('',(-2.54,0.,0.));
#309 = DIRECTION('',(0.,0.,1.));
#310 = DIRECTION('',(1.,0.,-0.));
#311 = DEFINITIONAL_REPRESENTATION('',(#312),#316);
#312 = LINE('',#313,#314);
#313 = CARTESIAN_POINT('',(0.,1.05));
#314 = VECTOR('',#315,1.);
#315 = DIRECTION('',(1.,0.));
#316 = ( GEOMETRIC_REPRESENTATION_CONTEXT(2) 
PARAMETRIC_REPRESENTATION_CONTEXT() REPRESENTATION_CONTEXT('2D SPACE',''
  ) );
#317 = PCURVE('',#318,#323);
#318 = PLANE('',#319);
#319 = AXIS2_PLACEMENT_3D('',#320,#321,#322);
#320 = CARTESIAN_POINT('',(-2.54,0.,1.05));
#321 = DIRECTION('',(0.,0.,1.));
#322 = DIRECTION('',(1.,0.,-0.));
#323 = DEFINITIONAL_REPRESENTATION('',(#324),#328);
#324 = CIRCLE('',#325,0.25);
#325 = AXIS2_PLACEMENT_2D('',#326,#327);
#326 = CARTESIAN_POINT('',(0.,0.));
#327 = DIRECTION('',(1.,0.));
#328 = ( GEOMETRIC_REPRESENTATION_CONTEXT(2) 
PARAMETRIC_REPRESENTATION_CONTEXT() REPRESENTATION_CONTEXT('2D SPACE',''
  ) );
#329 = ORIENTED_EDGE('',*,*,#330,.T.);
#330 = EDGE_CURVE('',#295,#331,#333,.T.);
#331 = VERTEX_POINT('',#332);
#332 = CARTESIAN_POINT('',(-2.54,0.25,0.95));
#333 = SURFACE_CURVE('',#334,(#339,#349),.PCURVE_S1.);
#334 = ELLIPSE('',#335,0.604060236914,0.25);
#335 = AXIS2_PLACEMENT_3D('',#336,#337,#338);
#336 = CARTESIAN_POINT('',(-2.54,0.,0.95));
#337 = DIRECTION('',(-0.910337808639,0.,0.413866009915));
#338 = DIRECTION('',(0.413866009915,0.,0.910337808639));
#339 = PCURVE('',#306,#340);
#340 = DEFINITIONAL_REPRESENTATION('',(#341),#348);
#341 = B_SPLINE_CURVE_WITH_KNOTS('',5,(#342,#343,#344,#345,#346,#347),
  .UNSPECIFIED.,.F.,.F.,(6,6),(1.387926076545,1.570796326795),
  .PIECEWISE_BEZIER_KNOTS.);
#342 = CARTESIAN_POINT('',(1.387926076545,1.0500006));
#343 = CARTESIAN_POINT('',(1.424500126595,1.03022392349));
#344 = CARTESIAN_POINT('',(1.461074176645,1.010280038398));
#345 = CARTESIAN_POINT('',(1.497648226695,0.990224057811));
#346 = CARTESIAN_POINT('',(1.534222276745,0.97011202888));
#347 = CARTESIAN_POINT('',(1.570796326795,0.95));
#348 = ( GEOMETRIC_REPRESENTATION_CONTEXT(2) 
PARAMETRIC_REPRESENTATION_CONTEXT() REPRESENTATION_CONTEXT('2D SPACE',''
  ) );
#349 = PCURVE('',#350,#355);
#350 = CYLINDRICAL_SURFACE('',#351,0.25);
#351 = AXIS2_PLACEMENT_3D('',#352,#353,#354);
#352 = CARTESIAN_POINT('',(-2.54,0.,0.95));
#353 = DIRECTION('',(0.753515753072,0.,0.657429851674));
#354 = DIRECTION('',(-0.657429851674,0.,0.753515753072));
#355 = DEFINITIONAL_REPRESENTATION('',(#356),#363);
#356 = B_SPLINE_CURVE_WITH_KNOTS('',5,(#357,#358,#359,#360,#361,#362),
  .UNSPECIFIED.,.F.,.F.,(6,6),(1.387926076545,1.570796326795),
  .PIECEWISE_BEZIER_KNOTS.);
#357 = CARTESIAN_POINT('',(4.895259230635,0.1000006));
#358 = CARTESIAN_POINT('',(4.858685180585,8.022392348997E-02));
#359 = CARTESIAN_POINT('',(4.822111130535,6.028003839803E-02));
#360 = CARTESIAN_POINT('',(4.785537080485,4.02240578108E-02));
#361 = CARTESIAN_POINT('',(4.748963030435,2.011202888007E-02));
#362 = CARTESIAN_POINT('',(4.712388980385,0.));
#363 = ( GEOMETRIC_REPRESENTATION_CONTEXT(2) 
PARAMETRIC_REPRESENTATION_CONTEXT() REPRESENTATION_CONTEXT('2D SPACE',''
  ) );
#364 = ORIENTED_EDGE('',*,*,#365,.F.);
#365 = EDGE_CURVE('',#366,#331,#368,.T.);
#366 = VERTEX_POINT('',#367);
#367 = CARTESIAN_POINT('',(-2.29,-6.123233995737E-17,0.83634273838));
#368 = SURFACE_CURVE('',#369,(#374,#385),.PCURVE_S1.);
#369 = ELLIPSE('',#370,0.274623329524,0.25);
#370 = AXIS2_PLACEMENT_3D('',#371,#372,#373);
#371 = CARTESIAN_POINT('',(-2.54,0.,0.95));
#372 = DIRECTION('',(0.413866009915,0.,0.910337808639));
#373 = DIRECTION('',(-0.910337808639,0.,0.413866009915));
#374 = PCURVE('',#306,#375);
#375 = DEFINITIONAL_REPRESENTATION('',(#376),#384);
#376 = B_SPLINE_CURVE_WITH_KNOTS('',6,(#377,#378,#379,#380,#381,#382,
    #383),.UNSPECIFIED.,.F.,.F.,(7,7),(3.14159265359,4.712388980832),
  .PIECEWISE_BEZIER_KNOTS.);
#377 = CARTESIAN_POINT('',(-8.881784197001E-16,0.83634273838));
#378 = CARTESIAN_POINT('',(0.261799387874,0.83634273838));
#379 = CARTESIAN_POINT('',(0.523598775747,0.84568870476));
#380 = CARTESIAN_POINT('',(0.785398163621,0.864394530488));
#381 = CARTESIAN_POINT('',(1.047197551495,0.890491469853));
#382 = CARTESIAN_POINT('',(1.308996939368,0.920244598531));
#383 = CARTESIAN_POINT('',(1.570796327242,0.950000000051));
#384 = ( GEOMETRIC_REPRESENTATION_CONTEXT(2) 
PARAMETRIC_REPRESENTATION_CONTEXT() REPRESENTATION_CONTEXT('2D SPACE',''
  ) );
#385 = PCURVE('',#350,#386);
#386 = DEFINITIONAL_REPRESENTATION('',(#387),#395);
#387 = B_SPLINE_CURVE_WITH_KNOTS('',6,(#388,#389,#390,#391,#392,#393,
    #394),.UNSPECIFIED.,.F.,.F.,(7,7),(3.14159265359,4.712388980832),
  .PIECEWISE_BEZIER_KNOTS.);
#388 = CARTESIAN_POINT('',(3.14159265359,0.11365726162));
#389 = CARTESIAN_POINT('',(3.403392041463,0.11365726162));
#390 = CARTESIAN_POINT('',(3.665191429337,0.10431129524));
#391 = CARTESIAN_POINT('',(3.926990817211,8.560546951216E-02));
#392 = CARTESIAN_POINT('',(4.188790205084,5.950853014686E-02));
#393 = CARTESIAN_POINT('',(4.450589592958,2.975540146864E-02));
#394 = CARTESIAN_POINT('',(4.712388980832,-5.080447174066E-11));
#395 = ( GEOMETRIC_REPRESENTATION_CONTEXT(2) 
PARAMETRIC_REPRESENTATION_CONTEXT() REPRESENTATION_CONTEXT('2D SPACE',''
  ) );
#396 = ORIENTED_EDGE('',*,*,#397,.F.);
#397 = EDGE_CURVE('',#398,#366,#400,.T.);
#398 = VERTEX_POINT('',#399);
#399 = CARTESIAN_POINT('',(-2.29,-6.123233995737E-17,0.));
#400 = SEAM_CURVE('',#401,(#405,#412),.PCURVE_S1.);
#401 = LINE('',#402,#403);
#402 = CARTESIAN_POINT('',(-2.29,-6.123233995737E-17,0.));
#403 = VECTOR('',#404,1.);
#404 = DIRECTION('',(0.,0.,1.));
#405 = PCURVE('',#306,#406);
#406 = DEFINITIONAL_REPRESENTATION('',(#407),#411);
#407 = LINE('',#408,#409);
#408 = CARTESIAN_POINT('',(6.28318530718,-0.));
#409 = VECTOR('',#410,1.);
#410 = DIRECTION('',(0.,1.));
#411 = ( GEOMETRIC_REPRESENTATION_CONTEXT(2) 
PARAMETRIC_REPRESENTATION_CONTEXT() REPRESENTATION_CONTEXT('2D SPACE',''
  ) );
#412 = PCURVE('',#306,#413);
#413 = DEFINITIONAL_REPRESENTATION('',(#414),#418);
#414 = LINE('',#415,#416);
#415 = CARTESIAN_POINT('',(0.,-0.));
#416 = VECTOR('',#417,1.);
#417 = DIRECTION('',(0.,1.));
#418 = ( GEOMETRIC_REPRESENTATION_CONTEXT(2) 
PARAMETRIC_REPRESENTATION_CONTEXT() REPRESENTATION_CONTEXT('2D SPACE',''
  ) );
#419 = ORIENTED_EDGE('',*,*,#420,.T.);
#420 = EDGE_CURVE('',#398,#398,#421,.T.);
#421 = SURFACE_CURVE('',#422,(#427,#434),.PCURVE_S1.);
#422 = CIRCLE('',#423,0.25);
#423 = AXIS2_PLACEMENT_3D('',#424,#425,#426);
#424 = CARTESIAN_POINT('',(-2.54,0.,0.));
#425 = DIRECTION('',(0.,0.,1.));
#426 = DIRECTION('',(1.,0.,-0.));
#427 = PCURVE('',#306,#428);
#428 = DEFINITIONAL_REPRESENTATION('',(#429),#433);
#429 = LINE('',#430,#431);
#430 = CARTESIAN_POINT('',(0.,0.));
#431 = VECTOR('',#432,1.);
#432 = DIRECTION('',(1.,0.));
#433 = ( GEOMETRIC_REPRESENTATION_CONTEXT(2) 
PARAMETRIC_REPRESENTATION_CONTEXT() REPRESENTATION_CONTEXT('2D SPACE',''
  ) );
#434 = PCURVE('',#435,#440);
#435 = PLANE('',#436);
#436 = AXIS2_PLACEMENT_3D('',#437,#438,#439);
#437 = CARTESIAN_POINT('',(-2.54,0.,0.));
#438 = DIRECTION('',(0.,0.,1.));
#439 = DIRECTION('',(1.,0.,-0.));
#440 = DEFINITIONAL_REPRESENTATION('',(#441),#445);
#441 = CIRCLE('',#442,0.25);
#442 = AXIS2_PLACEMENT_2D('',#443,#444);
#443 = CARTESIAN_POINT('',(0.,0.));
#444 = DIRECTION('',(1.,0.));
#445 = ( GEOMETRIC_REPRESENTATION_CONTEXT(2) 
PARAMETRIC_REPRESENTATION_CONTEXT() REPRESENTATION_CONTEXT('2D SPACE',''
  ) );
#446 = ORIENTED_EDGE('',*,*,#397,.T.);
#447 = ORIENTED_EDGE('',*,*,#448,.F.);
#448 = EDGE_CURVE('',#449,#366,#451,.T.);
#449 = VERTEX_POINT('',#450);
#450 = CARTESIAN_POINT('',(-2.54,-0.25,0.95));
#451 = SURFACE_CURVE('',#452,(#457,#468),.PCURVE_S1.);
#452 = ELLIPSE('',#453,0.274623329524,0.25);
#453 = AXIS2_PLACEMENT_3D('',#454,#455,#456);
#454 = CARTESIAN_POINT('',(-2.54,0.,0.95));
#455 = DIRECTION('',(0.413866009915,0.,0.910337808639));
#456 = DIRECTION('',(-0.910337808639,0.,0.413866009915));
#457 = PCURVE('',#306,#458);
#458 = DEFINITIONAL_REPRESENTATION('',(#459),#467);
#459 = B_SPLINE_CURVE_WITH_KNOTS('',6,(#460,#461,#462,#463,#464,#465,
    #466),.UNSPECIFIED.,.F.,.F.,(7,7),(1.570796326795,3.14159265359),
  .PIECEWISE_BEZIER_KNOTS.);
#460 = CARTESIAN_POINT('',(4.712388980385,0.95));
#461 = CARTESIAN_POINT('',(4.974188368184,0.920244598489));
#462 = CARTESIAN_POINT('',(5.235987755983,0.890491469823));
#463 = CARTESIAN_POINT('',(5.497787143782,0.864394530472));
#464 = CARTESIAN_POINT('',(5.759586531581,0.845688704755));
#465 = CARTESIAN_POINT('',(6.02138591938,0.83634273838));
#466 = CARTESIAN_POINT('',(6.28318530718,0.83634273838));
#467 = ( GEOMETRIC_REPRESENTATION_CONTEXT(2) 
PARAMETRIC_REPRESENTATION_CONTEXT() REPRESENTATION_CONTEXT('2D SPACE',''
  ) );
#468 = PCURVE('',#350,#469);
#469 = DEFINITIONAL_REPRESENTATION('',(#470),#478);
#470 = B_SPLINE_CURVE_WITH_KNOTS('',6,(#471,#472,#473,#474,#475,#476,
    #477),.UNSPECIFIED.,.F.,.F.,(7,7),(1.570796326795,3.14159265359),
  .PIECEWISE_BEZIER_KNOTS.);
#471 = CARTESIAN_POINT('',(1.570796326795,0.));
#472 = CARTESIAN_POINT('',(1.832595714594,2.975540151098E-02));
#473 = CARTESIAN_POINT('',(2.094395102393,5.950853017655E-02));
#474 = CARTESIAN_POINT('',(2.356194490192,8.560546952814E-02));
#475 = CARTESIAN_POINT('',(2.617993877992,0.104311295245));
#476 = CARTESIAN_POINT('',(2.879793265791,0.11365726162));
#477 = CARTESIAN_POINT('',(3.14159265359,0.11365726162));
#478 = ( GEOMETRIC_REPRESENTATION_CONTEXT(2) 
PARAMETRIC_REPRESENTATION_CONTEXT() REPRESENTATION_CONTEXT('2D SPACE',''
  ) );
#479 = ORIENTED_EDGE('',*,*,#480,.T.);
#480 = EDGE_CURVE('',#449,#297,#481,.T.);
#481 = SURFACE_CURVE('',#482,(#487,#497),.PCURVE_S1.);
#482 = ELLIPSE('',#483,0.604060236914,0.25);
#483 = AXIS2_PLACEMENT_3D('',#484,#485,#486);
#484 = CARTESIAN_POINT('',(-2.54,0.,0.95));
#485 = DIRECTION('',(-0.910337808639,0.,0.413866009915));
#486 = DIRECTION('',(0.413866009915,0.,0.910337808639));
#487 = PCURVE('',#306,#488);
#488 = DEFINITIONAL_REPRESENTATION('',(#489),#496);
#489 = B_SPLINE_CURVE_WITH_KNOTS('',5,(#490,#491,#492,#493,#494,#495),
  .UNSPECIFIED.,.F.,.F.,(6,6),(4.712388980292,4.895259230635),
  .PIECEWISE_BEZIER_KNOTS.);
#490 = CARTESIAN_POINT('',(4.712388980292,0.949999999949));
#491 = CARTESIAN_POINT('',(4.748963030361,0.970112028839));
#492 = CARTESIAN_POINT('',(4.785537080429,0.99022405778));
#493 = CARTESIAN_POINT('',(4.822111130498,1.010280038378));
#494 = CARTESIAN_POINT('',(4.858685180566,1.03022392348));
#495 = CARTESIAN_POINT('',(4.895259230635,1.0500006));
#496 = ( GEOMETRIC_REPRESENTATION_CONTEXT(2) 
PARAMETRIC_REPRESENTATION_CONTEXT() REPRESENTATION_CONTEXT('2D SPACE',''
  ) );
#497 = PCURVE('',#350,#498);
#498 = DEFINITIONAL_REPRESENTATION('',(#499),#506);
#499 = B_SPLINE_CURVE_WITH_KNOTS('',5,(#500,#501,#502,#503,#504,#505),
  .UNSPECIFIED.,.F.,.F.,(6,6),(4.712388980292,4.895259230635),
  .PIECEWISE_BEZIER_KNOTS.);
#500 = CARTESIAN_POINT('',(1.570796326887,-5.080447174066E-11));
#501 = CARTESIAN_POINT('',(1.534222276819,2.011202883942E-02));
#502 = CARTESIAN_POINT('',(1.49764822675,4.022405778041E-02));
#503 = CARTESIAN_POINT('',(1.461074176682,6.028003837788E-02));
#504 = CARTESIAN_POINT('',(1.424500126613,8.022392347998E-02));
#505 = CARTESIAN_POINT('',(1.387926076545,0.1000006));
#506 = ( GEOMETRIC_REPRESENTATION_CONTEXT(2) 
PARAMETRIC_REPRESENTATION_CONTEXT() REPRESENTATION_CONTEXT('2D SPACE',''
  ) );
#507 = ADVANCED_FACE('',(#508),#318,.T.);
#508 = FACE_BOUND('',#509,.T.);
#509 = EDGE_LOOP('',(#510,#537,#538,#565));
#510 = ORIENTED_EDGE('',*,*,#511,.F.);
#511 = EDGE_CURVE('',#295,#512,#514,.T.);
#512 = VERTEX_POINT('',#513);
#513 = CARTESIAN_POINT('',(-2.627248322148,0.211867246837,1.05));
#514 = SURFACE_CURVE('',#515,(#520,#527),.PCURVE_S1.);
#515 = ELLIPSE('',#516,0.380268707549,0.25);
#516 = AXIS2_PLACEMENT_3D('',#517,#518,#519);
#517 = CARTESIAN_POINT('',(-2.425384615385,0.,1.05));
#518 = DIRECTION('',(0.,0.,1.));
#519 = DIRECTION('',(1.,0.,-0.));
#520 = PCURVE('',#318,#521);
#521 = DEFINITIONAL_REPRESENTATION('',(#522),#526);
#522 = ELLIPSE('',#523,0.380268707549,0.25);
#523 = AXIS2_PLACEMENT_2D('',#524,#525);
#524 = CARTESIAN_POINT('',(0.114615384615,0.));
#525 = DIRECTION('',(1.,0.));
#526 = ( GEOMETRIC_REPRESENTATION_CONTEXT(2) 
PARAMETRIC_REPRESENTATION_CONTEXT() REPRESENTATION_CONTEXT('2D SPACE',''
  ) );
#527 = PCURVE('',#350,#528);
#528 = DEFINITIONAL_REPRESENTATION('',(#529),#536);
#529 = B_SPLINE_CURVE_WITH_KNOTS('',5,(#530,#531,#532,#533,#534,#535),
  .UNSPECIFIED.,.F.,.F.,(6,6),(1.061561250944,2.130396029145),
  .PIECEWISE_BEZIER_KNOTS.);
#530 = CARTESIAN_POINT('',(4.203153904534,0.291797711089));
#531 = CARTESIAN_POINT('',(4.416920860174,0.238317110598));
#532 = CARTESIAN_POINT('',(4.630687815814,0.176857798177));
#533 = CARTESIAN_POINT('',(4.844454771454,0.112505731443));
#534 = CARTESIAN_POINT('',(5.058221727095,5.190887532896E-02));
#535 = CARTESIAN_POINT('',(5.271988682735,-6.000000001283E-07));
#536 = ( GEOMETRIC_REPRESENTATION_CONTEXT(2) 
PARAMETRIC_REPRESENTATION_CONTEXT() REPRESENTATION_CONTEXT('2D SPACE',''
  ) );
#537 = ORIENTED_EDGE('',*,*,#294,.T.);
#538 = ORIENTED_EDGE('',*,*,#539,.F.);
#539 = EDGE_CURVE('',#540,#297,#542,.T.);
#540 = VERTEX_POINT('',#541);
#541 = CARTESIAN_POINT('',(-2.627248322148,-0.211867246837,1.05));
#542 = SURFACE_CURVE('',#543,(#548,#555),.PCURVE_S1.);
#543 = ELLIPSE('',#544,0.380268707549,0.25);
#544 = AXIS2_PLACEMENT_3D('',#545,#546,#547);
#545 = CARTESIAN_POINT('',(-2.425384615385,0.,1.05));
#546 = DIRECTION('',(0.,0.,1.));
#547 = DIRECTION('',(1.,0.,-0.));
#548 = PCURVE('',#318,#549);
#549 = DEFINITIONAL_REPRESENTATION('',(#550),#554);
#550 = ELLIPSE('',#551,0.380268707549,0.25);
#551 = AXIS2_PLACEMENT_2D('',#552,#553);
#552 = CARTESIAN_POINT('',(0.114615384615,0.));
#553 = DIRECTION('',(1.,0.));
#554 = ( GEOMETRIC_REPRESENTATION_CONTEXT(2) 
PARAMETRIC_REPRESENTATION_CONTEXT() REPRESENTATION_CONTEXT('2D SPACE',''
  ) );
#555 = PCURVE('',#350,#556);
#556 = DEFINITIONAL_REPRESENTATION('',(#557),#564);
#557 = B_SPLINE_CURVE_WITH_KNOTS('',5,(#558,#559,#560,#561,#562,#563),
  .UNSPECIFIED.,.F.,.F.,(6,6),(4.152789278035,5.221624056236),
  .PIECEWISE_BEZIER_KNOTS.);
#558 = CARTESIAN_POINT('',(1.011196624445,-6.000000001283E-07));
#559 = CARTESIAN_POINT('',(1.224963580085,5.190887532896E-02));
#560 = CARTESIAN_POINT('',(1.438730535725,0.112505731443));
#561 = CARTESIAN_POINT('',(1.652497491365,0.176857798177));
#562 = CARTESIAN_POINT('',(1.866264447006,0.238317110598));
#563 = CARTESIAN_POINT('',(2.080031402646,0.291797711089));
#564 = ( GEOMETRIC_REPRESENTATION_CONTEXT(2) 
PARAMETRIC_REPRESENTATION_CONTEXT() REPRESENTATION_CONTEXT('2D SPACE',''
  ) );
#565 = ORIENTED_EDGE('',*,*,#566,.T.);
#566 = EDGE_CURVE('',#540,#512,#567,.T.);
#567 = SURFACE_CURVE('',#568,(#572,#578),.PCURVE_S1.);
#568 = LINE('',#569,#570);
#569 = CARTESIAN_POINT('',(-2.627248322148,0.,1.05));
#570 = VECTOR('',#571,1.);
#571 = DIRECTION('',(0.,1.,0.));
#572 = PCURVE('',#318,#573);
#573 = DEFINITIONAL_REPRESENTATION('',(#574),#577);
#574 = B_SPLINE_CURVE_WITH_KNOTS('',1,(#575,#576),.UNSPECIFIED.,.F.,.F.,
  (2,2),(-0.25,0.25),.PIECEWISE_BEZIER_KNOTS.);
#575 = CARTESIAN_POINT('',(-8.724832214765E-02,-0.25));
#576 = CARTESIAN_POINT('',(-8.724832214765E-02,0.25));
#577 = ( GEOMETRIC_REPRESENTATION_CONTEXT(2) 
PARAMETRIC_REPRESENTATION_CONTEXT() REPRESENTATION_CONTEXT('2D SPACE',''
  ) );
#578 = PCURVE('',#579,#584);
#579 = PLANE('',#580);
#580 = AXIS2_PLACEMENT_3D('',#581,#582,#583);
#581 = CARTESIAN_POINT('',(-2.54,0.,0.95));
#582 = DIRECTION('',(0.753515753072,0.,0.657429851674));
#583 = DIRECTION('',(-0.657429851674,0.,0.753515753072));
#584 = DEFINITIONAL_REPRESENTATION('',(#585),#588);
#585 = B_SPLINE_CURVE_WITH_KNOTS('',1,(#586,#587),.UNSPECIFIED.,.F.,.F.,
  (2,2),(-0.25,0.25),.PIECEWISE_BEZIER_KNOTS.);
#586 = CARTESIAN_POINT('',(0.132711226796,0.25));
#587 = CARTESIAN_POINT('',(0.132711226796,-0.25));
#588 = ( GEOMETRIC_REPRESENTATION_CONTEXT(2) 
PARAMETRIC_REPRESENTATION_CONTEXT() REPRESENTATION_CONTEXT('2D SPACE',''
  ) );
#589 = ADVANCED_FACE('',(#590),#350,.T.);
#590 = FACE_BOUND('',#591,.T.);
#591 = EDGE_LOOP('',(#592,#616,#639,#676,#706,#738,#767,#794,#824,#854,
    #855,#877,#878,#879,#880,#881,#882));
#592 = ORIENTED_EDGE('',*,*,#593,.T.);
#593 = EDGE_CURVE('',#512,#594,#596,.T.);
#594 = VERTEX_POINT('',#595);
#595 = CARTESIAN_POINT('',(-2.704357462918,6.123233995737E-17,
    1.138378938268));
#596 = SURFACE_CURVE('',#597,(#602,#609),.PCURVE_S1.);
#597 = CIRCLE('',#598,0.25);
#598 = AXIS2_PLACEMENT_3D('',#599,#600,#601);
#599 = CARTESIAN_POINT('',(-2.54,0.,0.95));
#600 = DIRECTION('',(0.753515753072,0.,0.657429851674));
#601 = DIRECTION('',(-0.657429851674,0.,0.753515753072));
#602 = PCURVE('',#350,#603);
#603 = DEFINITIONAL_REPRESENTATION('',(#604),#608);
#604 = LINE('',#605,#606);
#605 = CARTESIAN_POINT('',(0.,0.));
#606 = VECTOR('',#607,1.);
#607 = DIRECTION('',(1.,0.));
#608 = ( GEOMETRIC_REPRESENTATION_CONTEXT(2) 
PARAMETRIC_REPRESENTATION_CONTEXT() REPRESENTATION_CONTEXT('2D SPACE',''
  ) );
#609 = PCURVE('',#579,#610);
#610 = DEFINITIONAL_REPRESENTATION('',(#611),#615);
#611 = CIRCLE('',#612,0.25);
#612 = AXIS2_PLACEMENT_2D('',#613,#614);
#613 = CARTESIAN_POINT('',(0.,0.));
#614 = DIRECTION('',(1.,0.));
#615 = ( GEOMETRIC_REPRESENTATION_CONTEXT(2) 
PARAMETRIC_REPRESENTATION_CONTEXT() REPRESENTATION_CONTEXT('2D SPACE',''
  ) );
#616 = ORIENTED_EDGE('',*,*,#617,.T.);
#617 = EDGE_CURVE('',#594,#618,#620,.T.);
#618 = VERTEX_POINT('',#619);
#619 = CARTESIAN_POINT('',(-1.3,6.123233995737E-17,2.36365726162));
#620 = SEAM_CURVE('',#621,(#625,#632),.PCURVE_S1.);
#621 = LINE('',#622,#623);
#622 = CARTESIAN_POINT('',(-2.704357462918,6.123233995737E-17,
    1.138378938268));
#623 = VECTOR('',#624,1.);
#624 = DIRECTION('',(0.753515753072,6.106982685968E-33,0.657429851674));
#625 = PCURVE('',#350,#626);
#626 = DEFINITIONAL_REPRESENTATION('',(#627),#631);
#627 = LINE('',#628,#629);
#628 = CARTESIAN_POINT('',(0.,-0.));
#629 = VECTOR('',#630,1.);
#630 = DIRECTION('',(0.,1.));
#631 = ( GEOMETRIC_REPRESENTATION_CONTEXT(2) 
PARAMETRIC_REPRESENTATION_CONTEXT() REPRESENTATION_CONTEXT('2D SPACE',''
  ) );
#632 = PCURVE('',#350,#633);
#633 = DEFINITIONAL_REPRESENTATION('',(#634),#638);
#634 = LINE('',#635,#636);
#635 = CARTESIAN_POINT('',(6.28318530718,-0.));
#636 = VECTOR('',#637,1.);
#637 = DIRECTION('',(0.,1.));
#638 = ( GEOMETRIC_REPRESENTATION_CONTEXT(2) 
PARAMETRIC_REPRESENTATION_CONTEXT() REPRESENTATION_CONTEXT('2D SPACE',''
  ) );
#639 = ORIENTED_EDGE('',*,*,#640,.F.);
#640 = EDGE_CURVE('',#641,#618,#643,.T.);
#641 = VERTEX_POINT('',#642);
#642 = CARTESIAN_POINT('',(-1.05,0.25,2.25));
#643 = SURFACE_CURVE('',#644,(#649,#660),.PCURVE_S1.);
#644 = ELLIPSE('',#645,0.274623329524,0.25);
#645 = AXIS2_PLACEMENT_3D('',#646,#647,#648);
#646 = CARTESIAN_POINT('',(-1.05,0.,2.25));
#647 = DIRECTION('',(0.413866009915,0.,0.910337808639));
#648 = DIRECTION('',(0.910337808639,0.,-0.413866009915));
#649 = PCURVE('',#350,#650);
#650 = DEFINITIONAL_REPRESENTATION('',(#651),#659);
#651 = B_SPLINE_CURVE_WITH_KNOTS('',6,(#652,#653,#654,#655,#656,#657,
    #658),.UNSPECIFIED.,.F.,.F.,(7,7),(1.570796327976,3.14159265359),
  .PIECEWISE_BEZIER_KNOTS.);
#652 = CARTESIAN_POINT('',(4.712388981565,1.97739727912));
#653 = CARTESIAN_POINT('',(4.974188369168,1.947641877631));
#654 = CARTESIAN_POINT('',(5.23598775677,1.917888748999));
#655 = CARTESIAN_POINT('',(5.497787144372,1.891791809683));
#656 = CARTESIAN_POINT('',(5.759586531975,1.873085983994));
#657 = CARTESIAN_POINT('',(6.021385919577,1.863740017634));
#658 = CARTESIAN_POINT('',(6.28318530718,1.863740017634));
#659 = ( GEOMETRIC_REPRESENTATION_CONTEXT(2) 
PARAMETRIC_REPRESENTATION_CONTEXT() REPRESENTATION_CONTEXT('2D SPACE',''
  ) );
#660 = PCURVE('',#661,#666);
#661 = CYLINDRICAL_SURFACE('',#662,0.25);
#662 = AXIS2_PLACEMENT_3D('',#663,#664,#665);
#663 = CARTESIAN_POINT('',(-1.05,0.,2.15));
#664 = DIRECTION('',(0.,0.,1.));
#665 = DIRECTION('',(1.,0.,-0.));
#666 = DEFINITIONAL_REPRESENTATION('',(#667),#675);
#667 = B_SPLINE_CURVE_WITH_KNOTS('',6,(#668,#669,#670,#671,#672,#673,
    #674),.UNSPECIFIED.,.F.,.F.,(7,7),(1.570796327976,3.14159265359),
  .PIECEWISE_BEZIER_KNOTS.);
#668 = CARTESIAN_POINT('',(1.570796327976,0.100000000134));
#669 = CARTESIAN_POINT('',(1.832595715578,0.129755401623));
#670 = CARTESIAN_POINT('',(2.09439510318,0.159508530255));
#671 = CARTESIAN_POINT('',(2.356194490783,0.18560546957));
#672 = CARTESIAN_POINT('',(2.617993878385,0.204311295259));
#673 = CARTESIAN_POINT('',(2.879793265987,0.21365726162));
#674 = CARTESIAN_POINT('',(3.14159265359,0.21365726162));
#675 = ( GEOMETRIC_REPRESENTATION_CONTEXT(2) 
PARAMETRIC_REPRESENTATION_CONTEXT() REPRESENTATION_CONTEXT('2D SPACE',''
  ) );
#676 = ORIENTED_EDGE('',*,*,#677,.F.);
#677 = EDGE_CURVE('',#678,#641,#680,.T.);
#678 = VERTEX_POINT('',#679);
#679 = CARTESIAN_POINT('',(-1.095462904648,0.245831495747,2.15));
#680 = SURFACE_CURVE('',#681,(#686,#696),.PCURVE_S1.);
#681 = ELLIPSE('',#682,0.604060236914,0.25);
#682 = AXIS2_PLACEMENT_3D('',#683,#684,#685);
#683 = CARTESIAN_POINT('',(-1.05,0.,2.25));
#684 = DIRECTION('',(0.910337808639,0.,-0.413866009915));
#685 = DIRECTION('',(0.413866009915,0.,0.910337808639));
#686 = PCURVE('',#350,#687);
#687 = DEFINITIONAL_REPRESENTATION('',(#688),#695);
#688 = B_SPLINE_CURVE_WITH_KNOTS('',5,(#689,#690,#691,#692,#693,#694),
  .UNSPECIFIED.,.F.,.F.,(6,6),(4.529518730135,4.712388980385),
  .PIECEWISE_BEZIER_KNOTS.);
#689 = CARTESIAN_POINT('',(4.529518730135,1.877396679254));
#690 = CARTESIAN_POINT('',(4.566092780185,1.897173355764));
#691 = CARTESIAN_POINT('',(4.602666830235,1.917117240856));
#692 = CARTESIAN_POINT('',(4.639240880285,1.937173221443));
#693 = CARTESIAN_POINT('',(4.675814930335,1.957285250374));
#694 = CARTESIAN_POINT('',(4.712388980385,1.977397279254));
#695 = ( GEOMETRIC_REPRESENTATION_CONTEXT(2) 
PARAMETRIC_REPRESENTATION_CONTEXT() REPRESENTATION_CONTEXT('2D SPACE',''
  ) );
#696 = PCURVE('',#661,#697);
#697 = DEFINITIONAL_REPRESENTATION('',(#698),#705);
#698 = B_SPLINE_CURVE_WITH_KNOTS('',5,(#699,#700,#701,#702,#703,#704),
  .UNSPECIFIED.,.F.,.F.,(6,6),(4.529518730135,4.712388980385),
  .PIECEWISE_BEZIER_KNOTS.);
#699 = CARTESIAN_POINT('',(1.753666577045,-6.000000016826E-07));
#700 = CARTESIAN_POINT('',(1.717092526995,1.977607651003E-02));
#701 = CARTESIAN_POINT('',(1.680518476945,3.971996160197E-02));
#702 = CARTESIAN_POINT('',(1.643944426895,5.977594218919E-02));
#703 = CARTESIAN_POINT('',(1.607370376845,7.988797111993E-02));
#704 = CARTESIAN_POINT('',(1.570796326795,0.1));
#705 = ( GEOMETRIC_REPRESENTATION_CONTEXT(2) 
PARAMETRIC_REPRESENTATION_CONTEXT() REPRESENTATION_CONTEXT('2D SPACE',''
  ) );
#706 = ORIENTED_EDGE('',*,*,#707,.F.);
#707 = EDGE_CURVE('',#708,#678,#710,.T.);
#708 = VERTEX_POINT('',#709);
#709 = CARTESIAN_POINT('',(-0.962751677852,0.211867246837,2.15));
#710 = SURFACE_CURVE('',#711,(#716,#726),.PCURVE_S1.);
#711 = ELLIPSE('',#712,0.380268707549,0.25);
#712 = AXIS2_PLACEMENT_3D('',#713,#714,#715);
#713 = CARTESIAN_POINT('',(-1.164615384615,0.,2.15));
#714 = DIRECTION('',(0.,0.,1.));
#715 = DIRECTION('',(1.,0.,-0.));
#716 = PCURVE('',#350,#717);
#717 = DEFINITIONAL_REPRESENTATION('',(#718),#725);
#718 = B_SPLINE_CURVE_WITH_KNOTS('',5,(#719,#720,#721,#722,#723,#724),
  .UNSPECIFIED.,.F.,.F.,(6,6),(1.011196624445,2.080031402646),
  .PIECEWISE_BEZIER_KNOTS.);
#719 = CARTESIAN_POINT('',(4.152789278035,1.977397879254));
#720 = CARTESIAN_POINT('',(4.366556233675,1.925488403925));
#721 = CARTESIAN_POINT('',(4.580323189315,1.864891547811));
#722 = CARTESIAN_POINT('',(4.794090144955,1.800539481076));
#723 = CARTESIAN_POINT('',(5.007857100595,1.739080168656));
#724 = CARTESIAN_POINT('',(5.221624056236,1.685599568165));
#725 = ( GEOMETRIC_REPRESENTATION_CONTEXT(2) 
PARAMETRIC_REPRESENTATION_CONTEXT() REPRESENTATION_CONTEXT('2D SPACE',''
  ) );
#726 = PCURVE('',#727,#732);
#727 = PLANE('',#728);
#728 = AXIS2_PLACEMENT_3D('',#729,#730,#731);
#729 = CARTESIAN_POINT('',(-1.05,0.,2.15));
#730 = DIRECTION('',(0.,0.,1.));
#731 = DIRECTION('',(1.,0.,-0.));
#732 = DEFINITIONAL_REPRESENTATION('',(#733),#737);
#733 = ELLIPSE('',#734,0.380268707549,0.25);
#734 = AXIS2_PLACEMENT_2D('',#735,#736);
#735 = CARTESIAN_POINT('',(-0.114615384615,0.));
#736 = DIRECTION('',(1.,0.));
#737 = ( GEOMETRIC_REPRESENTATION_CONTEXT(2) 
PARAMETRIC_REPRESENTATION_CONTEXT() REPRESENTATION_CONTEXT('2D SPACE',''
  ) );
#738 = ORIENTED_EDGE('',*,*,#739,.F.);
#739 = EDGE_CURVE('',#740,#708,#742,.T.);
#740 = VERTEX_POINT('',#741);
#741 = CARTESIAN_POINT('',(-0.962751677852,-0.211867246837,2.15));
#742 = SURFACE_CURVE('',#743,(#748,#755),.PCURVE_S1.);
#743 = CIRCLE('',#744,0.25);
#744 = AXIS2_PLACEMENT_3D('',#745,#746,#747);
#745 = CARTESIAN_POINT('',(-1.05,0.,2.25));
#746 = DIRECTION('',(0.753515753072,0.,0.657429851674));
#747 = DIRECTION('',(-0.657429851674,0.,0.753515753072));
#748 = PCURVE('',#350,#749);
#749 = DEFINITIONAL_REPRESENTATION('',(#750),#754);
#750 = LINE('',#751,#752);
#751 = CARTESIAN_POINT('',(0.,1.977397279254));
#752 = VECTOR('',#753,1.);
#753 = DIRECTION('',(1.,0.));
#754 = ( GEOMETRIC_REPRESENTATION_CONTEXT(2) 
PARAMETRIC_REPRESENTATION_CONTEXT() REPRESENTATION_CONTEXT('2D SPACE',''
  ) );
#755 = PCURVE('',#756,#761);
#756 = PLANE('',#757);
#757 = AXIS2_PLACEMENT_3D('',#758,#759,#760);
#758 = CARTESIAN_POINT('',(-1.05,0.,2.25));
#759 = DIRECTION('',(0.753515753072,0.,0.657429851674));
#760 = DIRECTION('',(-0.657429851674,0.,0.753515753072));
#761 = DEFINITIONAL_REPRESENTATION('',(#762),#766);
#762 = CIRCLE('',#763,0.25);
#763 = AXIS2_PLACEMENT_2D('',#764,#765);
#764 = CARTESIAN_POINT('',(0.,0.));
#765 = DIRECTION('',(1.,0.));
#766 = ( GEOMETRIC_REPRESENTATION_CONTEXT(2) 
PARAMETRIC_REPRESENTATION_CONTEXT() REPRESENTATION_CONTEXT('2D SPACE',''
  ) );
#767 = ORIENTED_EDGE('',*,*,#768,.F.);
#768 = EDGE_CURVE('',#769,#740,#771,.T.);
#769 = VERTEX_POINT('',#770);
#770 = CARTESIAN_POINT('',(-1.095462904648,-0.245831495747,2.15));
#771 = SURFACE_CURVE('',#772,(#777,#787),.PCURVE_S1.);
#772 = ELLIPSE('',#773,0.380268707549,0.25);
#773 = AXIS2_PLACEMENT_3D('',#774,#775,#776);
#774 = CARTESIAN_POINT('',(-1.164615384615,0.,2.15));
#775 = DIRECTION('',(0.,0.,1.));
#776 = DIRECTION('',(1.,0.,-0.));
#777 = PCURVE('',#350,#778);
#778 = DEFINITIONAL_REPRESENTATION('',(#779),#786);
#779 = B_SPLINE_CURVE_WITH_KNOTS('',5,(#780,#781,#782,#783,#784,#785),
  .UNSPECIFIED.,.F.,.F.,(6,6),(4.203153904534,5.271988682735),
  .PIECEWISE_BEZIER_KNOTS.);
#780 = CARTESIAN_POINT('',(1.061561250944,1.685599568165));
#781 = CARTESIAN_POINT('',(1.275328206584,1.739080168656));
#782 = CARTESIAN_POINT('',(1.489095162224,1.800539481076));
#783 = CARTESIAN_POINT('',(1.702862117865,1.864891547811));
#784 = CARTESIAN_POINT('',(1.916629073505,1.925488403925));
#785 = CARTESIAN_POINT('',(2.130396029145,1.977397879254));
#786 = ( GEOMETRIC_REPRESENTATION_CONTEXT(2) 
PARAMETRIC_REPRESENTATION_CONTEXT() REPRESENTATION_CONTEXT('2D SPACE',''
  ) );
#787 = PCURVE('',#727,#788);
#788 = DEFINITIONAL_REPRESENTATION('',(#789),#793);
#789 = ELLIPSE('',#790,0.380268707549,0.25);
#790 = AXIS2_PLACEMENT_2D('',#791,#792);
#791 = CARTESIAN_POINT('',(-0.114615384615,0.));
#792 = DIRECTION('',(1.,0.));
#793 = ( GEOMETRIC_REPRESENTATION_CONTEXT(2) 
PARAMETRIC_REPRESENTATION_CONTEXT() REPRESENTATION_CONTEXT('2D SPACE',''
  ) );
#794 = ORIENTED_EDGE('',*,*,#795,.F.);
#795 = EDGE_CURVE('',#796,#769,#798,.T.);
#796 = VERTEX_POINT('',#797);
#797 = CARTESIAN_POINT('',(-1.05,-0.25,2.25));
#798 = SURFACE_CURVE('',#799,(#804,#814),.PCURVE_S1.);
#799 = ELLIPSE('',#800,0.604060236914,0.25);
#800 = AXIS2_PLACEMENT_3D('',#801,#802,#803);
#801 = CARTESIAN_POINT('',(-1.05,0.,2.25));
#802 = DIRECTION('',(0.910337808639,0.,-0.413866009915));
#803 = DIRECTION('',(0.413866009915,0.,0.910337808639));
#804 = PCURVE('',#350,#805);
#805 = DEFINITIONAL_REPRESENTATION('',(#806),#813);
#806 = B_SPLINE_CURVE_WITH_KNOTS('',5,(#807,#808,#809,#810,#811,#812),
  .UNSPECIFIED.,.F.,.F.,(6,6),(1.570796327039,1.753666577045),
  .PIECEWISE_BEZIER_KNOTS.);
#807 = CARTESIAN_POINT('',(1.570796327039,1.97739727912));
#808 = CARTESIAN_POINT('',(1.60737037704,1.957285250266));
#809 = CARTESIAN_POINT('',(1.643944427041,1.937173221363));
#810 = CARTESIAN_POINT('',(1.680518477043,1.917117240802));
#811 = CARTESIAN_POINT('',(1.717092527044,1.897173355737));
#812 = CARTESIAN_POINT('',(1.753666577045,1.877396679254));
#813 = ( GEOMETRIC_REPRESENTATION_CONTEXT(2) 
PARAMETRIC_REPRESENTATION_CONTEXT() REPRESENTATION_CONTEXT('2D SPACE',''
  ) );
#814 = PCURVE('',#661,#815);
#815 = DEFINITIONAL_REPRESENTATION('',(#816),#823);
#816 = B_SPLINE_CURVE_WITH_KNOTS('',5,(#817,#818,#819,#820,#821,#822),
  .UNSPECIFIED.,.F.,.F.,(6,6),(1.570796327039,1.753666577045),
  .PIECEWISE_BEZIER_KNOTS.);
#817 = CARTESIAN_POINT('',(4.712388980141,9.999999986579E-02));
#818 = CARTESIAN_POINT('',(4.675814930139,7.988797101257E-02));
#819 = CARTESIAN_POINT('',(4.639240880138,5.97759421089E-02));
#820 = CARTESIAN_POINT('',(4.602666830137,3.971996154873E-02));
#821 = CARTESIAN_POINT('',(4.566092780136,1.977607648363E-02));
#822 = CARTESIAN_POINT('',(4.529518730135,-6.000000012385E-07));
#823 = ( GEOMETRIC_REPRESENTATION_CONTEXT(2) 
PARAMETRIC_REPRESENTATION_CONTEXT() REPRESENTATION_CONTEXT('2D SPACE',''
  ) );
#824 = ORIENTED_EDGE('',*,*,#825,.F.);
#825 = EDGE_CURVE('',#618,#796,#826,.T.);
#826 = SURFACE_CURVE('',#827,(#832,#843),.PCURVE_S1.);
#827 = ELLIPSE('',#828,0.274623329524,0.25);
#828 = AXIS2_PLACEMENT_3D('',#829,#830,#831);
#829 = CARTESIAN_POINT('',(-1.05,0.,2.25));
#830 = DIRECTION('',(0.413866009915,0.,0.910337808639));
#831 = DIRECTION('',(0.910337808639,0.,-0.413866009915));
#832 = PCURVE('',#350,#833);
#833 = DEFINITIONAL_REPRESENTATION('',(#834),#842);
#834 = B_SPLINE_CURVE_WITH_KNOTS('',6,(#835,#836,#837,#838,#839,#840,
    #841),.UNSPECIFIED.,.F.,.F.,(7,7),(3.14159265359,4.712388980385),
  .PIECEWISE_BEZIER_KNOTS.);
#835 = CARTESIAN_POINT('',(-8.881784197001E-16,1.863740017634));
#836 = CARTESIAN_POINT('',(0.261799387799,1.863740017634));
#837 = CARTESIAN_POINT('',(0.523598775598,1.873085984008));
#838 = CARTESIAN_POINT('',(0.785398163397,1.891791809726));
#839 = CARTESIAN_POINT('',(1.047197551197,1.917888749077));
#840 = CARTESIAN_POINT('',(1.308996938996,1.947641877743));
#841 = CARTESIAN_POINT('',(1.570796326795,1.977397279254));
#842 = ( GEOMETRIC_REPRESENTATION_CONTEXT(2) 
PARAMETRIC_REPRESENTATION_CONTEXT() REPRESENTATION_CONTEXT('2D SPACE',''
  ) );
#843 = PCURVE('',#661,#844);
#844 = DEFINITIONAL_REPRESENTATION('',(#845),#853);
#845 = B_SPLINE_CURVE_WITH_KNOTS('',6,(#846,#847,#848,#849,#850,#851,
    #852),.UNSPECIFIED.,.F.,.F.,(7,7),(3.14159265359,4.712388980385),
  .PIECEWISE_BEZIER_KNOTS.);
#846 = CARTESIAN_POINT('',(3.14159265359,0.21365726162));
#847 = CARTESIAN_POINT('',(3.403392041389,0.21365726162));
#848 = CARTESIAN_POINT('',(3.665191429188,0.204311295245));
#849 = CARTESIAN_POINT('',(3.926990816987,0.185605469528));
#850 = CARTESIAN_POINT('',(4.188790204786,0.159508530177));
#851 = CARTESIAN_POINT('',(4.450589592586,0.129755401511));
#852 = CARTESIAN_POINT('',(4.712388980385,0.1));
#853 = ( GEOMETRIC_REPRESENTATION_CONTEXT(2) 
PARAMETRIC_REPRESENTATION_CONTEXT() REPRESENTATION_CONTEXT('2D SPACE',''
  ) );
#854 = ORIENTED_EDGE('',*,*,#617,.F.);
#855 = ORIENTED_EDGE('',*,*,#856,.T.);
#856 = EDGE_CURVE('',#594,#540,#857,.T.);
#857 = SURFACE_CURVE('',#858,(#863,#870),.PCURVE_S1.);
#858 = CIRCLE('',#859,0.25);
#859 = AXIS2_PLACEMENT_3D('',#860,#861,#862);
#860 = CARTESIAN_POINT('',(-2.54,0.,0.95));
#861 = DIRECTION('',(0.753515753072,0.,0.657429851674));
#862 = DIRECTION('',(-0.657429851674,0.,0.753515753072));
#863 = PCURVE('',#350,#864);
#864 = DEFINITIONAL_REPRESENTATION('',(#865),#869);
#865 = LINE('',#866,#867);
#866 = CARTESIAN_POINT('',(0.,0.));
#867 = VECTOR('',#868,1.);
#868 = DIRECTION('',(1.,0.));
#869 = ( GEOMETRIC_REPRESENTATION_CONTEXT(2) 
PARAMETRIC_REPRESENTATION_CONTEXT() REPRESENTATION_CONTEXT('2D SPACE',''
  ) );
#870 = PCURVE('',#579,#871);
#871 = DEFINITIONAL_REPRESENTATION('',(#872),#876);
#872 = CIRCLE('',#873,0.25);
#873 = AXIS2_PLACEMENT_2D('',#874,#875);
#874 = CARTESIAN_POINT('',(0.,0.));
#875 = DIRECTION('',(1.,0.));
#876 = ( GEOMETRIC_REPRESENTATION_CONTEXT(2) 
PARAMETRIC_REPRESENTATION_CONTEXT() REPRESENTATION_CONTEXT('2D SPACE',''
  ) );
#877 = ORIENTED_EDGE('',*,*,#539,.T.);
#878 = ORIENTED_EDGE('',*,*,#480,.F.);
#879 = ORIENTED_EDGE('',*,*,#448,.T.);
#880 = ORIENTED_EDGE('',*,*,#365,.T.);
#881 = ORIENTED_EDGE('',*,*,#330,.F.);
#882 = ORIENTED_EDGE('',*,*,#511,.T.);
#883 = ADVANCED_FACE('',(#884),#435,.F.);
#884 = FACE_BOUND('',#885,.T.);
#885 = EDGE_LOOP('',(#886));
#886 = ORIENTED_EDGE('',*,*,#420,.F.);
#887 = ADVANCED_FACE('',(#888),#579,.F.);
#888 = FACE_BOUND('',#889,.F.);
#889 = EDGE_LOOP('',(#890,#891,#892));
#890 = ORIENTED_EDGE('',*,*,#593,.T.);
#891 = ORIENTED_EDGE('',*,*,#856,.T.);
#892 = ORIENTED_EDGE('',*,*,#566,.T.);
#893 = ADVANCED_FACE('',(#894),#661,.T.);
#894 = FACE_BOUND('',#895,.T.);
#895 = EDGE_LOOP('',(#896,#921,#948,#949,#971,#972,#973,#974,#975));
#896 = ORIENTED_EDGE('',*,*,#897,.T.);
#897 = EDGE_CURVE('',#898,#900,#902,.T.);
#898 = VERTEX_POINT('',#899);
#899 = CARTESIAN_POINT('',(-0.8,-6.123233995737E-17,2.15));
#900 = VERTEX_POINT('',#901);
#901 = CARTESIAN_POINT('',(-0.8,-6.123233995737E-17,4.35));
#902 = SEAM_CURVE('',#903,(#907,#914),.PCURVE_S1.);
#903 = LINE('',#904,#905);
#904 = CARTESIAN_POINT('',(-0.8,-6.123233995737E-17,2.15));
#905 = VECTOR('',#906,1.);
#906 = DIRECTION('',(0.,0.,1.));
#907 = PCURVE('',#661,#908);
#908 = DEFINITIONAL_REPRESENTATION('',(#909),#913);
#909 = LINE('',#910,#911);
#910 = CARTESIAN_POINT('',(6.28318530718,-0.));
#911 = VECTOR('',#912,1.);
#912 = DIRECTION('',(0.,1.));
#913 = ( GEOMETRIC_REPRESENTATION_CONTEXT(2) 
PARAMETRIC_REPRESENTATION_CONTEXT() REPRESENTATION_CONTEXT('2D SPACE',''
  ) );
#914 = PCURVE('',#661,#915);
#915 = DEFINITIONAL_REPRESENTATION('',(#916),#920);
#916 = LINE('',#917,#918);
#917 = CARTESIAN_POINT('',(0.,-0.));
#918 = VECTOR('',#919,1.);
#919 = DIRECTION('',(0.,1.));
#920 = ( GEOMETRIC_REPRESENTATION_CONTEXT(2) 
PARAMETRIC_REPRESENTATION_CONTEXT() REPRESENTATION_CONTEXT('2D SPACE',''
  ) );
#921 = ORIENTED_EDGE('',*,*,#922,.F.);
#922 = EDGE_CURVE('',#900,#900,#923,.T.);
#923 = SURFACE_CURVE('',#924,(#929,#936),.PCURVE_S1.);
#924 = CIRCLE('',#925,0.25);
#925 = AXIS2_PLACEMENT_3D('',#926,#927,#928);
#926 = CARTESIAN_POINT('',(-1.05,0.,4.35));
#927 = DIRECTION('',(0.,0.,1.));
#928 = DIRECTION('',(1.,0.,-0.));
#929 = PCURVE('',#661,#930);
#930 = DEFINITIONAL_REPRESENTATION('',(#931),#935);
#931 = LINE('',#932,#933);
#932 = CARTESIAN_POINT('',(0.,2.2));
#933 = VECTOR('',#934,1.);
#934 = DIRECTION('',(1.,0.));
#935 = ( GEOMETRIC_REPRESENTATION_CONTEXT(2) 
PARAMETRIC_REPRESENTATION_CONTEXT() REPRESENTATION_CONTEXT('2D SPACE',''
  ) );
#936 = PCURVE('',#937,#942);
#937 = PLANE('',#938);
#938 = AXIS2_PLACEMENT_3D('',#939,#940,#941);
#939 = CARTESIAN_POINT('',(-1.05,0.,4.35));
#940 = DIRECTION('',(0.,0.,1.));
#941 = DIRECTION('',(1.,0.,-0.));
#942 = DEFINITIONAL_REPRESENTATION('',(#943),#947);
#943 = CIRCLE('',#944,0.25);
#944 = AXIS2_PLACEMENT_2D('',#945,#946);
#945 = CARTESIAN_POINT('',(0.,0.));
#946 = DIRECTION('',(1.,0.));
#947 = ( GEOMETRIC_REPRESENTATION_CONTEXT(2) 
PARAMETRIC_REPRESENTATION_CONTEXT() REPRESENTATION_CONTEXT('2D SPACE',''
  ) );
#948 = ORIENTED_EDGE('',*,*,#897,.F.);
#949 = ORIENTED_EDGE('',*,*,#950,.T.);
#950 = EDGE_CURVE('',#898,#678,#951,.T.);
#951 = SURFACE_CURVE('',#952,(#957,#964),.PCURVE_S1.);
#952 = CIRCLE('',#953,0.25);
#953 = AXIS2_PLACEMENT_3D('',#954,#955,#956);
#954 = CARTESIAN_POINT('',(-1.05,0.,2.15));
#955 = DIRECTION('',(0.,0.,1.));
#956 = DIRECTION('',(1.,0.,-0.));
#957 = PCURVE('',#661,#958);
#958 = DEFINITIONAL_REPRESENTATION('',(#959),#963);
#959 = LINE('',#960,#961);
#960 = CARTESIAN_POINT('',(0.,0.));
#961 = VECTOR('',#962,1.);
#962 = DIRECTION('',(1.,0.));
#963 = ( GEOMETRIC_REPRESENTATION_CONTEXT(2) 
PARAMETRIC_REPRESENTATION_CONTEXT() REPRESENTATION_CONTEXT('2D SPACE',''
  ) );
#964 = PCURVE('',#727,#965);
#965 = DEFINITIONAL_REPRESENTATION('',(#966),#970);
#966 = CIRCLE('',#967,0.25);
#967 = AXIS2_PLACEMENT_2D('',#968,#969);
#968 = CARTESIAN_POINT('',(0.,0.));
#969 = DIRECTION('',(1.,0.));
#970 = ( GEOMETRIC_REPRESENTATION_CONTEXT(2) 
PARAMETRIC_REPRESENTATION_CONTEXT() REPRESENTATION_CONTEXT('2D SPACE',''
  ) );
#971 = ORIENTED_EDGE('',*,*,#677,.T.);
#972 = ORIENTED_EDGE('',*,*,#640,.T.);
#973 = ORIENTED_EDGE('',*,*,#825,.T.);
#974 = ORIENTED_EDGE('',*,*,#795,.T.);
#975 = ORIENTED_EDGE('',*,*,#976,.T.);
#976 = EDGE_CURVE('',#769,#898,#977,.T.);
#977 = SURFACE_CURVE('',#978,(#983,#990),.PCURVE_S1.);
#978 = CIRCLE('',#979,0.25);
#979 = AXIS2_PLACEMENT_3D('',#980,#981,#982);
#980 = CARTESIAN_POINT('',(-1.05,0.,2.15));
#981 = DIRECTION('',(0.,0.,1.));
#982 = DIRECTION('',(1.,0.,-0.));
#983 = PCURVE('',#661,#984);
#984 = DEFINITIONAL_REPRESENTATION('',(#985),#989);
#985 = LINE('',#986,#987);
#986 = CARTESIAN_POINT('',(0.,0.));
#987 = VECTOR('',#988,1.);
#988 = DIRECTION('',(1.,0.));
#989 = ( GEOMETRIC_REPRESENTATION_CONTEXT(2) 
PARAMETRIC_REPRESENTATION_CONTEXT() REPRESENTATION_CONTEXT('2D SPACE',''
  ) );
#990 = PCURVE('',#727,#991);
#991 = DEFINITIONAL_REPRESENTATION('',(#992),#996);
#992 = CIRCLE('',#993,0.25);
#993 = AXIS2_PLACEMENT_2D('',#994,#995);
#994 = CARTESIAN_POINT('',(0.,0.));
#995 = DIRECTION('',(1.,0.));
#996 = ( GEOMETRIC_REPRESENTATION_CONTEXT(2) 
PARAMETRIC_REPRESENTATION_CONTEXT() REPRESENTATION_CONTEXT('2D SPACE',''
  ) );
#997 = ADVANCED_FACE('',(#998),#727,.F.);
#998 = FACE_BOUND('',#999,.F.);
#999 = EDGE_LOOP('',(#1000,#1001,#1002,#1003,#1022));
#1000 = ORIENTED_EDGE('',*,*,#976,.T.);
#1001 = ORIENTED_EDGE('',*,*,#950,.T.);
#1002 = ORIENTED_EDGE('',*,*,#707,.F.);
#1003 = ORIENTED_EDGE('',*,*,#1004,.T.);
#1004 = EDGE_CURVE('',#708,#740,#1005,.T.);
#1005 = SURFACE_CURVE('',#1006,(#1010,#1016),.PCURVE_S1.);
#1006 = LINE('',#1007,#1008);
#1007 = CARTESIAN_POINT('',(-0.962751677852,0.,2.15));
#1008 = VECTOR('',#1009,1.);
#1009 = DIRECTION('',(0.,-1.,0.));
#1010 = PCURVE('',#727,#1011);
#1011 = DEFINITIONAL_REPRESENTATION('',(#1012),#1015);
#1012 = B_SPLINE_CURVE_WITH_KNOTS('',1,(#1013,#1014),.UNSPECIFIED.,.F.,
  .F.,(2,2),(-0.25,0.25),.PIECEWISE_BEZIER_KNOTS.);
#1013 = CARTESIAN_POINT('',(8.724832214765E-02,0.25));
#1014 = CARTESIAN_POINT('',(8.724832214765E-02,-0.25));
#1015 = ( GEOMETRIC_REPRESENTATION_CONTEXT(2) 
PARAMETRIC_REPRESENTATION_CONTEXT() REPRESENTATION_CONTEXT('2D SPACE',''
  ) );
#1016 = PCURVE('',#756,#1017);
#1017 = DEFINITIONAL_REPRESENTATION('',(#1018),#1021);
#1018 = B_SPLINE_CURVE_WITH_KNOTS('',1,(#1019,#1020),.UNSPECIFIED.,.F.,
  .F.,(2,2),(-0.25,0.25),.PIECEWISE_BEZIER_KNOTS.);
#1019 = CARTESIAN_POINT('',(-0.132711226796,-0.25));
#1020 = CARTESIAN_POINT('',(-0.132711226796,0.25));
#1021 = ( GEOMETRIC_REPRESENTATION_CONTEXT(2) 
PARAMETRIC_REPRESENTATION_CONTEXT() REPRESENTATION_CONTEXT('2D SPACE',''
  ) );
#1022 = ORIENTED_EDGE('',*,*,#768,.F.);
#1023 = ADVANCED_FACE('',(#1024),#756,.T.);
#1024 = FACE_BOUND('',#1025,.T.);
#1025 = EDGE_LOOP('',(#1026,#1027));
#1026 = ORIENTED_EDGE('',*,*,#1004,.T.);
#1027 = ORIENTED_EDGE('',*,*,#739,.T.);
#1028 = ADVANCED_FACE('',(#1029),#937,.T.);
#1029 = FACE_BOUND('',#1030,.T.);
#1030 = EDGE_LOOP('',(#1031));
#1031 = ORIENTED_EDGE('',*,*,#922,.T.);
#1032 = ( GEOMETRIC_REPRESENTATION_CONTEXT(3) 
GLOBAL_UNCERTAINTY_ASSIGNED_CONTEXT((#1036)) 
GLOBAL_UNIT_ASSIGNED_CONTEXT((#1033,#1034,#1035)) REPRESENTATION_CONTEXT
('Context #1','3D Context with UNIT and UNCERTAINTY') );
#1033 = ( LENGTH_UNIT() NAMED_UNIT(*) SI_UNIT(.MILLI.,.METRE.) );
#1034 = ( NAMED_UNIT(*) PLANE_ANGLE_UNIT() SI_UNIT($,.RADIAN.) );
#1035 = ( NAMED_UNIT(*) SI_UNIT($,.STERADIAN.) SOLID_ANGLE_UNIT() );
#1036 = UNCERTAINTY_MEASURE_WITH_UNIT(LENGTH_MEASURE(1.E-07),#1033,
  'distance_accuracy_value','confusion accuracy');
#1037 = CONTEXT_DEPENDENT_SHAPE_REPRESENTATION(#1038,#1040);
#1038 = ( REPRESENTATION_RELATIONSHIP('','',#287,#10) 
REPRESENTATION_RELATIONSHIP_WITH_TRANSFORMATION(#1039) 
SHAPE_REPRESENTATION_RELATIONSHIP() );
#1039 = ITEM_DEFINED_TRANSFORMATION('','',#11,#19);
#1040 = PRODUCT_DEFINITION_SHAPE('Placement','Placement of an item',
  #1041);
#1041 = NEXT_ASSEMBLY_USAGE_OCCURRENCE('2','lead_1','',#5,#282,$);
#1042 = PRODUCT_RELATED_PRODUCT_CATEGORY('part',$,(#284));
#1043 = SHAPE_DEFINITION_REPRESENTATION(#1044,#1050);
#1044 = PRODUCT_DEFINITION_SHAPE('','',#1045);
#1045 = PRODUCT_DEFINITION('design','',#1046,#1049);
#1046 = PRODUCT_DEFINITION_FORMATION('','',#1047);
#1047 = PRODUCT('lead_2','lead_2','',(#1048));
#1048 = PRODUCT_CONTEXT('',#2,'mechanical');
#1049 = PRODUCT_DEFINITION_CONTEXT('part definition',#2,'design');
#1050 = ADVANCED_BREP_SHAPE_REPRESENTATION('',(#11,#1051),#1369);
#1051 = MANIFOLD_SOLID_BREP('',#1052);
#1052 = CLOSED_SHELL('',(#1053,#1141,#1196,#1251,#1255,#1310,#1365));
#1053 = ADVANCED_FACE('',(#1054),#1068,.T.);
#1054 = FACE_BOUND('',#1055,.T.);
#1055 = EDGE_LOOP('',(#1056,#1086,#1113,#1114));
#1056 = ORIENTED_EDGE('',*,*,#1057,.T.);
#1057 = EDGE_CURVE('',#1058,#1060,#1062,.T.);
#1058 = VERTEX_POINT('',#1059);
#1059 = CARTESIAN_POINT('',(0.25,-6.123233995737E-17,0.95));
#1060 = VERTEX_POINT('',#1061);
#1061 = CARTESIAN_POINT('',(0.25,-6.123233995737E-17,1.05));
#1062 = SEAM_CURVE('',#1063,(#1067,#1079),.PCURVE_S1.);
#1063 = LINE('',#1064,#1065);
#1064 = CARTESIAN_POINT('',(0.25,-6.123233995737E-17,0.));
#1065 = VECTOR('',#1066,1.);
#1066 = DIRECTION('',(0.,0.,1.));
#1067 = PCURVE('',#1068,#1073);
#1068 = CYLINDRICAL_SURFACE('',#1069,0.25);
#1069 = AXIS2_PLACEMENT_3D('',#1070,#1071,#1072);
#1070 = CARTESIAN_POINT('',(0.,0.,0.));
#1071 = DIRECTION('',(0.,0.,1.));
#1072 = DIRECTION('',(1.,0.,-0.));
#1073 = DEFINITIONAL_REPRESENTATION('',(#1074),#1078);
#1074 = LINE('',#1075,#1076);
#1075 = CARTESIAN_POINT('',(6.28318530718,-0.));
#1076 = VECTOR('',#1077,1.);
#1077 = DIRECTION('',(0.,1.));
#1078 = ( GEOMETRIC_REPRESENTATION_CONTEXT(2) 
PARAMETRIC_REPRESENTATION_CONTEXT() REPRESENTATION_CONTEXT('2D SPACE',''
  ) );
#1079 = PCURVE('',#1068,#1080);
#1080 = DEFINITIONAL_REPRESENTATION('',(#1081),#1085);
#1081 = LINE('',#1082,#1083);
#1082 = CARTESIAN_POINT('',(0.,-0.));
#1083 = VECTOR('',#1084,1.);
#1084 = DIRECTION('',(0.,1.));
#1085 = ( GEOMETRIC_REPRESENTATION_CONTEXT(2) 
PARAMETRIC_REPRESENTATION_CONTEXT() REPRESENTATION_CONTEXT('2D SPACE',''
  ) );
#1086 = ORIENTED_EDGE('',*,*,#1087,.F.);
#1087 = EDGE_CURVE('',#1060,#1060,#1088,.T.);
#1088 = SURFACE_CURVE('',#1089,(#1094,#1101),.PCURVE_S1.);
#1089 = CIRCLE('',#1090,0.25);
#1090 = AXIS2_PLACEMENT_3D('',#1091,#1092,#1093);
#1091 = CARTESIAN_POINT('',(0.,0.,1.05));
#1092 = DIRECTION('',(0.,0.,1.));
#1093 = DIRECTION('',(1.,0.,-0.));
#1094 = PCURVE('',#1068,#1095);
#1095 = DEFINITIONAL_REPRESENTATION('',(#1096),#1100);
#1096 = LINE('',#1097,#1098);
#1097 = CARTESIAN_POINT('',(0.,1.05));
#1098 = VECTOR('',#1099,1.);
#1099 = DIRECTION('',(1.,0.));
#1100 = ( GEOMETRIC_REPRESENTATION_CONTEXT(2) 
PARAMETRIC_REPRESENTATION_CONTEXT() REPRESENTATION_CONTEXT('2D SPACE',''
  ) );
#1101 = PCURVE('',#1102,#1107);
#1102 = CYLINDRICAL_SURFACE('',#1103,0.25);
#1103 = AXIS2_PLACEMENT_3D('',#1104,#1105,#1106);
#1104 = CARTESIAN_POINT('',(0.,0.,0.95));
#1105 = DIRECTION('',(0.,0.,1.));
#1106 = DIRECTION('',(1.,0.,-0.));
#1107 = DEFINITIONAL_REPRESENTATION('',(#1108),#1112);
#1108 = LINE('',#1109,#1110);
#1109 = CARTESIAN_POINT('',(0.,0.1));
#1110 = VECTOR('',#1111,1.);
#1111 = DIRECTION('',(1.,0.));
#1112 = ( GEOMETRIC_REPRESENTATION_CONTEXT(2) 
PARAMETRIC_REPRESENTATION_CONTEXT() REPRESENTATION_CONTEXT('2D SPACE',''
  ) );
#1113 = ORIENTED_EDGE('',*,*,#1057,.F.);
#1114 = ORIENTED_EDGE('',*,*,#1115,.T.);
#1115 = EDGE_CURVE('',#1058,#1058,#1116,.T.);
#1116 = SURFACE_CURVE('',#1117,(#1122,#1129),.PCURVE_S1.);
#1117 = CIRCLE('',#1118,0.25);
#1118 = AXIS2_PLACEMENT_3D('',#1119,#1120,#1121);
#1119 = CARTESIAN_POINT('',(0.,0.,0.95));
#1120 = DIRECTION('',(0.,0.,1.));
#1121 = DIRECTION('',(1.,0.,-0.));
#1122 = PCURVE('',#1068,#1123);
#1123 = DEFINITIONAL_REPRESENTATION('',(#1124),#1128);
#1124 = LINE('',#1125,#1126);
#1125 = CARTESIAN_POINT('',(0.,0.95));
#1126 = VECTOR('',#1127,1.);
#1127 = DIRECTION('',(1.,0.));
#1128 = ( GEOMETRIC_REPRESENTATION_CONTEXT(2) 
PARAMETRIC_REPRESENTATION_CONTEXT() REPRESENTATION_CONTEXT('2D SPACE',''
  ) );
#1129 = PCURVE('',#1130,#1135);
#1130 = CYLINDRICAL_SURFACE('',#1131,0.25);
#1131 = AXIS2_PLACEMENT_3D('',#1132,#1133,#1134);
#1132 = CARTESIAN_POINT('',(0.,0.,0.));
#1133 = DIRECTION('',(0.,0.,1.));
#1134 = DIRECTION('',(1.,0.,-0.));
#1135 = DEFINITIONAL_REPRESENTATION('',(#1136),#1140);
#1136 = LINE('',#1137,#1138);
#1137 = CARTESIAN_POINT('',(0.,0.95));
#1138 = VECTOR('',#1139,1.);
#1139 = DIRECTION('',(1.,0.));
#1140 = ( GEOMETRIC_REPRESENTATION_CONTEXT(2) 
PARAMETRIC_REPRESENTATION_CONTEXT() REPRESENTATION_CONTEXT('2D SPACE',''
  ) );
#1141 = ADVANCED_FACE('',(#1142),#1130,.T.);
#1142 = FACE_BOUND('',#1143,.T.);
#1143 = EDGE_LOOP('',(#1144,#1145,#1168,#1195));
#1144 = ORIENTED_EDGE('',*,*,#1115,.F.);
#1145 = ORIENTED_EDGE('',*,*,#1146,.F.);
#1146 = EDGE_CURVE('',#1147,#1058,#1149,.T.);
#1147 = VERTEX_POINT('',#1148);
#1148 = CARTESIAN_POINT('',(0.25,-6.123233995737E-17,0.));
#1149 = SEAM_CURVE('',#1150,(#1154,#1161),.PCURVE_S1.);
#1150 = LINE('',#1151,#1152);
#1151 = CARTESIAN_POINT('',(0.25,-6.123233995737E-17,0.));
#1152 = VECTOR('',#1153,1.);
#1153 = DIRECTION('',(0.,0.,1.));
#1154 = PCURVE('',#1130,#1155);
#1155 = DEFINITIONAL_REPRESENTATION('',(#1156),#1160);
#1156 = LINE('',#1157,#1158);
#1157 = CARTESIAN_POINT('',(6.28318530718,-0.));
#1158 = VECTOR('',#1159,1.);
#1159 = DIRECTION('',(0.,1.));
#1160 = ( GEOMETRIC_REPRESENTATION_CONTEXT(2) 
PARAMETRIC_REPRESENTATION_CONTEXT() REPRESENTATION_CONTEXT('2D SPACE',''
  ) );
#1161 = PCURVE('',#1130,#1162);
#1162 = DEFINITIONAL_REPRESENTATION('',(#1163),#1167);
#1163 = LINE('',#1164,#1165);
#1164 = CARTESIAN_POINT('',(0.,-0.));
#1165 = VECTOR('',#1166,1.);
#1166 = DIRECTION('',(0.,1.));
#1167 = ( GEOMETRIC_REPRESENTATION_CONTEXT(2) 
PARAMETRIC_REPRESENTATION_CONTEXT() REPRESENTATION_CONTEXT('2D SPACE',''
  ) );
#1168 = ORIENTED_EDGE('',*,*,#1169,.T.);
#1169 = EDGE_CURVE('',#1147,#1147,#1170,.T.);
#1170 = SURFACE_CURVE('',#1171,(#1176,#1183),.PCURVE_S1.);
#1171 = CIRCLE('',#1172,0.25);
#1172 = AXIS2_PLACEMENT_3D('',#1173,#1174,#1175);
#1173 = CARTESIAN_POINT('',(0.,0.,0.));
#1174 = DIRECTION('',(0.,0.,1.));
#1175 = DIRECTION('',(1.,0.,-0.));
#1176 = PCURVE('',#1130,#1177);
#1177 = DEFINITIONAL_REPRESENTATION('',(#1178),#1182);
#1178 = LINE('',#1179,#1180);
#1179 = CARTESIAN_POINT('',(0.,0.));
#1180 = VECTOR('',#1181,1.);
#1181 = DIRECTION('',(1.,0.));
#1182 = ( GEOMETRIC_REPRESENTATION_CONTEXT(2) 
PARAMETRIC_REPRESENTATION_CONTEXT() REPRESENTATION_CONTEXT('2D SPACE',''
  ) );
#1183 = PCURVE('',#1184,#1189);
#1184 = PLANE('',#1185);
#1185 = AXIS2_PLACEMENT_3D('',#1186,#1187,#1188);
#1186 = CARTESIAN_POINT('',(0.,0.,0.));
#1187 = DIRECTION('',(0.,0.,1.));
#1188 = DIRECTION('',(1.,0.,-0.));
#1189 = DEFINITIONAL_REPRESENTATION('',(#1190),#1194);
#1190 = CIRCLE('',#1191,0.25);
#1191 = AXIS2_PLACEMENT_2D('',#1192,#1193);
#1192 = CARTESIAN_POINT('',(0.,0.));
#1193 = DIRECTION('',(1.,0.));
#1194 = ( GEOMETRIC_REPRESENTATION_CONTEXT(2) 
PARAMETRIC_REPRESENTATION_CONTEXT() REPRESENTATION_CONTEXT('2D SPACE',''
  ) );
#1195 = ORIENTED_EDGE('',*,*,#1146,.T.);
#1196 = ADVANCED_FACE('',(#1197),#1102,.T.);
#1197 = FACE_BOUND('',#1198,.T.);
#1198 = EDGE_LOOP('',(#1199,#1200,#1223,#1250));
#1199 = ORIENTED_EDGE('',*,*,#1087,.T.);
#1200 = ORIENTED_EDGE('',*,*,#1201,.T.);
#1201 = EDGE_CURVE('',#1060,#1202,#1204,.T.);
#1202 = VERTEX_POINT('',#1203);
#1203 = CARTESIAN_POINT('',(0.25,-6.123233995737E-17,2.15));
#1204 = SEAM_CURVE('',#1205,(#1209,#1216),.PCURVE_S1.);
#1205 = LINE('',#1206,#1207);
#1206 = CARTESIAN_POINT('',(0.25,-6.123233995737E-17,0.95));
#1207 = VECTOR('',#1208,1.);
#1208 = DIRECTION('',(0.,0.,1.));
#1209 = PCURVE('',#1102,#1210);
#1210 = DEFINITIONAL_REPRESENTATION('',(#1211),#1215);
#1211 = LINE('',#1212,#1213);
#1212 = CARTESIAN_POINT('',(0.,-0.));
#1213 = VECTOR('',#1214,1.);
#1214 = DIRECTION('',(0.,1.));
#1215 = ( GEOMETRIC_REPRESENTATION_CONTEXT(2) 
PARAMETRIC_REPRESENTATION_CONTEXT() REPRESENTATION_CONTEXT('2D SPACE',''
  ) );
#1216 = PCURVE('',#1102,#1217);
#1217 = DEFINITIONAL_REPRESENTATION('',(#1218),#1222);
#1218 = LINE('',#1219,#1220);
#1219 = CARTESIAN_POINT('',(6.28318530718,-0.));
#1220 = VECTOR('',#1221,1.);
#1221 = DIRECTION('',(0.,1.));
#1222 = ( GEOMETRIC_REPRESENTATION_CONTEXT(2) 
PARAMETRIC_REPRESENTATION_CONTEXT() REPRESENTATION_CONTEXT('2D SPACE',''
  ) );
#1223 = ORIENTED_EDGE('',*,*,#1224,.F.);
#1224 = EDGE_CURVE('',#1202,#1202,#1225,.T.);
#1225 = SURFACE_CURVE('',#1226,(#1231,#1238),.PCURVE_S1.);
#1226 = CIRCLE('',#1227,0.25);
#1227 = AXIS2_PLACEMENT_3D('',#1228,#1229,#1230);
#1228 = CARTESIAN_POINT('',(0.,0.,2.15));
#1229 = DIRECTION('',(0.,0.,1.));
#1230 = DIRECTION('',(1.,0.,-0.));
#1231 = PCURVE('',#1102,#1232);
#1232 = DEFINITIONAL_REPRESENTATION('',(#1233),#1237);
#1233 = LINE('',#1234,#1235);
#1234 = CARTESIAN_POINT('',(0.,1.2));
#1235 = VECTOR('',#1236,1.);
#1236 = DIRECTION('',(1.,0.));
#1237 = ( GEOMETRIC_REPRESENTATION_CONTEXT(2) 
PARAMETRIC_REPRESENTATION_CONTEXT() REPRESENTATION_CONTEXT('2D SPACE',''
  ) );
#1238 = PCURVE('',#1239,#1244);
#1239 = CYLINDRICAL_SURFACE('',#1240,0.25);
#1240 = AXIS2_PLACEMENT_3D('',#1241,#1242,#1243);
#1241 = CARTESIAN_POINT('',(0.,0.,0.95));
#1242 = DIRECTION('',(0.,0.,1.));
#1243 = DIRECTION('',(1.,0.,-0.));
#1244 = DEFINITIONAL_REPRESENTATION('',(#1245),#1249);
#1245 = LINE('',#1246,#1247);
#1246 = CARTESIAN_POINT('',(0.,1.2));
#1247 = VECTOR('',#1248,1.);
#1248 = DIRECTION('',(1.,0.));
#1249 = ( GEOMETRIC_REPRESENTATION_CONTEXT(2) 
PARAMETRIC_REPRESENTATION_CONTEXT() REPRESENTATION_CONTEXT('2D SPACE',''
  ) );
#1250 = ORIENTED_EDGE('',*,*,#1201,.F.);
#1251 = ADVANCED_FACE('',(#1252),#1184,.F.);
#1252 = FACE_BOUND('',#1253,.T.);
#1253 = EDGE_LOOP('',(#1254));
#1254 = ORIENTED_EDGE('',*,*,#1169,.F.);
#1255 = ADVANCED_FACE('',(#1256),#1239,.T.);
#1256 = FACE_BOUND('',#1257,.T.);
#1257 = EDGE_LOOP('',(#1258,#1259,#1282,#1309));
#1258 = ORIENTED_EDGE('',*,*,#1224,.T.);
#1259 = ORIENTED_EDGE('',*,*,#1260,.T.);
#1260 = EDGE_CURVE('',#1202,#1261,#1263,.T.);
#1261 = VERTEX_POINT('',#1262);
#1262 = CARTESIAN_POINT('',(0.25,-6.123233995737E-17,2.25));
#1263 = SEAM_CURVE('',#1264,(#1268,#1275),.PCURVE_S1.);
#1264 = LINE('',#1265,#1266);
#1265 = CARTESIAN_POINT('',(0.25,-6.123233995737E-17,0.95));
#1266 = VECTOR('',#1267,1.);
#1267 = DIRECTION('',(0.,0.,1.));
#1268 = PCURVE('',#1239,#1269);
#1269 = DEFINITIONAL_REPRESENTATION('',(#1270),#1274);
#1270 = LINE('',#1271,#1272);
#1271 = CARTESIAN_POINT('',(0.,-0.));
#1272 = VECTOR('',#1273,1.);
#1273 = DIRECTION('',(0.,1.));
#1274 = ( GEOMETRIC_REPRESENTATION_CONTEXT(2) 
PARAMETRIC_REPRESENTATION_CONTEXT() REPRESENTATION_CONTEXT('2D SPACE',''
  ) );
#1275 = PCURVE('',#1239,#1276);
#1276 = DEFINITIONAL_REPRESENTATION('',(#1277),#1281);
#1277 = LINE('',#1278,#1279);
#1278 = CARTESIAN_POINT('',(6.28318530718,-0.));
#1279 = VECTOR('',#1280,1.);
#1280 = DIRECTION('',(0.,1.));
#1281 = ( GEOMETRIC_REPRESENTATION_CONTEXT(2) 
PARAMETRIC_REPRESENTATION_CONTEXT() REPRESENTATION_CONTEXT('2D SPACE',''
  ) );
#1282 = ORIENTED_EDGE('',*,*,#1283,.F.);
#1283 = EDGE_CURVE('',#1261,#1261,#1284,.T.);
#1284 = SURFACE_CURVE('',#1285,(#1290,#1297),.PCURVE_S1.);
#1285 = CIRCLE('',#1286,0.25);
#1286 = AXIS2_PLACEMENT_3D('',#1287,#1288,#1289);
#1287 = CARTESIAN_POINT('',(0.,0.,2.25));
#1288 = DIRECTION('',(0.,0.,1.));
#1289 = DIRECTION('',(1.,0.,-0.));
#1290 = PCURVE('',#1239,#1291);
#1291 = DEFINITIONAL_REPRESENTATION('',(#1292),#1296);
#1292 = LINE('',#1293,#1294);
#1293 = CARTESIAN_POINT('',(0.,1.3));
#1294 = VECTOR('',#1295,1.);
#1295 = DIRECTION('',(1.,0.));
#1296 = ( GEOMETRIC_REPRESENTATION_CONTEXT(2) 
PARAMETRIC_REPRESENTATION_CONTEXT() REPRESENTATION_CONTEXT('2D SPACE',''
  ) );
#1297 = PCURVE('',#1298,#1303);
#1298 = CYLINDRICAL_SURFACE('',#1299,0.25);
#1299 = AXIS2_PLACEMENT_3D('',#1300,#1301,#1302);
#1300 = CARTESIAN_POINT('',(0.,0.,2.15));
#1301 = DIRECTION('',(0.,0.,1.));
#1302 = DIRECTION('',(1.,0.,-0.));
#1303 = DEFINITIONAL_REPRESENTATION('',(#1304),#1308);
#1304 = LINE('',#1305,#1306);
#1305 = CARTESIAN_POINT('',(0.,0.1));
#1306 = VECTOR('',#1307,1.);
#1307 = DIRECTION('',(1.,0.));
#1308 = ( GEOMETRIC_REPRESENTATION_CONTEXT(2) 
PARAMETRIC_REPRESENTATION_CONTEXT() REPRESENTATION_CONTEXT('2D SPACE',''
  ) );
#1309 = ORIENTED_EDGE('',*,*,#1260,.F.);
#1310 = ADVANCED_FACE('',(#1311),#1298,.T.);
#1311 = FACE_BOUND('',#1312,.T.);
#1312 = EDGE_LOOP('',(#1313,#1336,#1363,#1364));
#1313 = ORIENTED_EDGE('',*,*,#1314,.T.);
#1314 = EDGE_CURVE('',#1261,#1315,#1317,.T.);
#1315 = VERTEX_POINT('',#1316);
#1316 = CARTESIAN_POINT('',(0.25,-6.123233995737E-17,4.35));
#1317 = SEAM_CURVE('',#1318,(#1322,#1329),.PCURVE_S1.);
#1318 = LINE('',#1319,#1320);
#1319 = CARTESIAN_POINT('',(0.25,-6.123233995737E-17,2.15));
#1320 = VECTOR('',#1321,1.);
#1321 = DIRECTION('',(0.,0.,1.));
#1322 = PCURVE('',#1298,#1323);
#1323 = DEFINITIONAL_REPRESENTATION('',(#1324),#1328);
#1324 = LINE('',#1325,#1326);
#1325 = CARTESIAN_POINT('',(6.28318530718,-0.));
#1326 = VECTOR('',#1327,1.);
#1327 = DIRECTION('',(0.,1.));
#1328 = ( GEOMETRIC_REPRESENTATION_CONTEXT(2) 
PARAMETRIC_REPRESENTATION_CONTEXT() REPRESENTATION_CONTEXT('2D SPACE',''
  ) );
#1329 = PCURVE('',#1298,#1330);
#1330 = DEFINITIONAL_REPRESENTATION('',(#1331),#1335);
#1331 = LINE('',#1332,#1333);
#1332 = CARTESIAN_POINT('',(0.,-0.));
#1333 = VECTOR('',#1334,1.);
#1334 = DIRECTION('',(0.,1.));
#1335 = ( GEOMETRIC_REPRESENTATION_CONTEXT(2) 
PARAMETRIC_REPRESENTATION_CONTEXT() REPRESENTATION_CONTEXT('2D SPACE',''
  ) );
#1336 = ORIENTED_EDGE('',*,*,#1337,.F.);
#1337 = EDGE_CURVE('',#1315,#1315,#1338,.T.);
#1338 = SURFACE_CURVE('',#1339,(#1344,#1351),.PCURVE_S1.);
#1339 = CIRCLE('',#1340,0.25);
#1340 = AXIS2_PLACEMENT_3D('',#1341,#1342,#1343);
#1341 = CARTESIAN_POINT('',(0.,0.,4.35));
#1342 = DIRECTION('',(0.,0.,1.));
#1343 = DIRECTION('',(1.,0.,-0.));
#1344 = PCURVE('',#1298,#1345);
#1345 = DEFINITIONAL_REPRESENTATION('',(#1346),#1350);
#1346 = LINE('',#1347,#1348);
#1347 = CARTESIAN_POINT('',(0.,2.2));
#1348 = VECTOR('',#1349,1.);
#1349 = DIRECTION('',(1.,0.));
#1350 = ( GEOMETRIC_REPRESENTATION_CONTEXT(2) 
PARAMETRIC_REPRESENTATION_CONTEXT() REPRESENTATION_CONTEXT('2D SPACE',''
  ) );
#1351 = PCURVE('',#1352,#1357);
#1352 = PLANE('',#1353);
#1353 = AXIS2_PLACEMENT_3D('',#1354,#1355,#1356);
#1354 = CARTESIAN_POINT('',(0.,0.,4.35));
#1355 = DIRECTION('',(0.,0.,1.));
#1356 = DIRECTION('',(1.,0.,-0.));
#1357 = DEFINITIONAL_REPRESENTATION('',(#1358),#1362);
#1358 = CIRCLE('',#1359,0.25);
#1359 = AXIS2_PLACEMENT_2D('',#1360,#1361);
#1360 = CARTESIAN_POINT('',(0.,0.));
#1361 = DIRECTION('',(1.,0.));
#1362 = ( GEOMETRIC_REPRESENTATION_CONTEXT(2) 
PARAMETRIC_REPRESENTATION_CONTEXT() REPRESENTATION_CONTEXT('2D SPACE',''
  ) );
#1363 = ORIENTED_EDGE('',*,*,#1314,.F.);
#1364 = ORIENTED_EDGE('',*,*,#1283,.T.);
#1365 = ADVANCED_FACE('',(#1366),#1352,.T.);
#1366 = FACE_BOUND('',#1367,.T.);
#1367 = EDGE_LOOP('',(#1368));
#1368 = ORIENTED_EDGE('',*,*,#1337,.T.);
#1369 = ( GEOMETRIC_REPRESENTATION_CONTEXT(3) 
GLOBAL_UNCERTAINTY_ASSIGNED_CONTEXT((#1373)) 
GLOBAL_UNIT_ASSIGNED_CONTEXT((#1370,#1371,#1372)) REPRESENTATION_CONTEXT
('Context #1','3D Context with UNIT and UNCERTAINTY') );
#1370 = ( LENGTH_UNIT() NAMED_UNIT(*) SI_UNIT(.MILLI.,.METRE.) );
#1371 = ( NAMED_UNIT(*) PLANE_ANGLE_UNIT() SI_UNIT($,.RADIAN.) );
#1372 = ( NAMED_UNIT(*) SI_UNIT($,.STERADIAN.) SOLID_ANGLE_UNIT() );
#1373 = UNCERTAINTY_MEASURE_WITH_UNIT(LENGTH_MEASURE(1.E-07),#1370,
  'distance_accuracy_value','confusion accuracy');
#1374 = CONTEXT_DEPENDENT_SHAPE_REPRESENTATION(#1375,#1377);
#1375 = ( REPRESENTATION_RELATIONSHIP('','',#1050,#10) 
REPRESENTATION_RELATIONSHIP_WITH_TRANSFORMATION(#1376) 
SHAPE_REPRESENTATION_RELATIONSHIP() );
#1376 = ITEM_DEFINED_TRANSFORMATION('','',#11,#23);
#1377 = PRODUCT_DEFINITION_SHAPE('Placement','Placement of an item',
  #1378);
#1378 = NEXT_ASSEMBLY_USAGE_OCCURRENCE('3','lead_2','',#5,#1045,$);
#1379 = PRODUCT_RELATED_PRODUCT_CATEGORY('part',$,(#1047));
#1380 = SHAPE_DEFINITION_REPRESENTATION(#1381,#1387);
#1381 = PRODUCT_DEFINITION_SHAPE('','',#1382);
#1382 = PRODUCT_DEFINITION('design','',#1383,#1386);
#1383 = PRODUCT_DEFINITION_FORMATION('','',#1384);
#1384 = PRODUCT('lead_3','lead_3','',(#1385));
#1385 = PRODUCT_CONTEXT('',#2,'mechanical');
#1386 = PRODUCT_DEFINITION_CONTEXT('part definition',#2,'design');
#1387 = ADVANCED_BREP_SHAPE_REPRESENTATION('',(#11,#1388),#2132);
#1388 = MANIFOLD_SOLID_BREP('',#1389);
#1389 = CLOSED_SHELL('',(#1390,#1631,#1635,#1718,#2012,#2017,#2041,#2069
    ,#2128));
#1390 = ADVANCED_FACE('',(#1391),#1405,.T.);
#1391 = FACE_BOUND('',#1392,.T.);
#1392 = EDGE_LOOP('',(#1393,#1423,#1452,#1487,#1519,#1551,#1581,#1603,
    #1604));
#1393 = ORIENTED_EDGE('',*,*,#1394,.T.);
#1394 = EDGE_CURVE('',#1395,#1397,#1399,.T.);
#1395 = VERTEX_POINT('',#1396);
#1396 = CARTESIAN_POINT('',(2.79,-6.123233995737E-17,0.));
#1397 = VERTEX_POINT('',#1398);
#1398 = CARTESIAN_POINT('',(2.79,-6.123233995737E-17,1.05));
#1399 = SEAM_CURVE('',#1400,(#1404,#1416),.PCURVE_S1.);
#1400 = LINE('',#1401,#1402);
#1401 = CARTESIAN_POINT('',(2.79,-6.123233995737E-17,0.));
#1402 = VECTOR('',#1403,1.);
#1403 = DIRECTION('',(0.,0.,1.));
#1404 = PCURVE('',#1405,#1410);
#1405 = CYLINDRICAL_SURFACE('',#1406,0.25);
#1406 = AXIS2_PLACEMENT_3D('',#1407,#1408,#1409);
#1407 = CARTESIAN_POINT('',(2.54,0.,0.));
#1408 = DIRECTION('',(0.,0.,1.));
#1409 = DIRECTION('',(1.,0.,-0.));
#1410 = DEFINITIONAL_REPRESENTATION('',(#1411),#1415);
#1411 = LINE('',#1412,#1413);
#1412 = CARTESIAN_POINT('',(6.28318530718,-0.));
#1413 = VECTOR('',#1414,1.);
#1414 = DIRECTION('',(0.,1.));
#1415 = ( GEOMETRIC_REPRESENTATION_CONTEXT(2) 
PARAMETRIC_REPRESENTATION_CONTEXT() REPRESENTATION_CONTEXT('2D SPACE',''
  ) );
#1416 = PCURVE('',#1405,#1417);
#1417 = DEFINITIONAL_REPRESENTATION('',(#1418),#1422);
#1418 = LINE('',#1419,#1420);
#1419 = CARTESIAN_POINT('',(0.,-0.));
#1420 = VECTOR('',#1421,1.);
#1421 = DIRECTION('',(0.,1.));
#1422 = ( GEOMETRIC_REPRESENTATION_CONTEXT(2) 
PARAMETRIC_REPRESENTATION_CONTEXT() REPRESENTATION_CONTEXT('2D SPACE',''
  ) );
#1423 = ORIENTED_EDGE('',*,*,#1424,.F.);
#1424 = EDGE_CURVE('',#1425,#1397,#1427,.T.);
#1425 = VERTEX_POINT('',#1426);
#1426 = CARTESIAN_POINT('',(2.494537095352,-0.245831495747,1.05));
#1427 = SURFACE_CURVE('',#1428,(#1433,#1440),.PCURVE_S1.);
#1428 = CIRCLE('',#1429,0.25);
#1429 = AXIS2_PLACEMENT_3D('',#1430,#1431,#1432);
#1430 = CARTESIAN_POINT('',(2.54,0.,1.05));
#1431 = DIRECTION('',(0.,0.,1.));
#1432 = DIRECTION('',(1.,0.,-0.));
#1433 = PCURVE('',#1405,#1434);
#1434 = DEFINITIONAL_REPRESENTATION('',(#1435),#1439);
#1435 = LINE('',#1436,#1437);
#1436 = CARTESIAN_POINT('',(0.,1.05));
#1437 = VECTOR('',#1438,1.);
#1438 = DIRECTION('',(1.,0.));
#1439 = ( GEOMETRIC_REPRESENTATION_CONTEXT(2) 
PARAMETRIC_REPRESENTATION_CONTEXT() REPRESENTATION_CONTEXT('2D SPACE',''
  ) );
#1440 = PCURVE('',#1441,#1446);
#1441 = PLANE('',#1442);
#1442 = AXIS2_PLACEMENT_3D('',#1443,#1444,#1445);
#1443 = CARTESIAN_POINT('',(2.54,0.,1.05));
#1444 = DIRECTION('',(0.,0.,1.));
#1445 = DIRECTION('',(1.,0.,-0.));
#1446 = DEFINITIONAL_REPRESENTATION('',(#1447),#1451);
#1447 = CIRCLE('',#1448,0.25);
#1448 = AXIS2_PLACEMENT_2D('',#1449,#1450);
#1449 = CARTESIAN_POINT('',(0.,0.));
#1450 = DIRECTION('',(1.,0.));
#1451 = ( GEOMETRIC_REPRESENTATION_CONTEXT(2) 
PARAMETRIC_REPRESENTATION_CONTEXT() REPRESENTATION_CONTEXT('2D SPACE',''
  ) );
#1452 = ORIENTED_EDGE('',*,*,#1453,.T.);
#1453 = EDGE_CURVE('',#1425,#1454,#1456,.T.);
#1454 = VERTEX_POINT('',#1455);
#1455 = CARTESIAN_POINT('',(2.54,-0.25,0.95));
#1456 = SURFACE_CURVE('',#1457,(#1462,#1472),.PCURVE_S1.);
#1457 = ELLIPSE('',#1458,0.604060236914,0.25);
#1458 = AXIS2_PLACEMENT_3D('',#1459,#1460,#1461);
#1459 = CARTESIAN_POINT('',(2.54,0.,0.95));
#1460 = DIRECTION('',(0.910337808639,0.,0.413866009915));
#1461 = DIRECTION('',(-0.413866009915,0.,0.910337808639));
#1462 = PCURVE('',#1405,#1463);
#1463 = DEFINITIONAL_REPRESENTATION('',(#1464),#1471);
#1464 = B_SPLINE_CURVE_WITH_KNOTS('',5,(#1465,#1466,#1467,#1468,#1469,
    #1470),.UNSPECIFIED.,.F.,.F.,(6,6),(1.387926076545,1.570796326795),
  .PIECEWISE_BEZIER_KNOTS.);
#1465 = CARTESIAN_POINT('',(4.529518730135,1.0500006));
#1466 = CARTESIAN_POINT('',(4.566092780185,1.03022392349));
#1467 = CARTESIAN_POINT('',(4.602666830235,1.010280038398));
#1468 = CARTESIAN_POINT('',(4.639240880285,0.990224057811));
#1469 = CARTESIAN_POINT('',(4.675814930335,0.97011202888));
#1470 = CARTESIAN_POINT('',(4.712388980385,0.95));
#1471 = ( GEOMETRIC_REPRESENTATION_CONTEXT(2) 
PARAMETRIC_REPRESENTATION_CONTEXT() REPRESENTATION_CONTEXT('2D SPACE',''
  ) );
#1472 = PCURVE('',#1473,#1478);
#1473 = CYLINDRICAL_SURFACE('',#1474,0.25);
#1474 = AXIS2_PLACEMENT_3D('',#1475,#1476,#1477);
#1475 = CARTESIAN_POINT('',(2.54,0.,0.95));
#1476 = DIRECTION('',(-0.753515753072,0.,0.657429851674));
#1477 = DIRECTION('',(-0.657429851674,0.,-0.753515753072));
#1478 = DEFINITIONAL_REPRESENTATION('',(#1479),#1486);
#1479 = B_SPLINE_CURVE_WITH_KNOTS('',5,(#1480,#1481,#1482,#1483,#1484,
    #1485),.UNSPECIFIED.,.F.,.F.,(6,6),(1.387926076545,1.570796326795),
  .PIECEWISE_BEZIER_KNOTS.);
#1480 = CARTESIAN_POINT('',(1.753666577045,0.1000006));
#1481 = CARTESIAN_POINT('',(1.717092526995,8.022392348997E-02));
#1482 = CARTESIAN_POINT('',(1.680518476945,6.028003839803E-02));
#1483 = CARTESIAN_POINT('',(1.643944426895,4.02240578108E-02));
#1484 = CARTESIAN_POINT('',(1.607370376845,2.011202888007E-02));
#1485 = CARTESIAN_POINT('',(1.570796326795,0.));
#1486 = ( GEOMETRIC_REPRESENTATION_CONTEXT(2) 
PARAMETRIC_REPRESENTATION_CONTEXT() REPRESENTATION_CONTEXT('2D SPACE',''
  ) );
#1487 = ORIENTED_EDGE('',*,*,#1488,.F.);
#1488 = EDGE_CURVE('',#1489,#1454,#1491,.T.);
#1489 = VERTEX_POINT('',#1490);
#1490 = CARTESIAN_POINT('',(2.29,6.123233995737E-17,0.83634273838));
#1491 = SURFACE_CURVE('',#1492,(#1497,#1508),.PCURVE_S1.);
#1492 = ELLIPSE('',#1493,0.274623329524,0.25);
#1493 = AXIS2_PLACEMENT_3D('',#1494,#1495,#1496);
#1494 = CARTESIAN_POINT('',(2.54,0.,0.95));
#1495 = DIRECTION('',(-0.413866009915,0.,0.910337808639));
#1496 = DIRECTION('',(0.910337808639,0.,0.413866009915));
#1497 = PCURVE('',#1405,#1498);
#1498 = DEFINITIONAL_REPRESENTATION('',(#1499),#1507);
#1499 = B_SPLINE_CURVE_WITH_KNOTS('',6,(#1500,#1501,#1502,#1503,#1504,
    #1505,#1506),.UNSPECIFIED.,.F.,.F.,(7,7),(3.14159265359,
    4.712388980832),.PIECEWISE_BEZIER_KNOTS.);
#1500 = CARTESIAN_POINT('',(3.14159265359,0.83634273838));
#1501 = CARTESIAN_POINT('',(3.403392041463,0.83634273838));
#1502 = CARTESIAN_POINT('',(3.665191429337,0.84568870476));
#1503 = CARTESIAN_POINT('',(3.926990817211,0.864394530488));
#1504 = CARTESIAN_POINT('',(4.188790205084,0.890491469853));
#1505 = CARTESIAN_POINT('',(4.450589592958,0.920244598531));
#1506 = CARTESIAN_POINT('',(4.712388980832,0.950000000051));
#1507 = ( GEOMETRIC_REPRESENTATION_CONTEXT(2) 
PARAMETRIC_REPRESENTATION_CONTEXT() REPRESENTATION_CONTEXT('2D SPACE',''
  ) );
#1508 = PCURVE('',#1473,#1509);
#1509 = DEFINITIONAL_REPRESENTATION('',(#1510),#1518);
#1510 = B_SPLINE_CURVE_WITH_KNOTS('',6,(#1511,#1512,#1513,#1514,#1515,
    #1516,#1517),.UNSPECIFIED.,.F.,.F.,(7,7),(3.14159265359,
    4.712388980832),.PIECEWISE_BEZIER_KNOTS.);
#1511 = CARTESIAN_POINT('',(-8.881784197001E-16,0.11365726162));
#1512 = CARTESIAN_POINT('',(0.261799387874,0.11365726162));
#1513 = CARTESIAN_POINT('',(0.523598775747,0.10431129524));
#1514 = CARTESIAN_POINT('',(0.785398163621,8.560546951216E-02));
#1515 = CARTESIAN_POINT('',(1.047197551495,5.950853014686E-02));
#1516 = CARTESIAN_POINT('',(1.308996939368,2.975540146864E-02));
#1517 = CARTESIAN_POINT('',(1.570796327242,-5.080447174066E-11));
#1518 = ( GEOMETRIC_REPRESENTATION_CONTEXT(2) 
PARAMETRIC_REPRESENTATION_CONTEXT() REPRESENTATION_CONTEXT('2D SPACE',''
  ) );
#1519 = ORIENTED_EDGE('',*,*,#1520,.F.);
#1520 = EDGE_CURVE('',#1521,#1489,#1523,.T.);
#1521 = VERTEX_POINT('',#1522);
#1522 = CARTESIAN_POINT('',(2.54,0.25,0.95));
#1523 = SURFACE_CURVE('',#1524,(#1529,#1540),.PCURVE_S1.);
#1524 = ELLIPSE('',#1525,0.274623329524,0.25);
#1525 = AXIS2_PLACEMENT_3D('',#1526,#1527,#1528);
#1526 = CARTESIAN_POINT('',(2.54,0.,0.95));
#1527 = DIRECTION('',(-0.413866009915,0.,0.910337808639));
#1528 = DIRECTION('',(0.910337808639,0.,0.413866009915));
#1529 = PCURVE('',#1405,#1530);
#1530 = DEFINITIONAL_REPRESENTATION('',(#1531),#1539);
#1531 = B_SPLINE_CURVE_WITH_KNOTS('',6,(#1532,#1533,#1534,#1535,#1536,
    #1537,#1538),.UNSPECIFIED.,.F.,.F.,(7,7),(1.570796326795,
    3.14159265359),.PIECEWISE_BEZIER_KNOTS.);
#1532 = CARTESIAN_POINT('',(1.570796326795,0.95));
#1533 = CARTESIAN_POINT('',(1.832595714594,0.920244598489));
#1534 = CARTESIAN_POINT('',(2.094395102393,0.890491469823));
#1535 = CARTESIAN_POINT('',(2.356194490192,0.864394530472));
#1536 = CARTESIAN_POINT('',(2.617993877992,0.845688704755));
#1537 = CARTESIAN_POINT('',(2.879793265791,0.83634273838));
#1538 = CARTESIAN_POINT('',(3.14159265359,0.83634273838));
#1539 = ( GEOMETRIC_REPRESENTATION_CONTEXT(2) 
PARAMETRIC_REPRESENTATION_CONTEXT() REPRESENTATION_CONTEXT('2D SPACE',''
  ) );
#1540 = PCURVE('',#1473,#1541);
#1541 = DEFINITIONAL_REPRESENTATION('',(#1542),#1550);
#1542 = B_SPLINE_CURVE_WITH_KNOTS('',6,(#1543,#1544,#1545,#1546,#1547,
    #1548,#1549),.UNSPECIFIED.,.F.,.F.,(7,7),(1.570796326795,
    3.14159265359),.PIECEWISE_BEZIER_KNOTS.);
#1543 = CARTESIAN_POINT('',(4.712388980385,0.));
#1544 = CARTESIAN_POINT('',(4.974188368184,2.975540151098E-02));
#1545 = CARTESIAN_POINT('',(5.235987755983,5.950853017655E-02));
#1546 = CARTESIAN_POINT('',(5.497787143782,8.560546952814E-02));
#1547 = CARTESIAN_POINT('',(5.759586531581,0.104311295245));
#1548 = CARTESIAN_POINT('',(6.02138591938,0.11365726162));
#1549 = CARTESIAN_POINT('',(6.28318530718,0.11365726162));
#1550 = ( GEOMETRIC_REPRESENTATION_CONTEXT(2) 
PARAMETRIC_REPRESENTATION_CONTEXT() REPRESENTATION_CONTEXT('2D SPACE',''
  ) );
#1551 = ORIENTED_EDGE('',*,*,#1552,.T.);
#1552 = EDGE_CURVE('',#1521,#1553,#1555,.T.);
#1553 = VERTEX_POINT('',#1554);
#1554 = CARTESIAN_POINT('',(2.494537095352,0.245831495747,1.05));
#1555 = SURFACE_CURVE('',#1556,(#1561,#1571),.PCURVE_S1.);
#1556 = ELLIPSE('',#1557,0.604060236914,0.25);
#1557 = AXIS2_PLACEMENT_3D('',#1558,#1559,#1560);
#1558 = CARTESIAN_POINT('',(2.54,0.,0.95));
#1559 = DIRECTION('',(0.910337808639,0.,0.413866009915));
#1560 = DIRECTION('',(-0.413866009915,0.,0.910337808639));
#1561 = PCURVE('',#1405,#1562);
#1562 = DEFINITIONAL_REPRESENTATION('',(#1563),#1570);
#1563 = B_SPLINE_CURVE_WITH_KNOTS('',5,(#1564,#1565,#1566,#1567,#1568,
    #1569),.UNSPECIFIED.,.F.,.F.,(6,6),(4.712388980292,4.895259230635),
  .PIECEWISE_BEZIER_KNOTS.);
#1564 = CARTESIAN_POINT('',(1.570796326703,0.949999999949));
#1565 = CARTESIAN_POINT('',(1.607370376771,0.970112028839));
#1566 = CARTESIAN_POINT('',(1.643944426839,0.99022405778));
#1567 = CARTESIAN_POINT('',(1.680518476908,1.010280038378));
#1568 = CARTESIAN_POINT('',(1.717092526976,1.03022392348));
#1569 = CARTESIAN_POINT('',(1.753666577045,1.0500006));
#1570 = ( GEOMETRIC_REPRESENTATION_CONTEXT(2) 
PARAMETRIC_REPRESENTATION_CONTEXT() REPRESENTATION_CONTEXT('2D SPACE',''
  ) );
#1571 = PCURVE('',#1473,#1572);
#1572 = DEFINITIONAL_REPRESENTATION('',(#1573),#1580);
#1573 = B_SPLINE_CURVE_WITH_KNOTS('',5,(#1574,#1575,#1576,#1577,#1578,
    #1579),.UNSPECIFIED.,.F.,.F.,(6,6),(4.712388980292,4.895259230635),
  .PIECEWISE_BEZIER_KNOTS.);
#1574 = CARTESIAN_POINT('',(4.712388980477,-5.080447174066E-11));
#1575 = CARTESIAN_POINT('',(4.675814930409,2.011202883942E-02));
#1576 = CARTESIAN_POINT('',(4.63924088034,4.022405778041E-02));
#1577 = CARTESIAN_POINT('',(4.602666830272,6.028003837788E-02));
#1578 = CARTESIAN_POINT('',(4.566092780203,8.022392347998E-02));
#1579 = CARTESIAN_POINT('',(4.529518730135,0.1000006));
#1580 = ( GEOMETRIC_REPRESENTATION_CONTEXT(2) 
PARAMETRIC_REPRESENTATION_CONTEXT() REPRESENTATION_CONTEXT('2D SPACE',''
  ) );
#1581 = ORIENTED_EDGE('',*,*,#1582,.F.);
#1582 = EDGE_CURVE('',#1397,#1553,#1583,.T.);
#1583 = SURFACE_CURVE('',#1584,(#1589,#1596),.PCURVE_S1.);
#1584 = CIRCLE('',#1585,0.25);
#1585 = AXIS2_PLACEMENT_3D('',#1586,#1587,#1588);
#1586 = CARTESIAN_POINT('',(2.54,0.,1.05));
#1587 = DIRECTION('',(0.,0.,1.));
#1588 = DIRECTION('',(1.,0.,-0.));
#1589 = PCURVE('',#1405,#1590);
#1590 = DEFINITIONAL_REPRESENTATION('',(#1591),#1595);
#1591 = LINE('',#1592,#1593);
#1592 = CARTESIAN_POINT('',(0.,1.05));
#1593 = VECTOR('',#1594,1.);
#1594 = DIRECTION('',(1.,0.));
#1595 = ( GEOMETRIC_REPRESENTATION_CONTEXT(2) 
PARAMETRIC_REPRESENTATION_CONTEXT() REPRESENTATION_CONTEXT('2D SPACE',''
  ) );
#1596 = PCURVE('',#1441,#1597);
#1597 = DEFINITIONAL_REPRESENTATION('',(#1598),#1602);
#1598 = CIRCLE('',#1599,0.25);
#1599 = AXIS2_PLACEMENT_2D('',#1600,#1601);
#1600 = CARTESIAN_POINT('',(0.,0.));
#1601 = DIRECTION('',(1.,0.));
#1602 = ( GEOMETRIC_REPRESENTATION_CONTEXT(2) 
PARAMETRIC_REPRESENTATION_CONTEXT() REPRESENTATION_CONTEXT('2D SPACE',''
  ) );
#1603 = ORIENTED_EDGE('',*,*,#1394,.F.);
#1604 = ORIENTED_EDGE('',*,*,#1605,.T.);
#1605 = EDGE_CURVE('',#1395,#1395,#1606,.T.);
#1606 = SURFACE_CURVE('',#1607,(#1612,#1619),.PCURVE_S1.);
#1607 = CIRCLE('',#1608,0.25);
#1608 = AXIS2_PLACEMENT_3D('',#1609,#1610,#1611);
#1609 = CARTESIAN_POINT('',(2.54,0.,0.));
#1610 = DIRECTION('',(0.,0.,1.));
#1611 = DIRECTION('',(1.,0.,-0.));
#1612 = PCURVE('',#1405,#1613);
#1613 = DEFINITIONAL_REPRESENTATION('',(#1614),#1618);
#1614 = LINE('',#1615,#1616);
#1615 = CARTESIAN_POINT('',(0.,0.));
#1616 = VECTOR('',#1617,1.);
#1617 = DIRECTION('',(1.,0.));
#1618 = ( GEOMETRIC_REPRESENTATION_CONTEXT(2) 
PARAMETRIC_REPRESENTATION_CONTEXT() REPRESENTATION_CONTEXT('2D SPACE',''
  ) );
#1619 = PCURVE('',#1620,#1625);
#1620 = PLANE('',#1621);
#1621 = AXIS2_PLACEMENT_3D('',#1622,#1623,#1624);
#1622 = CARTESIAN_POINT('',(2.54,0.,0.));
#1623 = DIRECTION('',(0.,0.,1.));
#1624 = DIRECTION('',(1.,0.,-0.));
#1625 = DEFINITIONAL_REPRESENTATION('',(#1626),#1630);
#1626 = CIRCLE('',#1627,0.25);
#1627 = AXIS2_PLACEMENT_2D('',#1628,#1629);
#1628 = CARTESIAN_POINT('',(0.,0.));
#1629 = DIRECTION('',(1.,0.));
#1630 = ( GEOMETRIC_REPRESENTATION_CONTEXT(2) 
PARAMETRIC_REPRESENTATION_CONTEXT() REPRESENTATION_CONTEXT('2D SPACE',''
  ) );
#1631 = ADVANCED_FACE('',(#1632),#1620,.F.);
#1632 = FACE_BOUND('',#1633,.T.);
#1633 = EDGE_LOOP('',(#1634));
#1634 = ORIENTED_EDGE('',*,*,#1605,.F.);
#1635 = ADVANCED_FACE('',(#1636),#1441,.T.);
#1636 = FACE_BOUND('',#1637,.T.);
#1637 = EDGE_LOOP('',(#1638,#1639,#1640,#1667,#1693));
#1638 = ORIENTED_EDGE('',*,*,#1424,.T.);
#1639 = ORIENTED_EDGE('',*,*,#1582,.T.);
#1640 = ORIENTED_EDGE('',*,*,#1641,.F.);
#1641 = EDGE_CURVE('',#1642,#1553,#1644,.T.);
#1642 = VERTEX_POINT('',#1643);
#1643 = CARTESIAN_POINT('',(2.627248322148,0.211867246837,1.05));
#1644 = SURFACE_CURVE('',#1645,(#1650,#1657),.PCURVE_S1.);
#1645 = ELLIPSE('',#1646,0.380268707549,0.25);
#1646 = AXIS2_PLACEMENT_3D('',#1647,#1648,#1649);
#1647 = CARTESIAN_POINT('',(2.425384615385,0.,1.05));
#1648 = DIRECTION('',(0.,0.,1.));
#1649 = DIRECTION('',(-1.,0.,0.));
#1650 = PCURVE('',#1441,#1651);
#1651 = DEFINITIONAL_REPRESENTATION('',(#1652),#1656);
#1652 = ELLIPSE('',#1653,0.380268707549,0.25);
#1653 = AXIS2_PLACEMENT_2D('',#1654,#1655);
#1654 = CARTESIAN_POINT('',(-0.114615384615,0.));
#1655 = DIRECTION('',(-1.,0.));
#1656 = ( GEOMETRIC_REPRESENTATION_CONTEXT(2) 
PARAMETRIC_REPRESENTATION_CONTEXT() REPRESENTATION_CONTEXT('2D SPACE',''
  ) );
#1657 = PCURVE('',#1473,#1658);
#1658 = DEFINITIONAL_REPRESENTATION('',(#1659),#1666);
#1659 = B_SPLINE_CURVE_WITH_KNOTS('',5,(#1660,#1661,#1662,#1663,#1664,
    #1665),.UNSPECIFIED.,.F.,.F.,(6,6),(4.152789278035,5.221624056236),
  .PIECEWISE_BEZIER_KNOTS.);
#1660 = CARTESIAN_POINT('',(4.152789278035,-6.000000003503E-07));
#1661 = CARTESIAN_POINT('',(4.366556233675,5.190887532896E-02));
#1662 = CARTESIAN_POINT('',(4.580323189315,0.112505731443));
#1663 = CARTESIAN_POINT('',(4.794090144955,0.176857798177));
#1664 = CARTESIAN_POINT('',(5.007857100595,0.238317110598));
#1665 = CARTESIAN_POINT('',(5.221624056236,0.291797711089));
#1666 = ( GEOMETRIC_REPRESENTATION_CONTEXT(2) 
PARAMETRIC_REPRESENTATION_CONTEXT() REPRESENTATION_CONTEXT('2D SPACE',''
  ) );
#1667 = ORIENTED_EDGE('',*,*,#1668,.T.);
#1668 = EDGE_CURVE('',#1642,#1669,#1671,.T.);
#1669 = VERTEX_POINT('',#1670);
#1670 = CARTESIAN_POINT('',(2.627248322148,-0.211867246837,1.05));
#1671 = SURFACE_CURVE('',#1672,(#1676,#1682),.PCURVE_S1.);
#1672 = LINE('',#1673,#1674);
#1673 = CARTESIAN_POINT('',(2.627248322148,0.,1.05));
#1674 = VECTOR('',#1675,1.);
#1675 = DIRECTION('',(0.,-1.,0.));
#1676 = PCURVE('',#1441,#1677);
#1677 = DEFINITIONAL_REPRESENTATION('',(#1678),#1681);
#1678 = B_SPLINE_CURVE_WITH_KNOTS('',1,(#1679,#1680),.UNSPECIFIED.,.F.,
  .F.,(2,2),(-0.25,0.25),.PIECEWISE_BEZIER_KNOTS.);
#1679 = CARTESIAN_POINT('',(8.724832214765E-02,0.25));
#1680 = CARTESIAN_POINT('',(8.724832214765E-02,-0.25));
#1681 = ( GEOMETRIC_REPRESENTATION_CONTEXT(2) 
PARAMETRIC_REPRESENTATION_CONTEXT() REPRESENTATION_CONTEXT('2D SPACE',''
  ) );
#1682 = PCURVE('',#1683,#1688);
#1683 = PLANE('',#1684);
#1684 = AXIS2_PLACEMENT_3D('',#1685,#1686,#1687);
#1685 = CARTESIAN_POINT('',(2.54,0.,0.95));
#1686 = DIRECTION('',(-0.753515753072,0.,0.657429851674));
#1687 = DIRECTION('',(-0.657429851674,0.,-0.753515753072));
#1688 = DEFINITIONAL_REPRESENTATION('',(#1689),#1692);
#1689 = B_SPLINE_CURVE_WITH_KNOTS('',1,(#1690,#1691),.UNSPECIFIED.,.F.,
  .F.,(2,2),(-0.25,0.25),.PIECEWISE_BEZIER_KNOTS.);
#1690 = CARTESIAN_POINT('',(-0.132711226796,-0.25));
#1691 = CARTESIAN_POINT('',(-0.132711226796,0.25));
#1692 = ( GEOMETRIC_REPRESENTATION_CONTEXT(2) 
PARAMETRIC_REPRESENTATION_CONTEXT() REPRESENTATION_CONTEXT('2D SPACE',''
  ) );
#1693 = ORIENTED_EDGE('',*,*,#1694,.F.);
#1694 = EDGE_CURVE('',#1425,#1669,#1695,.T.);
#1695 = SURFACE_CURVE('',#1696,(#1701,#1708),.PCURVE_S1.);
#1696 = ELLIPSE('',#1697,0.380268707549,0.25);
#1697 = AXIS2_PLACEMENT_3D('',#1698,#1699,#1700);
#1698 = CARTESIAN_POINT('',(2.425384615385,0.,1.05));
#1699 = DIRECTION('',(0.,0.,1.));
#1700 = DIRECTION('',(-1.,0.,0.));
#1701 = PCURVE('',#1441,#1702);
#1702 = DEFINITIONAL_REPRESENTATION('',(#1703),#1707);
#1703 = ELLIPSE('',#1704,0.380268707549,0.25);
#1704 = AXIS2_PLACEMENT_2D('',#1705,#1706);
#1705 = CARTESIAN_POINT('',(-0.114615384615,0.));
#1706 = DIRECTION('',(-1.,0.));
#1707 = ( GEOMETRIC_REPRESENTATION_CONTEXT(2) 
PARAMETRIC_REPRESENTATION_CONTEXT() REPRESENTATION_CONTEXT('2D SPACE',''
  ) );
#1708 = PCURVE('',#1473,#1709);
#1709 = DEFINITIONAL_REPRESENTATION('',(#1710),#1717);
#1710 = B_SPLINE_CURVE_WITH_KNOTS('',5,(#1711,#1712,#1713,#1714,#1715,
    #1716),.UNSPECIFIED.,.F.,.F.,(6,6),(1.061561250944,2.130396029145),
  .PIECEWISE_BEZIER_KNOTS.);
#1711 = CARTESIAN_POINT('',(1.061561250944,0.291797711089));
#1712 = CARTESIAN_POINT('',(1.275328206584,0.238317110598));
#1713 = CARTESIAN_POINT('',(1.489095162224,0.176857798177));
#1714 = CARTESIAN_POINT('',(1.702862117865,0.112505731443));
#1715 = CARTESIAN_POINT('',(1.916629073505,5.190887532896E-02));
#1716 = CARTESIAN_POINT('',(2.130396029145,-6.000000001283E-07));
#1717 = ( GEOMETRIC_REPRESENTATION_CONTEXT(2) 
PARAMETRIC_REPRESENTATION_CONTEXT() REPRESENTATION_CONTEXT('2D SPACE',''
  ) );
#1718 = ADVANCED_FACE('',(#1719),#1473,.T.);
#1719 = FACE_BOUND('',#1720,.T.);
#1720 = EDGE_LOOP('',(#1721,#1722,#1745,#1774,#1806,#1841,#1873,#1905,
    #1935,#1962,#1984,#1985,#1986,#1987,#1988,#2010,#2011));
#1721 = ORIENTED_EDGE('',*,*,#1520,.T.);
#1722 = ORIENTED_EDGE('',*,*,#1723,.T.);
#1723 = EDGE_CURVE('',#1489,#1724,#1726,.T.);
#1724 = VERTEX_POINT('',#1725);
#1725 = CARTESIAN_POINT('',(0.885642537082,6.123233995737E-17,
    2.061621061732));
#1726 = SEAM_CURVE('',#1727,(#1731,#1738),.PCURVE_S1.);
#1727 = LINE('',#1728,#1729);
#1728 = CARTESIAN_POINT('',(2.375642537082,6.123233995737E-17,
    0.761621061732));
#1729 = VECTOR('',#1730,1.);
#1730 = DIRECTION('',(-0.753515753072,-6.106982685968E-33,0.657429851674
    ));
#1731 = PCURVE('',#1473,#1732);
#1732 = DEFINITIONAL_REPRESENTATION('',(#1733),#1737);
#1733 = LINE('',#1734,#1735);
#1734 = CARTESIAN_POINT('',(0.,-0.));
#1735 = VECTOR('',#1736,1.);
#1736 = DIRECTION('',(0.,1.));
#1737 = ( GEOMETRIC_REPRESENTATION_CONTEXT(2) 
PARAMETRIC_REPRESENTATION_CONTEXT() REPRESENTATION_CONTEXT('2D SPACE',''
  ) );
#1738 = PCURVE('',#1473,#1739);
#1739 = DEFINITIONAL_REPRESENTATION('',(#1740),#1744);
#1740 = LINE('',#1741,#1742);
#1741 = CARTESIAN_POINT('',(6.28318530718,-0.));
#1742 = VECTOR('',#1743,1.);
#1743 = DIRECTION('',(0.,1.));
#1744 = ( GEOMETRIC_REPRESENTATION_CONTEXT(2) 
PARAMETRIC_REPRESENTATION_CONTEXT() REPRESENTATION_CONTEXT('2D SPACE',''
  ) );
#1745 = ORIENTED_EDGE('',*,*,#1746,.F.);
#1746 = EDGE_CURVE('',#1747,#1724,#1749,.T.);
#1747 = VERTEX_POINT('',#1748);
#1748 = CARTESIAN_POINT('',(0.962751677852,0.211867246837,2.15));
#1749 = SURFACE_CURVE('',#1750,(#1755,#1762),.PCURVE_S1.);
#1750 = CIRCLE('',#1751,0.25);
#1751 = AXIS2_PLACEMENT_3D('',#1752,#1753,#1754);
#1752 = CARTESIAN_POINT('',(1.05,0.,2.25));
#1753 = DIRECTION('',(-0.753515753072,0.,0.657429851674));
#1754 = DIRECTION('',(-0.657429851674,0.,-0.753515753072));
#1755 = PCURVE('',#1473,#1756);
#1756 = DEFINITIONAL_REPRESENTATION('',(#1757),#1761);
#1757 = LINE('',#1758,#1759);
#1758 = CARTESIAN_POINT('',(0.,1.977397279254));
#1759 = VECTOR('',#1760,1.);
#1760 = DIRECTION('',(1.,0.));
#1761 = ( GEOMETRIC_REPRESENTATION_CONTEXT(2) 
PARAMETRIC_REPRESENTATION_CONTEXT() REPRESENTATION_CONTEXT('2D SPACE',''
  ) );
#1762 = PCURVE('',#1763,#1768);
#1763 = PLANE('',#1764);
#1764 = AXIS2_PLACEMENT_3D('',#1765,#1766,#1767);
#1765 = CARTESIAN_POINT('',(1.05,0.,2.25));
#1766 = DIRECTION('',(-0.753515753072,0.,0.657429851674));
#1767 = DIRECTION('',(-0.657429851674,0.,-0.753515753072));
#1768 = DEFINITIONAL_REPRESENTATION('',(#1769),#1773);
#1769 = CIRCLE('',#1770,0.25);
#1770 = AXIS2_PLACEMENT_2D('',#1771,#1772);
#1771 = CARTESIAN_POINT('',(0.,0.));
#1772 = DIRECTION('',(1.,0.));
#1773 = ( GEOMETRIC_REPRESENTATION_CONTEXT(2) 
PARAMETRIC_REPRESENTATION_CONTEXT() REPRESENTATION_CONTEXT('2D SPACE',''
  ) );
#1774 = ORIENTED_EDGE('',*,*,#1775,.F.);
#1775 = EDGE_CURVE('',#1776,#1747,#1778,.T.);
#1776 = VERTEX_POINT('',#1777);
#1777 = CARTESIAN_POINT('',(1.095462904648,0.245831495747,2.15));
#1778 = SURFACE_CURVE('',#1779,(#1784,#1794),.PCURVE_S1.);
#1779 = ELLIPSE('',#1780,0.380268707549,0.25);
#1780 = AXIS2_PLACEMENT_3D('',#1781,#1782,#1783);
#1781 = CARTESIAN_POINT('',(1.164615384615,0.,2.15));
#1782 = DIRECTION('',(0.,0.,1.));
#1783 = DIRECTION('',(-1.,0.,0.));
#1784 = PCURVE('',#1473,#1785);
#1785 = DEFINITIONAL_REPRESENTATION('',(#1786),#1793);
#1786 = B_SPLINE_CURVE_WITH_KNOTS('',5,(#1787,#1788,#1789,#1790,#1791,
    #1792),.UNSPECIFIED.,.F.,.F.,(6,6),(4.203153904534,5.271988682735),
  .PIECEWISE_BEZIER_KNOTS.);
#1787 = CARTESIAN_POINT('',(4.203153904534,1.685599568165));
#1788 = CARTESIAN_POINT('',(4.416920860174,1.739080168656));
#1789 = CARTESIAN_POINT('',(4.630687815814,1.800539481076));
#1790 = CARTESIAN_POINT('',(4.844454771454,1.864891547811));
#1791 = CARTESIAN_POINT('',(5.058221727095,1.925488403925));
#1792 = CARTESIAN_POINT('',(5.271988682735,1.977397879254));
#1793 = ( GEOMETRIC_REPRESENTATION_CONTEXT(2) 
PARAMETRIC_REPRESENTATION_CONTEXT() REPRESENTATION_CONTEXT('2D SPACE',''
  ) );
#1794 = PCURVE('',#1795,#1800);
#1795 = PLANE('',#1796);
#1796 = AXIS2_PLACEMENT_3D('',#1797,#1798,#1799);
#1797 = CARTESIAN_POINT('',(1.05,0.,2.15));
#1798 = DIRECTION('',(0.,0.,1.));
#1799 = DIRECTION('',(1.,0.,-0.));
#1800 = DEFINITIONAL_REPRESENTATION('',(#1801),#1805);
#1801 = ELLIPSE('',#1802,0.380268707549,0.25);
#1802 = AXIS2_PLACEMENT_2D('',#1803,#1804);
#1803 = CARTESIAN_POINT('',(0.114615384615,0.));
#1804 = DIRECTION('',(-1.,0.));
#1805 = ( GEOMETRIC_REPRESENTATION_CONTEXT(2) 
PARAMETRIC_REPRESENTATION_CONTEXT() REPRESENTATION_CONTEXT('2D SPACE',''
  ) );
#1806 = ORIENTED_EDGE('',*,*,#1807,.F.);
#1807 = EDGE_CURVE('',#1808,#1776,#1810,.T.);
#1808 = VERTEX_POINT('',#1809);
#1809 = CARTESIAN_POINT('',(1.05,0.25,2.25));
#1810 = SURFACE_CURVE('',#1811,(#1816,#1826),.PCURVE_S1.);
#1811 = ELLIPSE('',#1812,0.604060236914,0.25);
#1812 = AXIS2_PLACEMENT_3D('',#1813,#1814,#1815);
#1813 = CARTESIAN_POINT('',(1.05,0.,2.25));
#1814 = DIRECTION('',(-0.910337808639,0.,-0.413866009915));
#1815 = DIRECTION('',(-0.413866009915,0.,0.910337808639));
#1816 = PCURVE('',#1473,#1817);
#1817 = DEFINITIONAL_REPRESENTATION('',(#1818),#1825);
#1818 = B_SPLINE_CURVE_WITH_KNOTS('',5,(#1819,#1820,#1821,#1822,#1823,
    #1824),.UNSPECIFIED.,.F.,.F.,(6,6),(1.570796327039,1.753666577045),
  .PIECEWISE_BEZIER_KNOTS.);
#1819 = CARTESIAN_POINT('',(4.712388980629,1.97739727912));
#1820 = CARTESIAN_POINT('',(4.74896303063,1.957285250266));
#1821 = CARTESIAN_POINT('',(4.785537080631,1.937173221363));
#1822 = CARTESIAN_POINT('',(4.822111130632,1.917117240802));
#1823 = CARTESIAN_POINT('',(4.858685180634,1.897173355737));
#1824 = CARTESIAN_POINT('',(4.895259230635,1.877396679254));
#1825 = ( GEOMETRIC_REPRESENTATION_CONTEXT(2) 
PARAMETRIC_REPRESENTATION_CONTEXT() REPRESENTATION_CONTEXT('2D SPACE',''
  ) );
#1826 = PCURVE('',#1827,#1832);
#1827 = CYLINDRICAL_SURFACE('',#1828,0.25);
#1828 = AXIS2_PLACEMENT_3D('',#1829,#1830,#1831);
#1829 = CARTESIAN_POINT('',(1.05,0.,2.15));
#1830 = DIRECTION('',(0.,0.,1.));
#1831 = DIRECTION('',(1.,0.,-0.));
#1832 = DEFINITIONAL_REPRESENTATION('',(#1833),#1840);
#1833 = B_SPLINE_CURVE_WITH_KNOTS('',5,(#1834,#1835,#1836,#1837,#1838,
    #1839),.UNSPECIFIED.,.F.,.F.,(6,6),(1.570796327039,1.753666577045),
  .PIECEWISE_BEZIER_KNOTS.);
#1834 = CARTESIAN_POINT('',(1.570796326551,9.999999986579E-02));
#1835 = CARTESIAN_POINT('',(1.53422227655,7.988797101257E-02));
#1836 = CARTESIAN_POINT('',(1.497648226548,5.97759421089E-02));
#1837 = CARTESIAN_POINT('',(1.461074176547,3.971996154873E-02));
#1838 = CARTESIAN_POINT('',(1.424500126546,1.977607648363E-02));
#1839 = CARTESIAN_POINT('',(1.387926076545,-6.000000012385E-07));
#1840 = ( GEOMETRIC_REPRESENTATION_CONTEXT(2) 
PARAMETRIC_REPRESENTATION_CONTEXT() REPRESENTATION_CONTEXT('2D SPACE',''
  ) );
#1841 = ORIENTED_EDGE('',*,*,#1842,.F.);
#1842 = EDGE_CURVE('',#1843,#1808,#1845,.T.);
#1843 = VERTEX_POINT('',#1844);
#1844 = CARTESIAN_POINT('',(1.3,-6.123233995737E-17,2.36365726162));
#1845 = SURFACE_CURVE('',#1846,(#1851,#1862),.PCURVE_S1.);
#1846 = ELLIPSE('',#1847,0.274623329524,0.25);
#1847 = AXIS2_PLACEMENT_3D('',#1848,#1849,#1850);
#1848 = CARTESIAN_POINT('',(1.05,0.,2.25));
#1849 = DIRECTION('',(-0.413866009915,0.,0.910337808639));
#1850 = DIRECTION('',(-0.910337808639,0.,-0.413866009915));
#1851 = PCURVE('',#1473,#1852);
#1852 = DEFINITIONAL_REPRESENTATION('',(#1853),#1861);
#1853 = B_SPLINE_CURVE_WITH_KNOTS('',6,(#1854,#1855,#1856,#1857,#1858,
    #1859,#1860),.UNSPECIFIED.,.F.,.F.,(7,7),(3.14159265359,
    4.712388980385),.PIECEWISE_BEZIER_KNOTS.);
#1854 = CARTESIAN_POINT('',(3.14159265359,1.863740017634));
#1855 = CARTESIAN_POINT('',(3.403392041389,1.863740017634));
#1856 = CARTESIAN_POINT('',(3.665191429188,1.873085984008));
#1857 = CARTESIAN_POINT('',(3.926990816987,1.891791809726));
#1858 = CARTESIAN_POINT('',(4.188790204786,1.917888749077));
#1859 = CARTESIAN_POINT('',(4.450589592586,1.947641877743));
#1860 = CARTESIAN_POINT('',(4.712388980385,1.977397279254));
#1861 = ( GEOMETRIC_REPRESENTATION_CONTEXT(2) 
PARAMETRIC_REPRESENTATION_CONTEXT() REPRESENTATION_CONTEXT('2D SPACE',''
  ) );
#1862 = PCURVE('',#1827,#1863);
#1863 = DEFINITIONAL_REPRESENTATION('',(#1864),#1872);
#1864 = B_SPLINE_CURVE_WITH_KNOTS('',6,(#1865,#1866,#1867,#1868,#1869,
    #1870,#1871),.UNSPECIFIED.,.F.,.F.,(7,7),(3.14159265359,
    4.712388980385),.PIECEWISE_BEZIER_KNOTS.);
#1865 = CARTESIAN_POINT('',(-8.881784197001E-16,0.21365726162));
#1866 = CARTESIAN_POINT('',(0.261799387799,0.21365726162));
#1867 = CARTESIAN_POINT('',(0.523598775598,0.204311295245));
#1868 = CARTESIAN_POINT('',(0.785398163397,0.185605469528));
#1869 = CARTESIAN_POINT('',(1.047197551197,0.159508530177));
#1870 = CARTESIAN_POINT('',(1.308996938996,0.129755401511));
#1871 = CARTESIAN_POINT('',(1.570796326795,0.1));
#1872 = ( GEOMETRIC_REPRESENTATION_CONTEXT(2) 
PARAMETRIC_REPRESENTATION_CONTEXT() REPRESENTATION_CONTEXT('2D SPACE',''
  ) );
#1873 = ORIENTED_EDGE('',*,*,#1874,.F.);
#1874 = EDGE_CURVE('',#1875,#1843,#1877,.T.);
#1875 = VERTEX_POINT('',#1876);
#1876 = CARTESIAN_POINT('',(1.05,-0.25,2.25));
#1877 = SURFACE_CURVE('',#1878,(#1883,#1894),.PCURVE_S1.);
#1878 = ELLIPSE('',#1879,0.274623329524,0.25);
#1879 = AXIS2_PLACEMENT_3D('',#1880,#1881,#1882);
#1880 = CARTESIAN_POINT('',(1.05,0.,2.25));
#1881 = DIRECTION('',(-0.413866009915,0.,0.910337808639));
#1882 = DIRECTION('',(-0.910337808639,0.,-0.413866009915));
#1883 = PCURVE('',#1473,#1884);
#1884 = DEFINITIONAL_REPRESENTATION('',(#1885),#1893);
#1885 = B_SPLINE_CURVE_WITH_KNOTS('',6,(#1886,#1887,#1888,#1889,#1890,
    #1891,#1892),.UNSPECIFIED.,.F.,.F.,(7,7),(1.570796326795,
    3.14159265359),.PIECEWISE_BEZIER_KNOTS.);
#1886 = CARTESIAN_POINT('',(1.570796326795,1.977397279254));
#1887 = CARTESIAN_POINT('',(1.832595714594,1.947641877743));
#1888 = CARTESIAN_POINT('',(2.094395102393,1.917888749077));
#1889 = CARTESIAN_POINT('',(2.356194490192,1.891791809726));
#1890 = CARTESIAN_POINT('',(2.617993877991,1.873085984008));
#1891 = CARTESIAN_POINT('',(2.879793265791,1.863740017634));
#1892 = CARTESIAN_POINT('',(3.14159265359,1.863740017634));
#1893 = ( GEOMETRIC_REPRESENTATION_CONTEXT(2) 
PARAMETRIC_REPRESENTATION_CONTEXT() REPRESENTATION_CONTEXT('2D SPACE',''
  ) );
#1894 = PCURVE('',#1827,#1895);
#1895 = DEFINITIONAL_REPRESENTATION('',(#1896),#1904);
#1896 = B_SPLINE_CURVE_WITH_KNOTS('',6,(#1897,#1898,#1899,#1900,#1901,
    #1902,#1903),.UNSPECIFIED.,.F.,.F.,(7,7),(1.570796326795,
    3.14159265359),.PIECEWISE_BEZIER_KNOTS.);
#1897 = CARTESIAN_POINT('',(4.712388980385,0.1));
#1898 = CARTESIAN_POINT('',(4.974188368184,0.129755401511));
#1899 = CARTESIAN_POINT('',(5.235987755983,0.159508530177));
#1900 = CARTESIAN_POINT('',(5.497787143782,0.185605469528));
#1901 = CARTESIAN_POINT('',(5.759586531581,0.204311295245));
#1902 = CARTESIAN_POINT('',(6.02138591938,0.21365726162));
#1903 = CARTESIAN_POINT('',(6.28318530718,0.21365726162));
#1904 = ( GEOMETRIC_REPRESENTATION_CONTEXT(2) 
PARAMETRIC_REPRESENTATION_CONTEXT() REPRESENTATION_CONTEXT('2D SPACE',''
  ) );
#1905 = ORIENTED_EDGE('',*,*,#1906,.F.);
#1906 = EDGE_CURVE('',#1907,#1875,#1909,.T.);
#1907 = VERTEX_POINT('',#1908);
#1908 = CARTESIAN_POINT('',(1.095462904648,-0.245831495747,2.15));
#1909 = SURFACE_CURVE('',#1910,(#1915,#1925),.PCURVE_S1.);
#1910 = ELLIPSE('',#1911,0.604060236914,0.25);
#1911 = AXIS2_PLACEMENT_3D('',#1912,#1913,#1914);
#1912 = CARTESIAN_POINT('',(1.05,0.,2.25));
#1913 = DIRECTION('',(-0.910337808639,0.,-0.413866009915));
#1914 = DIRECTION('',(-0.413866009915,0.,0.910337808639));
#1915 = PCURVE('',#1473,#1916);
#1916 = DEFINITIONAL_REPRESENTATION('',(#1917),#1924);
#1917 = B_SPLINE_CURVE_WITH_KNOTS('',5,(#1918,#1919,#1920,#1921,#1922,
    #1923),.UNSPECIFIED.,.F.,.F.,(6,6),(4.529518730135,4.712388980385),
  .PIECEWISE_BEZIER_KNOTS.);
#1918 = CARTESIAN_POINT('',(1.387926076545,1.877396679254));
#1919 = CARTESIAN_POINT('',(1.424500126595,1.897173355764));
#1920 = CARTESIAN_POINT('',(1.461074176645,1.917117240856));
#1921 = CARTESIAN_POINT('',(1.497648226695,1.937173221443));
#1922 = CARTESIAN_POINT('',(1.534222276745,1.957285250374));
#1923 = CARTESIAN_POINT('',(1.570796326795,1.977397279254));
#1924 = ( GEOMETRIC_REPRESENTATION_CONTEXT(2) 
PARAMETRIC_REPRESENTATION_CONTEXT() REPRESENTATION_CONTEXT('2D SPACE',''
  ) );
#1925 = PCURVE('',#1827,#1926);
#1926 = DEFINITIONAL_REPRESENTATION('',(#1927),#1934);
#1927 = B_SPLINE_CURVE_WITH_KNOTS('',5,(#1928,#1929,#1930,#1931,#1932,
    #1933),.UNSPECIFIED.,.F.,.F.,(6,6),(4.529518730135,4.712388980385),
  .PIECEWISE_BEZIER_KNOTS.);
#1928 = CARTESIAN_POINT('',(4.895259230635,-6.000000016826E-07));
#1929 = CARTESIAN_POINT('',(4.858685180585,1.977607651003E-02));
#1930 = CARTESIAN_POINT('',(4.822111130535,3.971996160197E-02));
#1931 = CARTESIAN_POINT('',(4.785537080485,5.977594218919E-02));
#1932 = CARTESIAN_POINT('',(4.748963030435,7.988797111993E-02));
#1933 = CARTESIAN_POINT('',(4.712388980385,0.1));
#1934 = ( GEOMETRIC_REPRESENTATION_CONTEXT(2) 
PARAMETRIC_REPRESENTATION_CONTEXT() REPRESENTATION_CONTEXT('2D SPACE',''
  ) );
#1935 = ORIENTED_EDGE('',*,*,#1936,.F.);
#1936 = EDGE_CURVE('',#1937,#1907,#1939,.T.);
#1937 = VERTEX_POINT('',#1938);
#1938 = CARTESIAN_POINT('',(0.962751677852,-0.211867246837,2.15));
#1939 = SURFACE_CURVE('',#1940,(#1945,#1955),.PCURVE_S1.);
#1940 = ELLIPSE('',#1941,0.380268707549,0.25);
#1941 = AXIS2_PLACEMENT_3D('',#1942,#1943,#1944);
#1942 = CARTESIAN_POINT('',(1.164615384615,0.,2.15));
#1943 = DIRECTION('',(0.,0.,1.));
#1944 = DIRECTION('',(-1.,0.,0.));
#1945 = PCURVE('',#1473,#1946);
#1946 = DEFINITIONAL_REPRESENTATION('',(#1947),#1954);
#1947 = B_SPLINE_CURVE_WITH_KNOTS('',5,(#1948,#1949,#1950,#1951,#1952,
    #1953),.UNSPECIFIED.,.F.,.F.,(6,6),(1.011196624445,2.080031402646),
  .PIECEWISE_BEZIER_KNOTS.);
#1948 = CARTESIAN_POINT('',(1.011196624445,1.977397879254));
#1949 = CARTESIAN_POINT('',(1.224963580085,1.925488403925));
#1950 = CARTESIAN_POINT('',(1.438730535725,1.864891547811));
#1951 = CARTESIAN_POINT('',(1.652497491365,1.800539481076));
#1952 = CARTESIAN_POINT('',(1.866264447006,1.739080168656));
#1953 = CARTESIAN_POINT('',(2.080031402646,1.685599568165));
#1954 = ( GEOMETRIC_REPRESENTATION_CONTEXT(2) 
PARAMETRIC_REPRESENTATION_CONTEXT() REPRESENTATION_CONTEXT('2D SPACE',''
  ) );
#1955 = PCURVE('',#1795,#1956);
#1956 = DEFINITIONAL_REPRESENTATION('',(#1957),#1961);
#1957 = ELLIPSE('',#1958,0.380268707549,0.25);
#1958 = AXIS2_PLACEMENT_2D('',#1959,#1960);
#1959 = CARTESIAN_POINT('',(0.114615384615,0.));
#1960 = DIRECTION('',(-1.,0.));
#1961 = ( GEOMETRIC_REPRESENTATION_CONTEXT(2) 
PARAMETRIC_REPRESENTATION_CONTEXT() REPRESENTATION_CONTEXT('2D SPACE',''
  ) );
#1962 = ORIENTED_EDGE('',*,*,#1963,.F.);
#1963 = EDGE_CURVE('',#1724,#1937,#1964,.T.);
#1964 = SURFACE_CURVE('',#1965,(#1970,#1977),.PCURVE_S1.);
#1965 = CIRCLE('',#1966,0.25);
#1966 = AXIS2_PLACEMENT_3D('',#1967,#1968,#1969);
#1967 = CARTESIAN_POINT('',(1.05,0.,2.25));
#1968 = DIRECTION('',(-0.753515753072,0.,0.657429851674));
#1969 = DIRECTION('',(-0.657429851674,0.,-0.753515753072));
#1970 = PCURVE('',#1473,#1971);
#1971 = DEFINITIONAL_REPRESENTATION('',(#1972),#1976);
#1972 = LINE('',#1973,#1974);
#1973 = CARTESIAN_POINT('',(0.,1.977397279254));
#1974 = VECTOR('',#1975,1.);
#1975 = DIRECTION('',(1.,0.));
#1976 = ( GEOMETRIC_REPRESENTATION_CONTEXT(2) 
PARAMETRIC_REPRESENTATION_CONTEXT() REPRESENTATION_CONTEXT('2D SPACE',''
  ) );
#1977 = PCURVE('',#1763,#1978);
#1978 = DEFINITIONAL_REPRESENTATION('',(#1979),#1983);
#1979 = CIRCLE('',#1980,0.25);
#1980 = AXIS2_PLACEMENT_2D('',#1981,#1982);
#1981 = CARTESIAN_POINT('',(0.,0.));
#1982 = DIRECTION('',(1.,0.));
#1983 = ( GEOMETRIC_REPRESENTATION_CONTEXT(2) 
PARAMETRIC_REPRESENTATION_CONTEXT() REPRESENTATION_CONTEXT('2D SPACE',''
  ) );
#1984 = ORIENTED_EDGE('',*,*,#1723,.F.);
#1985 = ORIENTED_EDGE('',*,*,#1488,.T.);
#1986 = ORIENTED_EDGE('',*,*,#1453,.F.);
#1987 = ORIENTED_EDGE('',*,*,#1694,.T.);
#1988 = ORIENTED_EDGE('',*,*,#1989,.T.);
#1989 = EDGE_CURVE('',#1669,#1642,#1990,.T.);
#1990 = SURFACE_CURVE('',#1991,(#1996,#2003),.PCURVE_S1.);
#1991 = CIRCLE('',#1992,0.25);
#1992 = AXIS2_PLACEMENT_3D('',#1993,#1994,#1995);
#1993 = CARTESIAN_POINT('',(2.54,0.,0.95));
#1994 = DIRECTION('',(-0.753515753072,0.,0.657429851674));
#1995 = DIRECTION('',(-0.657429851674,0.,-0.753515753072));
#1996 = PCURVE('',#1473,#1997);
#1997 = DEFINITIONAL_REPRESENTATION('',(#1998),#2002);
#1998 = LINE('',#1999,#2000);
#1999 = CARTESIAN_POINT('',(0.,0.));
#2000 = VECTOR('',#2001,1.);
#2001 = DIRECTION('',(1.,0.));
#2002 = ( GEOMETRIC_REPRESENTATION_CONTEXT(2) 
PARAMETRIC_REPRESENTATION_CONTEXT() REPRESENTATION_CONTEXT('2D SPACE',''
  ) );
#2003 = PCURVE('',#1683,#2004);
#2004 = DEFINITIONAL_REPRESENTATION('',(#2005),#2009);
#2005 = CIRCLE('',#2006,0.25);
#2006 = AXIS2_PLACEMENT_2D('',#2007,#2008);
#2007 = CARTESIAN_POINT('',(0.,0.));
#2008 = DIRECTION('',(1.,0.));
#2009 = ( GEOMETRIC_REPRESENTATION_CONTEXT(2) 
PARAMETRIC_REPRESENTATION_CONTEXT() REPRESENTATION_CONTEXT('2D SPACE',''
  ) );
#2010 = ORIENTED_EDGE('',*,*,#1641,.T.);
#2011 = ORIENTED_EDGE('',*,*,#1552,.F.);
#2012 = ADVANCED_FACE('',(#2013),#1683,.F.);
#2013 = FACE_BOUND('',#2014,.F.);
#2014 = EDGE_LOOP('',(#2015,#2016));
#2015 = ORIENTED_EDGE('',*,*,#1668,.T.);
#2016 = ORIENTED_EDGE('',*,*,#1989,.T.);
#2017 = ADVANCED_FACE('',(#2018),#1763,.T.);
#2018 = FACE_BOUND('',#2019,.T.);
#2019 = EDGE_LOOP('',(#2020,#2021,#2022));
#2020 = ORIENTED_EDGE('',*,*,#1746,.T.);
#2021 = ORIENTED_EDGE('',*,*,#1963,.T.);
#2022 = ORIENTED_EDGE('',*,*,#2023,.T.);
#2023 = EDGE_CURVE('',#1937,#1747,#2024,.T.);
#2024 = SURFACE_CURVE('',#2025,(#2029,#2035),.PCURVE_S1.);
#2025 = LINE('',#2026,#2027);
#2026 = CARTESIAN_POINT('',(0.962751677852,0.,2.15));
#2027 = VECTOR('',#2028,1.);
#2028 = DIRECTION('',(0.,1.,-0.));
#2029 = PCURVE('',#1763,#2030);
#2030 = DEFINITIONAL_REPRESENTATION('',(#2031),#2034);
#2031 = B_SPLINE_CURVE_WITH_KNOTS('',1,(#2032,#2033),.UNSPECIFIED.,.F.,
  .F.,(2,2),(-0.25,0.25),.PIECEWISE_BEZIER_KNOTS.);
#2032 = CARTESIAN_POINT('',(0.132711226796,0.25));
#2033 = CARTESIAN_POINT('',(0.132711226796,-0.25));
#2034 = ( GEOMETRIC_REPRESENTATION_CONTEXT(2) 
PARAMETRIC_REPRESENTATION_CONTEXT() REPRESENTATION_CONTEXT('2D SPACE',''
  ) );
#2035 = PCURVE('',#1795,#2036);
#2036 = DEFINITIONAL_REPRESENTATION('',(#2037),#2040);
#2037 = B_SPLINE_CURVE_WITH_KNOTS('',1,(#2038,#2039),.UNSPECIFIED.,.F.,
  .F.,(2,2),(-0.25,0.25),.PIECEWISE_BEZIER_KNOTS.);
#2038 = CARTESIAN_POINT('',(-8.724832214765E-02,-0.25));
#2039 = CARTESIAN_POINT('',(-8.724832214765E-02,0.25));
#2040 = ( GEOMETRIC_REPRESENTATION_CONTEXT(2) 
PARAMETRIC_REPRESENTATION_CONTEXT() REPRESENTATION_CONTEXT('2D SPACE',''
  ) );
#2041 = ADVANCED_FACE('',(#2042),#1795,.F.);
#2042 = FACE_BOUND('',#2043,.F.);
#2043 = EDGE_LOOP('',(#2044,#2045,#2067,#2068));
#2044 = ORIENTED_EDGE('',*,*,#1775,.F.);
#2045 = ORIENTED_EDGE('',*,*,#2046,.T.);
#2046 = EDGE_CURVE('',#1776,#1907,#2047,.T.);
#2047 = SURFACE_CURVE('',#2048,(#2053,#2060),.PCURVE_S1.);
#2048 = CIRCLE('',#2049,0.25);
#2049 = AXIS2_PLACEMENT_3D('',#2050,#2051,#2052);
#2050 = CARTESIAN_POINT('',(1.05,0.,2.15));
#2051 = DIRECTION('',(0.,0.,1.));
#2052 = DIRECTION('',(1.,0.,-0.));
#2053 = PCURVE('',#1795,#2054);
#2054 = DEFINITIONAL_REPRESENTATION('',(#2055),#2059);
#2055 = CIRCLE('',#2056,0.25);
#2056 = AXIS2_PLACEMENT_2D('',#2057,#2058);
#2057 = CARTESIAN_POINT('',(0.,0.));
#2058 = DIRECTION('',(1.,0.));
#2059 = ( GEOMETRIC_REPRESENTATION_CONTEXT(2) 
PARAMETRIC_REPRESENTATION_CONTEXT() REPRESENTATION_CONTEXT('2D SPACE',''
  ) );
#2060 = PCURVE('',#1827,#2061);
#2061 = DEFINITIONAL_REPRESENTATION('',(#2062),#2066);
#2062 = LINE('',#2063,#2064);
#2063 = CARTESIAN_POINT('',(0.,0.));
#2064 = VECTOR('',#2065,1.);
#2065 = DIRECTION('',(1.,0.));
#2066 = ( GEOMETRIC_REPRESENTATION_CONTEXT(2) 
PARAMETRIC_REPRESENTATION_CONTEXT() REPRESENTATION_CONTEXT('2D SPACE',''
  ) );
#2067 = ORIENTED_EDGE('',*,*,#1936,.F.);
#2068 = ORIENTED_EDGE('',*,*,#2023,.T.);
#2069 = ADVANCED_FACE('',(#2070),#1827,.T.);
#2070 = FACE_BOUND('',#2071,.T.);
#2071 = EDGE_LOOP('',(#2072,#2095,#2122,#2123,#2124,#2125,#2126,#2127));
#2072 = ORIENTED_EDGE('',*,*,#2073,.T.);
#2073 = EDGE_CURVE('',#1843,#2074,#2076,.T.);
#2074 = VERTEX_POINT('',#2075);
#2075 = CARTESIAN_POINT('',(1.3,-6.123233995737E-17,4.35));
#2076 = SEAM_CURVE('',#2077,(#2081,#2088),.PCURVE_S1.);
#2077 = LINE('',#2078,#2079);
#2078 = CARTESIAN_POINT('',(1.3,-6.123233995737E-17,2.15));
#2079 = VECTOR('',#2080,1.);
#2080 = DIRECTION('',(0.,0.,1.));
#2081 = PCURVE('',#1827,#2082);
#2082 = DEFINITIONAL_REPRESENTATION('',(#2083),#2087);
#2083 = LINE('',#2084,#2085);
#2084 = CARTESIAN_POINT('',(6.28318530718,-0.));
#2085 = VECTOR('',#2086,1.);
#2086 = DIRECTION('',(0.,1.));
#2087 = ( GEOMETRIC_REPRESENTATION_CONTEXT(2) 
PARAMETRIC_REPRESENTATION_CONTEXT() REPRESENTATION_CONTEXT('2D SPACE',''
  ) );
#2088 = PCURVE('',#1827,#2089);
#2089 = DEFINITIONAL_REPRESENTATION('',(#2090),#2094);
#2090 = LINE('',#2091,#2092);
#2091 = CARTESIAN_POINT('',(0.,-0.));
#2092 = VECTOR('',#2093,1.);
#2093 = DIRECTION('',(0.,1.));
#2094 = ( GEOMETRIC_REPRESENTATION_CONTEXT(2) 
PARAMETRIC_REPRESENTATION_CONTEXT() REPRESENTATION_CONTEXT('2D SPACE',''
  ) );
#2095 = ORIENTED_EDGE('',*,*,#2096,.F.);
#2096 = EDGE_CURVE('',#2074,#2074,#2097,.T.);
#2097 = SURFACE_CURVE('',#2098,(#2103,#2110),.PCURVE_S1.);
#2098 = CIRCLE('',#2099,0.25);
#2099 = AXIS2_PLACEMENT_3D('',#2100,#2101,#2102);
#2100 = CARTESIAN_POINT('',(1.05,0.,4.35));
#2101 = DIRECTION('',(0.,0.,1.));
#2102 = DIRECTION('',(1.,0.,-0.));
#2103 = PCURVE('',#1827,#2104);
#2104 = DEFINITIONAL_REPRESENTATION('',(#2105),#2109);
#2105 = LINE('',#2106,#2107);
#2106 = CARTESIAN_POINT('',(0.,2.2));
#2107 = VECTOR('',#2108,1.);
#2108 = DIRECTION('',(1.,0.));
#2109 = ( GEOMETRIC_REPRESENTATION_CONTEXT(2) 
PARAMETRIC_REPRESENTATION_CONTEXT() REPRESENTATION_CONTEXT('2D SPACE',''
  ) );
#2110 = PCURVE('',#2111,#2116);
#2111 = PLANE('',#2112);
#2112 = AXIS2_PLACEMENT_3D('',#2113,#2114,#2115);
#2113 = CARTESIAN_POINT('',(1.05,0.,4.35));
#2114 = DIRECTION('',(0.,0.,1.));
#2115 = DIRECTION('',(1.,0.,-0.));
#2116 = DEFINITIONAL_REPRESENTATION('',(#2117),#2121);
#2117 = CIRCLE('',#2118,0.25);
#2118 = AXIS2_PLACEMENT_2D('',#2119,#2120);
#2119 = CARTESIAN_POINT('',(0.,0.));
#2120 = DIRECTION('',(1.,0.));
#2121 = ( GEOMETRIC_REPRESENTATION_CONTEXT(2) 
PARAMETRIC_REPRESENTATION_CONTEXT() REPRESENTATION_CONTEXT('2D SPACE',''
  ) );
#2122 = ORIENTED_EDGE('',*,*,#2073,.F.);
#2123 = ORIENTED_EDGE('',*,*,#1842,.T.);
#2124 = ORIENTED_EDGE('',*,*,#1807,.T.);
#2125 = ORIENTED_EDGE('',*,*,#2046,.T.);
#2126 = ORIENTED_EDGE('',*,*,#1906,.T.);
#2127 = ORIENTED_EDGE('',*,*,#1874,.T.);
#2128 = ADVANCED_FACE('',(#2129),#2111,.T.);
#2129 = FACE_BOUND('',#2130,.T.);
#2130 = EDGE_LOOP('',(#2131));
#2131 = ORIENTED_EDGE('',*,*,#2096,.T.);
#2132 = ( GEOMETRIC_REPRESENTATION_CONTEXT(3) 
GLOBAL_UNCERTAINTY_ASSIGNED_CONTEXT((#2136)) 
GLOBAL_UNIT_ASSIGNED_CONTEXT((#2133,#2134,#2135)) REPRESENTATION_CONTEXT
('Context #1','3D Context with UNIT and UNCERTAINTY') );
#2133 = ( LENGTH_UNIT() NAMED_UNIT(*) SI_UNIT(.MILLI.,.METRE.) );
#2134 = ( NAMED_UNIT(*) PLANE_ANGLE_UNIT() SI_UNIT($,.RADIAN.) );
#2135 = ( NAMED_UNIT(*) SI_UNIT($,.STERADIAN.) SOLID_ANGLE_UNIT() );
#2136 = UNCERTAINTY_MEASURE_WITH_UNIT(LENGTH_MEASURE(1.E-07),#2133,
  'distance_accuracy_value','confusion accuracy');
#2137 = CONTEXT_DEPENDENT_SHAPE_REPRESENTATION(#2138,#2140);
#2138 = ( REPRESENTATION_RELATIONSHIP('','',#1387,#10) 
REPRESENTATION_RELATIONSHIP_WITH_TRANSFORMATION(#2139) 
SHAPE_REPRESENTATION_RELATIONSHIP() );
#2139 = ITEM_DEFINED_TRANSFORMATION('','',#11,#27);
#2140 = PRODUCT_DEFINITION_SHAPE('Placement','Placement of an item',
  #2141);
#2141 = NEXT_ASSEMBLY_USAGE_OCCURRENCE('4','lead_3','',#5,#1382,$);
#2142 = PRODUCT_RELATED_PRODUCT_CATEGORY('part',$,(#1384));
#2143 = SHAPE_DEFINITION_REPRESENTATION(#2144,#2150);
#2144 = PRODUCT_DEFINITION_SHAPE('','',#2145);
#2145 = PRODUCT_DEFINITION('design','',#2146,#2149);
#2146 = PRODUCT_DEFINITION_FORMATION('','',#2147);
#2147 = PRODUCT('red_die','red_die','',(#2148));
#2148 = PRODUCT_CONTEXT('',#2,'mechanical');
#2149 = PRODUCT_DEFINITION_CONTEXT('part definition',#2,'design');
#2150 = ADVANCED_BREP_SHAPE_REPRESENTATION('',(#11,#2151),#2481);
#2151 = MANIFOLD_SOLID_BREP('',#2152);
#2152 = CLOSED_SHELL('',(#2153,#2273,#2373,#2420,#2467,#2474));
#2153 = ADVANCED_FACE('',(#2154),#2168,.F.);
#2154 = FACE_BOUND('',#2155,.F.);
#2155 = EDGE_LOOP('',(#2156,#2191,#2219,#2247));
#2156 = ORIENTED_EDGE('',*,*,#2157,.F.);
#2157 = EDGE_CURVE('',#2158,#2160,#2162,.T.);
#2158 = VERTEX_POINT('',#2159);
#2159 = CARTESIAN_POINT('',(-1.005,-0.375,3.1));
#2160 = VERTEX_POINT('',#2161);
#2161 = CARTESIAN_POINT('',(-1.005,-0.375,3.4));
#2162 = SURFACE_CURVE('',#2163,(#2167,#2179),.PCURVE_S1.);
#2163 = LINE('',#2164,#2165);
#2164 = CARTESIAN_POINT('',(-1.005,-0.375,3.1));
#2165 = VECTOR('',#2166,1.);
#2166 = DIRECTION('',(0.,0.,1.));
#2167 = PCURVE('',#2168,#2173);
#2168 = PLANE('',#2169);
#2169 = AXIS2_PLACEMENT_3D('',#2170,#2171,#2172);
#2170 = CARTESIAN_POINT('',(-1.005,-0.375,3.1));
#2171 = DIRECTION('',(1.,0.,0.));
#2172 = DIRECTION('',(0.,0.,1.));
#2173 = DEFINITIONAL_REPRESENTATION('',(#2174),#2178);
#2174 = LINE('',#2175,#2176);
#2175 = CARTESIAN_POINT('',(0.,0.));
#2176 = VECTOR('',#2177,1.);
#2177 = DIRECTION('',(1.,0.));
#2178 = ( GEOMETRIC_REPRESENTATION_CONTEXT(2) 
PARAMETRIC_REPRESENTATION_CONTEXT() REPRESENTATION_CONTEXT('2D SPACE',''
  ) );
#2179 = PCURVE('',#2180,#2185);
#2180 = PLANE('',#2181);
#2181 = AXIS2_PLACEMENT_3D('',#2182,#2183,#2184);
#2182 = CARTESIAN_POINT('',(-1.005,-0.375,3.1));
#2183 = DIRECTION('',(0.,1.,0.));
#2184 = DIRECTION('',(0.,0.,1.));
#2185 = DEFINITIONAL_REPRESENTATION('',(#2186),#2190);
#2186 = LINE('',#2187,#2188);
#2187 = CARTESIAN_POINT('',(0.,0.));
#2188 = VECTOR('',#2189,1.);
#2189 = DIRECTION('',(1.,0.));
#2190 = ( GEOMETRIC_REPRESENTATION_CONTEXT(2) 
PARAMETRIC_REPRESENTATION_CONTEXT() REPRESENTATION_CONTEXT('2D SPACE',''
  ) );
#2191 = ORIENTED_EDGE('',*,*,#2192,.T.);
#2192 = EDGE_CURVE('',#2158,#2193,#2195,.T.);
#2193 = VERTEX_POINT('',#2194);
#2194 = CARTESIAN_POINT('',(-1.005,0.375,3.1));
#2195 = SURFACE_CURVE('',#2196,(#2200,#2207),.PCURVE_S1.);
#2196 = LINE('',#2197,#2198);
#2197 = CARTESIAN_POINT('',(-1.005,-0.375,3.1));
#2198 = VECTOR('',#2199,1.);
#2199 = DIRECTION('',(0.,1.,0.));
#2200 = PCURVE('',#2168,#2201);
#2201 = DEFINITIONAL_REPRESENTATION('',(#2202),#2206);
#2202 = LINE('',#2203,#2204);
#2203 = CARTESIAN_POINT('',(0.,0.));
#2204 = VECTOR('',#2205,1.);
#2205 = DIRECTION('',(0.,-1.));
#2206 = ( GEOMETRIC_REPRESENTATION_CONTEXT(2) 
PARAMETRIC_REPRESENTATION_CONTEXT() REPRESENTATION_CONTEXT('2D SPACE',''
  ) );
#2207 = PCURVE('',#2208,#2213);
#2208 = PLANE('',#2209);
#2209 = AXIS2_PLACEMENT_3D('',#2210,#2211,#2212);
#2210 = CARTESIAN_POINT('',(-1.005,-0.375,3.1));
#2211 = DIRECTION('',(0.,0.,1.));
#2212 = DIRECTION('',(1.,0.,0.));
#2213 = DEFINITIONAL_REPRESENTATION('',(#2214),#2218);
#2214 = LINE('',#2215,#2216);
#2215 = CARTESIAN_POINT('',(0.,0.));
#2216 = VECTOR('',#2217,1.);
#2217 = DIRECTION('',(0.,1.));
#2218 = ( GEOMETRIC_REPRESENTATION_CONTEXT(2) 
PARAMETRIC_REPRESENTATION_CONTEXT() REPRESENTATION_CONTEXT('2D SPACE',''
  ) );
#2219 = ORIENTED_EDGE('',*,*,#2220,.T.);
#2220 = EDGE_CURVE('',#2193,#2221,#2223,.T.);
#2221 = VERTEX_POINT('',#2222);
#2222 = CARTESIAN_POINT('',(-1.005,0.375,3.4));
#2223 = SURFACE_CURVE('',#2224,(#2228,#2235),.PCURVE_S1.);
#2224 = LINE('',#2225,#2226);
#2225 = CARTESIAN_POINT('',(-1.005,0.375,3.1));
#2226 = VECTOR('',#2227,1.);
#2227 = DIRECTION('',(0.,0.,1.));
#2228 = PCURVE('',#2168,#2229);
#2229 = DEFINITIONAL_REPRESENTATION('',(#2230),#2234);
#2230 = LINE('',#2231,#2232);
#2231 = CARTESIAN_POINT('',(0.,-0.75));
#2232 = VECTOR('',#2233,1.);
#2233 = DIRECTION('',(1.,0.));
#2234 = ( GEOMETRIC_REPRESENTATION_CONTEXT(2) 
PARAMETRIC_REPRESENTATION_CONTEXT() REPRESENTATION_CONTEXT('2D SPACE',''
  ) );
#2235 = PCURVE('',#2236,#2241);
#2236 = PLANE('',#2237);
#2237 = AXIS2_PLACEMENT_3D('',#2238,#2239,#2240);
#2238 = CARTESIAN_POINT('',(-1.005,0.375,3.1));
#2239 = DIRECTION('',(0.,1.,0.));
#2240 = DIRECTION('',(0.,0.,1.));
#2241 = DEFINITIONAL_REPRESENTATION('',(#2242),#2246);
#2242 = LINE('',#2243,#2244);
#2243 = CARTESIAN_POINT('',(0.,0.));
#2244 = VECTOR('',#2245,1.);
#2245 = DIRECTION('',(1.,0.));
#2246 = ( GEOMETRIC_REPRESENTATION_CONTEXT(2) 
PARAMETRIC_REPRESENTATION_CONTEXT() REPRESENTATION_CONTEXT('2D SPACE',''
  ) );
#2247 = ORIENTED_EDGE('',*,*,#2248,.F.);
#2248 = EDGE_CURVE('',#2160,#2221,#2249,.T.);
#2249 = SURFACE_CURVE('',#2250,(#2254,#2261),.PCURVE_S1.);
#2250 = LINE('',#2251,#2252);
#2251 = CARTESIAN_POINT('',(-1.005,-0.375,3.4));
#2252 = VECTOR('',#2253,1.);
#2253 = DIRECTION('',(0.,1.,0.));
#2254 = PCURVE('',#2168,#2255);
#2255 = DEFINITIONAL_REPRESENTATION('',(#2256),#2260);
#2256 = LINE('',#2257,#2258);
#2257 = CARTESIAN_POINT('',(0.3,0.));
#2258 = VECTOR('',#2259,1.);
#2259 = DIRECTION('',(0.,-1.));
#2260 = ( GEOMETRIC_REPRESENTATION_CONTEXT(2) 
PARAMETRIC_REPRESENTATION_CONTEXT() REPRESENTATION_CONTEXT('2D SPACE',''
  ) );
#2261 = PCURVE('',#2262,#2267);
#2262 = PLANE('',#2263);
#2263 = AXIS2_PLACEMENT_3D('',#2264,#2265,#2266);
#2264 = CARTESIAN_POINT('',(-1.005,-0.375,3.4));
#2265 = DIRECTION('',(0.,0.,1.));
#2266 = DIRECTION('',(1.,0.,0.));
#2267 = DEFINITIONAL_REPRESENTATION('',(#2268),#2272);
#2268 = LINE('',#2269,#2270);
#2269 = CARTESIAN_POINT('',(0.,0.));
#2270 = VECTOR('',#2271,1.);
#2271 = DIRECTION('',(0.,1.));
#2272 = ( GEOMETRIC_REPRESENTATION_CONTEXT(2) 
PARAMETRIC_REPRESENTATION_CONTEXT() REPRESENTATION_CONTEXT('2D SPACE',''
  ) );
#2273 = ADVANCED_FACE('',(#2274),#2288,.T.);
#2274 = FACE_BOUND('',#2275,.T.);
#2275 = EDGE_LOOP('',(#2276,#2306,#2329,#2352));
#2276 = ORIENTED_EDGE('',*,*,#2277,.F.);
#2277 = EDGE_CURVE('',#2278,#2280,#2282,.T.);
#2278 = VERTEX_POINT('',#2279);
#2279 = CARTESIAN_POINT('',(-0.355,-0.375,3.1));
#2280 = VERTEX_POINT('',#2281);
#2281 = CARTESIAN_POINT('',(-0.355,-0.375,3.4));
#2282 = SURFACE_CURVE('',#2283,(#2287,#2299),.PCURVE_S1.);
#2283 = LINE('',#2284,#2285);
#2284 = CARTESIAN_POINT('',(-0.355,-0.375,3.1));
#2285 = VECTOR('',#2286,1.);
#2286 = DIRECTION('',(0.,0.,1.));
#2287 = PCURVE('',#2288,#2293);
#2288 = PLANE('',#2289);
#2289 = AXIS2_PLACEMENT_3D('',#2290,#2291,#2292);
#2290 = CARTESIAN_POINT('',(-0.355,-0.375,3.1));
#2291 = DIRECTION('',(1.,0.,0.));
#2292 = DIRECTION('',(0.,0.,1.));
#2293 = DEFINITIONAL_REPRESENTATION('',(#2294),#2298);
#2294 = LINE('',#2295,#2296);
#2295 = CARTESIAN_POINT('',(0.,0.));
#2296 = VECTOR('',#2297,1.);
#2297 = DIRECTION('',(1.,0.));
#2298 = ( GEOMETRIC_REPRESENTATION_CONTEXT(2) 
PARAMETRIC_REPRESENTATION_CONTEXT() REPRESENTATION_CONTEXT('2D SPACE',''
  ) );
#2299 = PCURVE('',#2180,#2300);
#2300 = DEFINITIONAL_REPRESENTATION('',(#2301),#2305);
#2301 = LINE('',#2302,#2303);
#2302 = CARTESIAN_POINT('',(0.,0.65));
#2303 = VECTOR('',#2304,1.);
#2304 = DIRECTION('',(1.,0.));
#2305 = ( GEOMETRIC_REPRESENTATION_CONTEXT(2) 
PARAMETRIC_REPRESENTATION_CONTEXT() REPRESENTATION_CONTEXT('2D SPACE',''
  ) );
#2306 = ORIENTED_EDGE('',*,*,#2307,.T.);
#2307 = EDGE_CURVE('',#2278,#2308,#2310,.T.);
#2308 = VERTEX_POINT('',#2309);
#2309 = CARTESIAN_POINT('',(-0.355,0.375,3.1));
#2310 = SURFACE_CURVE('',#2311,(#2315,#2322),.PCURVE_S1.);
#2311 = LINE('',#2312,#2313);
#2312 = CARTESIAN_POINT('',(-0.355,-0.375,3.1));
#2313 = VECTOR('',#2314,1.);
#2314 = DIRECTION('',(0.,1.,0.));
#2315 = PCURVE('',#2288,#2316);
#2316 = DEFINITIONAL_REPRESENTATION('',(#2317),#2321);
#2317 = LINE('',#2318,#2319);
#2318 = CARTESIAN_POINT('',(0.,0.));
#2319 = VECTOR('',#2320,1.);
#2320 = DIRECTION('',(0.,-1.));
#2321 = ( GEOMETRIC_REPRESENTATION_CONTEXT(2) 
PARAMETRIC_REPRESENTATION_CONTEXT() REPRESENTATION_CONTEXT('2D SPACE',''
  ) );
#2322 = PCURVE('',#2208,#2323);
#2323 = DEFINITIONAL_REPRESENTATION('',(#2324),#2328);
#2324 = LINE('',#2325,#2326);
#2325 = CARTESIAN_POINT('',(0.65,0.));
#2326 = VECTOR('',#2327,1.);
#2327 = DIRECTION('',(0.,1.));
#2328 = ( GEOMETRIC_REPRESENTATION_CONTEXT(2) 
PARAMETRIC_REPRESENTATION_CONTEXT() REPRESENTATION_CONTEXT('2D SPACE',''
  ) );
#2329 = ORIENTED_EDGE('',*,*,#2330,.T.);
#2330 = EDGE_CURVE('',#2308,#2331,#2333,.T.);
#2331 = VERTEX_POINT('',#2332);
#2332 = CARTESIAN_POINT('',(-0.355,0.375,3.4));
#2333 = SURFACE_CURVE('',#2334,(#2338,#2345),.PCURVE_S1.);
#2334 = LINE('',#2335,#2336);
#2335 = CARTESIAN_POINT('',(-0.355,0.375,3.1));
#2336 = VECTOR('',#2337,1.);
#2337 = DIRECTION('',(0.,0.,1.));
#2338 = PCURVE('',#2288,#2339);
#2339 = DEFINITIONAL_REPRESENTATION('',(#2340),#2344);
#2340 = LINE('',#2341,#2342);
#2341 = CARTESIAN_POINT('',(0.,-0.75));
#2342 = VECTOR('',#2343,1.);
#2343 = DIRECTION('',(1.,0.));
#2344 = ( GEOMETRIC_REPRESENTATION_CONTEXT(2) 
PARAMETRIC_REPRESENTATION_CONTEXT() REPRESENTATION_CONTEXT('2D SPACE',''
  ) );
#2345 = PCURVE('',#2236,#2346);
#2346 = DEFINITIONAL_REPRESENTATION('',(#2347),#2351);
#2347 = LINE('',#2348,#2349);
#2348 = CARTESIAN_POINT('',(0.,0.65));
#2349 = VECTOR('',#2350,1.);
#2350 = DIRECTION('',(1.,0.));
#2351 = ( GEOMETRIC_REPRESENTATION_CONTEXT(2) 
PARAMETRIC_REPRESENTATION_CONTEXT() REPRESENTATION_CONTEXT('2D SPACE',''
  ) );
#2352 = ORIENTED_EDGE('',*,*,#2353,.F.);
#2353 = EDGE_CURVE('',#2280,#2331,#2354,.T.);
#2354 = SURFACE_CURVE('',#2355,(#2359,#2366),.PCURVE_S1.);
#2355 = LINE('',#2356,#2357);
#2356 = CARTESIAN_POINT('',(-0.355,-0.375,3.4));
#2357 = VECTOR('',#2358,1.);
#2358 = DIRECTION('',(0.,1.,0.));
#2359 = PCURVE('',#2288,#2360);
#2360 = DEFINITIONAL_REPRESENTATION('',(#2361),#2365);
#2361 = LINE('',#2362,#2363);
#2362 = CARTESIAN_POINT('',(0.3,0.));
#2363 = VECTOR('',#2364,1.);
#2364 = DIRECTION('',(0.,-1.));
#2365 = ( GEOMETRIC_REPRESENTATION_CONTEXT(2) 
PARAMETRIC_REPRESENTATION_CONTEXT() REPRESENTATION_CONTEXT('2D SPACE',''
  ) );
#2366 = PCURVE('',#2262,#2367);
#2367 = DEFINITIONAL_REPRESENTATION('',(#2368),#2372);
#2368 = LINE('',#2369,#2370);
#2369 = CARTESIAN_POINT('',(0.65,0.));
#2370 = VECTOR('',#2371,1.);
#2371 = DIRECTION('',(0.,1.));
#2372 = ( GEOMETRIC_REPRESENTATION_CONTEXT(2) 
PARAMETRIC_REPRESENTATION_CONTEXT() REPRESENTATION_CONTEXT('2D SPACE',''
  ) );
#2373 = ADVANCED_FACE('',(#2374),#2180,.F.);
#2374 = FACE_BOUND('',#2375,.F.);
#2375 = EDGE_LOOP('',(#2376,#2397,#2398,#2419));
#2376 = ORIENTED_EDGE('',*,*,#2377,.F.);
#2377 = EDGE_CURVE('',#2158,#2278,#2378,.T.);
#2378 = SURFACE_CURVE('',#2379,(#2383,#2390),.PCURVE_S1.);
#2379 = LINE('',#2380,#2381);
#2380 = CARTESIAN_POINT('',(-1.005,-0.375,3.1));
#2381 = VECTOR('',#2382,1.);
#2382 = DIRECTION('',(1.,0.,0.));
#2383 = PCURVE('',#2180,#2384);
#2384 = DEFINITIONAL_REPRESENTATION('',(#2385),#2389);
#2385 = LINE('',#2386,#2387);
#2386 = CARTESIAN_POINT('',(0.,0.));
#2387 = VECTOR('',#2388,1.);
#2388 = DIRECTION('',(0.,1.));
#2389 = ( GEOMETRIC_REPRESENTATION_CONTEXT(2) 
PARAMETRIC_REPRESENTATION_CONTEXT() REPRESENTATION_CONTEXT('2D SPACE',''
  ) );
#2390 = PCURVE('',#2208,#2391);
#2391 = DEFINITIONAL_REPRESENTATION('',(#2392),#2396);
#2392 = LINE('',#2393,#2394);
#2393 = CARTESIAN_POINT('',(0.,0.));
#2394 = VECTOR('',#2395,1.);
#2395 = DIRECTION('',(1.,0.));
#2396 = ( GEOMETRIC_REPRESENTATION_CONTEXT(2) 
PARAMETRIC_REPRESENTATION_CONTEXT() REPRESENTATION_CONTEXT('2D SPACE',''
  ) );
#2397 = ORIENTED_EDGE('',*,*,#2157,.T.);
#2398 = ORIENTED_EDGE('',*,*,#2399,.T.);
#2399 = EDGE_CURVE('',#2160,#2280,#2400,.T.);
#2400 = SURFACE_CURVE('',#2401,(#2405,#2412),.PCURVE_S1.);
#2401 = LINE('',#2402,#2403);
#2402 = CARTESIAN_POINT('',(-1.005,-0.375,3.4));
#2403 = VECTOR('',#2404,1.);
#2404 = DIRECTION('',(1.,0.,0.));
#2405 = PCURVE('',#2180,#2406);
#2406 = DEFINITIONAL_REPRESENTATION('',(#2407),#2411);
#2407 = LINE('',#2408,#2409);
#2408 = CARTESIAN_POINT('',(0.3,0.));
#2409 = VECTOR('',#2410,1.);
#2410 = DIRECTION('',(0.,1.));
#2411 = ( GEOMETRIC_REPRESENTATION_CONTEXT(2) 
PARAMETRIC_REPRESENTATION_CONTEXT() REPRESENTATION_CONTEXT('2D SPACE',''
  ) );
#2412 = PCURVE('',#2262,#2413);
#2413 = DEFINITIONAL_REPRESENTATION('',(#2414),#2418);
#2414 = LINE('',#2415,#2416);
#2415 = CARTESIAN_POINT('',(0.,0.));
#2416 = VECTOR('',#2417,1.);
#2417 = DIRECTION('',(1.,0.));
#2418 = ( GEOMETRIC_REPRESENTATION_CONTEXT(2) 
PARAMETRIC_REPRESENTATION_CONTEXT() REPRESENTATION_CONTEXT('2D SPACE',''
  ) );
#2419 = ORIENTED_EDGE('',*,*,#2277,.F.);
#2420 = ADVANCED_FACE('',(#2421),#2236,.T.);
#2421 = FACE_BOUND('',#2422,.T.);
#2422 = EDGE_LOOP('',(#2423,#2444,#2445,#2466));
#2423 = ORIENTED_EDGE('',*,*,#2424,.F.);
#2424 = EDGE_CURVE('',#2193,#2308,#2425,.T.);
#2425 = SURFACE_CURVE('',#2426,(#2430,#2437),.PCURVE_S1.);
#2426 = LINE('',#2427,#2428);
#2427 = CARTESIAN_POINT('',(-1.005,0.375,3.1));
#2428 = VECTOR('',#2429,1.);
#2429 = DIRECTION('',(1.,0.,0.));
#2430 = PCURVE('',#2236,#2431);
#2431 = DEFINITIONAL_REPRESENTATION('',(#2432),#2436);
#2432 = LINE('',#2433,#2434);
#2433 = CARTESIAN_POINT('',(0.,0.));
#2434 = VECTOR('',#2435,1.);
#2435 = DIRECTION('',(0.,1.));
#2436 = ( GEOMETRIC_REPRESENTATION_CONTEXT(2) 
PARAMETRIC_REPRESENTATION_CONTEXT() REPRESENTATION_CONTEXT('2D SPACE',''
  ) );
#2437 = PCURVE('',#2208,#2438);
#2438 = DEFINITIONAL_REPRESENTATION('',(#2439),#2443);
#2439 = LINE('',#2440,#2441);
#2440 = CARTESIAN_POINT('',(0.,0.75));
#2441 = VECTOR('',#2442,1.);
#2442 = DIRECTION('',(1.,0.));
#2443 = ( GEOMETRIC_REPRESENTATION_CONTEXT(2) 
PARAMETRIC_REPRESENTATION_CONTEXT() REPRESENTATION_CONTEXT('2D SPACE',''
  ) );
#2444 = ORIENTED_EDGE('',*,*,#2220,.T.);
#2445 = ORIENTED_EDGE('',*,*,#2446,.T.);
#2446 = EDGE_CURVE('',#2221,#2331,#2447,.T.);
#2447 = SURFACE_CURVE('',#2448,(#2452,#2459),.PCURVE_S1.);
#2448 = LINE('',#2449,#2450);
#2449 = CARTESIAN_POINT('',(-1.005,0.375,3.4));
#2450 = VECTOR('',#2451,1.);
#2451 = DIRECTION('',(1.,0.,0.));
#2452 = PCURVE('',#2236,#2453);
#2453 = DEFINITIONAL_REPRESENTATION('',(#2454),#2458);
#2454 = LINE('',#2455,#2456);
#2455 = CARTESIAN_POINT('',(0.3,0.));
#2456 = VECTOR('',#2457,1.);
#2457 = DIRECTION('',(0.,1.));
#2458 = ( GEOMETRIC_REPRESENTATION_CONTEXT(2) 
PARAMETRIC_REPRESENTATION_CONTEXT() REPRESENTATION_CONTEXT('2D SPACE',''
  ) );
#2459 = PCURVE('',#2262,#2460);
#2460 = DEFINITIONAL_REPRESENTATION('',(#2461),#2465);
#2461 = LINE('',#2462,#2463);
#2462 = CARTESIAN_POINT('',(0.,0.75));
#2463 = VECTOR('',#2464,1.);
#2464 = DIRECTION('',(1.,0.));
#2465 = ( GEOMETRIC_REPRESENTATION_CONTEXT(2) 
PARAMETRIC_REPRESENTATION_CONTEXT() REPRESENTATION_CONTEXT('2D SPACE',''
  ) );
#2466 = ORIENTED_EDGE('',*,*,#2330,.F.);
#2467 = ADVANCED_FACE('',(#2468),#2208,.F.);
#2468 = FACE_BOUND('',#2469,.F.);
#2469 = EDGE_LOOP('',(#2470,#2471,#2472,#2473));
#2470 = ORIENTED_EDGE('',*,*,#2192,.F.);
#2471 = ORIENTED_EDGE('',*,*,#2377,.T.);
#2472 = ORIENTED_EDGE('',*,*,#2307,.T.);
#2473 = ORIENTED_EDGE('',*,*,#2424,.F.);
#2474 = ADVANCED_FACE('',(#2475),#2262,.T.);
#2475 = FACE_BOUND('',#2476,.T.);
#2476 = EDGE_LOOP('',(#2477,#2478,#2479,#2480));
#2477 = ORIENTED_EDGE('',*,*,#2248,.F.);
#2478 = ORIENTED_EDGE('',*,*,#2399,.T.);
#2479 = ORIENTED_EDGE('',*,*,#2353,.T.);
#2480 = ORIENTED_EDGE('',*,*,#2446,.F.);
#2481 = ( GEOMETRIC_REPRESENTATION_CONTEXT(3) 
GLOBAL_UNCERTAINTY_ASSIGNED_CONTEXT((#2485)) 
GLOBAL_UNIT_ASSIGNED_CONTEXT((#2482,#2483,#2484)) REPRESENTATION_CONTEXT
('Context #1','3D Context with UNIT and UNCERTAINTY') );
#2482 = ( LENGTH_UNIT() NAMED_UNIT(*) SI_UNIT(.MILLI.,.METRE.) );
#2483 = ( NAMED_UNIT(*) PLANE_ANGLE_UNIT() SI_UNIT($,.RADIAN.) );
#2484 = ( NAMED_UNIT(*) SI_UNIT($,.STERADIAN.) SOLID_ANGLE_UNIT() );
#2485 = UNCERTAINTY_MEASURE_WITH_UNIT(LENGTH_MEASURE(1.E-07),#2482,
  'distance_accuracy_value','confusion accuracy');
#2486 = CONTEXT_DEPENDENT_SHAPE_REPRESENTATION(#2487,#2489);
#2487 = ( REPRESENTATION_RELATIONSHIP('','',#2150,#10) 
REPRESENTATION_RELATIONSHIP_WITH_TRANSFORMATION(#2488) 
SHAPE_REPRESENTATION_RELATIONSHIP() );
#2488 = ITEM_DEFINED_TRANSFORMATION('','',#11,#31);
#2489 = PRODUCT_DEFINITION_SHAPE('Placement','Placement of an item',
  #2490);
#2490 = NEXT_ASSEMBLY_USAGE_OCCURRENCE('5','red_die','',#5,#2145,$);
#2491 = PRODUCT_RELATED_PRODUCT_CATEGORY('part',$,(#2147));
#2492 = SHAPE_DEFINITION_REPRESENTATION(#2493,#2499);
#2493 = PRODUCT_DEFINITION_SHAPE('','',#2494);
#2494 = PRODUCT_DEFINITION('design','',#2495,#2498);
#2495 = PRODUCT_DEFINITION_FORMATION('','',#2496);
#2496 = PRODUCT('green_die','green_die','',(#2497));
#2497 = PRODUCT_CONTEXT('',#2,'mechanical');
#2498 = PRODUCT_DEFINITION_CONTEXT('part definition',#2,'design');
#2499 = ADVANCED_BREP_SHAPE_REPRESENTATION('',(#11,#2500),#2830);
#2500 = MANIFOLD_SOLID_BREP('',#2501);
#2501 = CLOSED_SHELL('',(#2502,#2622,#2722,#2769,#2816,#2823));
#2502 = ADVANCED_FACE('',(#2503),#2517,.F.);
#2503 = FACE_BOUND('',#2504,.F.);
#2504 = EDGE_LOOP('',(#2505,#2540,#2568,#2596));
#2505 = ORIENTED_EDGE('',*,*,#2506,.F.);
#2506 = EDGE_CURVE('',#2507,#2509,#2511,.T.);
#2507 = VERTEX_POINT('',#2508);
#2508 = CARTESIAN_POINT('',(0.355,-0.375,3.1));
#2509 = VERTEX_POINT('',#2510);
#2510 = CARTESIAN_POINT('',(0.355,-0.375,3.4));
#2511 = SURFACE_CURVE('',#2512,(#2516,#2528),.PCURVE_S1.);
#2512 = LINE('',#2513,#2514);
#2513 = CARTESIAN_POINT('',(0.355,-0.375,3.1));
#2514 = VECTOR('',#2515,1.);
#2515 = DIRECTION('',(0.,0.,1.));
#2516 = PCURVE('',#2517,#2522);
#2517 = PLANE('',#2518);
#2518 = AXIS2_PLACEMENT_3D('',#2519,#2520,#2521);
#2519 = CARTESIAN_POINT('',(0.355,-0.375,3.1));
#2520 = DIRECTION('',(1.,0.,0.));
#2521 = DIRECTION('',(0.,0.,1.));
#2522 = DEFINITIONAL_REPRESENTATION('',(#2523),#2527);
#2523 = LINE('',#2524,#2525);
#2524 = CARTESIAN_POINT('',(0.,0.));
#2525 = VECTOR('',#2526,1.);
#2526 = DIRECTION('',(1.,0.));
#2527 = ( GEOMETRIC_REPRESENTATION_CONTEXT(2) 
PARAMETRIC_REPRESENTATION_CONTEXT() REPRESENTATION_CONTEXT('2D SPACE',''
  ) );
#2528 = PCURVE('',#2529,#2534);
#2529 = PLANE('',#2530);
#2530 = AXIS2_PLACEMENT_3D('',#2531,#2532,#2533);
#2531 = CARTESIAN_POINT('',(0.355,-0.375,3.1));
#2532 = DIRECTION('',(0.,1.,0.));
#2533 = DIRECTION('',(0.,0.,1.));
#2534 = DEFINITIONAL_REPRESENTATION('',(#2535),#2539);
#2535 = LINE('',#2536,#2537);
#2536 = CARTESIAN_POINT('',(0.,0.));
#2537 = VECTOR('',#2538,1.);
#2538 = DIRECTION('',(1.,0.));
#2539 = ( GEOMETRIC_REPRESENTATION_CONTEXT(2) 
PARAMETRIC_REPRESENTATION_CONTEXT() REPRESENTATION_CONTEXT('2D SPACE',''
  ) );
#2540 = ORIENTED_EDGE('',*,*,#2541,.T.);
#2541 = EDGE_CURVE('',#2507,#2542,#2544,.T.);
#2542 = VERTEX_POINT('',#2543);
#2543 = CARTESIAN_POINT('',(0.355,0.375,3.1));
#2544 = SURFACE_CURVE('',#2545,(#2549,#2556),.PCURVE_S1.);
#2545 = LINE('',#2546,#2547);
#2546 = CARTESIAN_POINT('',(0.355,-0.375,3.1));
#2547 = VECTOR('',#2548,1.);
#2548 = DIRECTION('',(0.,1.,0.));
#2549 = PCURVE('',#2517,#2550);
#2550 = DEFINITIONAL_REPRESENTATION('',(#2551),#2555);
#2551 = LINE('',#2552,#2553);
#2552 = CARTESIAN_POINT('',(0.,0.));
#2553 = VECTOR('',#2554,1.);
#2554 = DIRECTION('',(0.,-1.));
#2555 = ( GEOMETRIC_REPRESENTATION_CONTEXT(2) 
PARAMETRIC_REPRESENTATION_CONTEXT() REPRESENTATION_CONTEXT('2D SPACE',''
  ) );
#2556 = PCURVE('',#2557,#2562);
#2557 = PLANE('',#2558);
#2558 = AXIS2_PLACEMENT_3D('',#2559,#2560,#2561);
#2559 = CARTESIAN_POINT('',(0.355,-0.375,3.1));
#2560 = DIRECTION('',(0.,0.,1.));
#2561 = DIRECTION('',(1.,0.,0.));
#2562 = DEFINITIONAL_REPRESENTATION('',(#2563),#2567);
#2563 = LINE('',#2564,#2565);
#2564 = CARTESIAN_POINT('',(0.,0.));
#2565 = VECTOR('',#2566,1.);
#2566 = DIRECTION('',(0.,1.));
#2567 = ( GEOMETRIC_REPRESENTATION_CONTEXT(2) 
PARAMETRIC_REPRESENTATION_CONTEXT() REPRESENTATION_CONTEXT('2D SPACE',''
  ) );
#2568 = ORIENTED_EDGE('',*,*,#2569,.T.);
#2569 = EDGE_CURVE('',#2542,#2570,#2572,.T.);
#2570 = VERTEX_POINT('',#2571);
#2571 = CARTESIAN_POINT('',(0.355,0.375,3.4));
#2572 = SURFACE_CURVE('',#2573,(#2577,#2584),.PCURVE_S1.);
#2573 = LINE('',#2574,#2575);
#2574 = CARTESIAN_POINT('',(0.355,0.375,3.1));
#2575 = VECTOR('',#2576,1.);
#2576 = DIRECTION('',(0.,0.,1.));
#2577 = PCURVE('',#2517,#2578);
#2578 = DEFINITIONAL_REPRESENTATION('',(#2579),#2583);
#2579 = LINE('',#2580,#2581);
#2580 = CARTESIAN_POINT('',(0.,-0.75));
#2581 = VECTOR('',#2582,1.);
#2582 = DIRECTION('',(1.,0.));
#2583 = ( GEOMETRIC_REPRESENTATION_CONTEXT(2) 
PARAMETRIC_REPRESENTATION_CONTEXT() REPRESENTATION_CONTEXT('2D SPACE',''
  ) );
#2584 = PCURVE('',#2585,#2590);
#2585 = PLANE('',#2586);
#2586 = AXIS2_PLACEMENT_3D('',#2587,#2588,#2589);
#2587 = CARTESIAN_POINT('',(0.355,0.375,3.1));
#2588 = DIRECTION('',(0.,1.,0.));
#2589 = DIRECTION('',(0.,0.,1.));
#2590 = DEFINITIONAL_REPRESENTATION('',(#2591),#2595);
#2591 = LINE('',#2592,#2593);
#2592 = CARTESIAN_POINT('',(0.,0.));
#2593 = VECTOR('',#2594,1.);
#2594 = DIRECTION('',(1.,0.));
#2595 = ( GEOMETRIC_REPRESENTATION_CONTEXT(2) 
PARAMETRIC_REPRESENTATION_CONTEXT() REPRESENTATION_CONTEXT('2D SPACE',''
  ) );
#2596 = ORIENTED_EDGE('',*,*,#2597,.F.);
#2597 = EDGE_CURVE('',#2509,#2570,#2598,.T.);
#2598 = SURFACE_CURVE('',#2599,(#2603,#2610),.PCURVE_S1.);
#2599 = LINE('',#2600,#2601);
#2600 = CARTESIAN_POINT('',(0.355,-0.375,3.4));
#2601 = VECTOR('',#2602,1.);
#2602 = DIRECTION('',(0.,1.,0.));
#2603 = PCURVE('',#2517,#2604);
#2604 = DEFINITIONAL_REPRESENTATION('',(#2605),#2609);
#2605 = LINE('',#2606,#2607);
#2606 = CARTESIAN_POINT('',(0.3,0.));
#2607 = VECTOR('',#2608,1.);
#2608 = DIRECTION('',(0.,-1.));
#2609 = ( GEOMETRIC_REPRESENTATION_CONTEXT(2) 
PARAMETRIC_REPRESENTATION_CONTEXT() REPRESENTATION_CONTEXT('2D SPACE',''
  ) );
#2610 = PCURVE('',#2611,#2616);
#2611 = PLANE('',#2612);
#2612 = AXIS2_PLACEMENT_3D('',#2613,#2614,#2615);
#2613 = CARTESIAN_POINT('',(0.355,-0.375,3.4));
#2614 = DIRECTION('',(0.,0.,1.));
#2615 = DIRECTION('',(1.,0.,0.));
#2616 = DEFINITIONAL_REPRESENTATION('',(#2617),#2621);
#2617 = LINE('',#2618,#2619);
#2618 = CARTESIAN_POINT('',(0.,0.));
#2619 = VECTOR('',#2620,1.);
#2620 = DIRECTION('',(0.,1.));
#2621 = ( GEOMETRIC_REPRESENTATION_CONTEXT(2) 
PARAMETRIC_REPRESENTATION_CONTEXT() REPRESENTATION_CONTEXT('2D SPACE',''
  ) );
#2622 = ADVANCED_FACE('',(#2623),#2637,.T.);
#2623 = FACE_BOUND('',#2624,.T.);
#2624 = EDGE_LOOP('',(#2625,#2655,#2678,#2701));
#2625 = ORIENTED_EDGE('',*,*,#2626,.F.);
#2626 = EDGE_CURVE('',#2627,#2629,#2631,.T.);
#2627 = VERTEX_POINT('',#2628);
#2628 = CARTESIAN_POINT('',(1.005,-0.375,3.1));
#2629 = VERTEX_POINT('',#2630);
#2630 = CARTESIAN_POINT('',(1.005,-0.375,3.4));
#2631 = SURFACE_CURVE('',#2632,(#2636,#2648),.PCURVE_S1.);
#2632 = LINE('',#2633,#2634);
#2633 = CARTESIAN_POINT('',(1.005,-0.375,3.1));
#2634 = VECTOR('',#2635,1.);
#2635 = DIRECTION('',(0.,0.,1.));
#2636 = PCURVE('',#2637,#2642);
#2637 = PLANE('',#2638);
#2638 = AXIS2_PLACEMENT_3D('',#2639,#2640,#2641);
#2639 = CARTESIAN_POINT('',(1.005,-0.375,3.1));
#2640 = DIRECTION('',(1.,0.,0.));
#2641 = DIRECTION('',(0.,0.,1.));
#2642 = DEFINITIONAL_REPRESENTATION('',(#2643),#2647);
#2643 = LINE('',#2644,#2645);
#2644 = CARTESIAN_POINT('',(0.,0.));
#2645 = VECTOR('',#2646,1.);
#2646 = DIRECTION('',(1.,0.));
#2647 = ( GEOMETRIC_REPRESENTATION_CONTEXT(2) 
PARAMETRIC_REPRESENTATION_CONTEXT() REPRESENTATION_CONTEXT('2D SPACE',''
  ) );
#2648 = PCURVE('',#2529,#2649);
#2649 = DEFINITIONAL_REPRESENTATION('',(#2650),#2654);
#2650 = LINE('',#2651,#2652);
#2651 = CARTESIAN_POINT('',(0.,0.65));
#2652 = VECTOR('',#2653,1.);
#2653 = DIRECTION('',(1.,0.));
#2654 = ( GEOMETRIC_REPRESENTATION_CONTEXT(2) 
PARAMETRIC_REPRESENTATION_CONTEXT() REPRESENTATION_CONTEXT('2D SPACE',''
  ) );
#2655 = ORIENTED_EDGE('',*,*,#2656,.T.);
#2656 = EDGE_CURVE('',#2627,#2657,#2659,.T.);
#2657 = VERTEX_POINT('',#2658);
#2658 = CARTESIAN_POINT('',(1.005,0.375,3.1));
#2659 = SURFACE_CURVE('',#2660,(#2664,#2671),.PCURVE_S1.);
#2660 = LINE('',#2661,#2662);
#2661 = CARTESIAN_POINT('',(1.005,-0.375,3.1));
#2662 = VECTOR('',#2663,1.);
#2663 = DIRECTION('',(0.,1.,0.));
#2664 = PCURVE('',#2637,#2665);
#2665 = DEFINITIONAL_REPRESENTATION('',(#2666),#2670);
#2666 = LINE('',#2667,#2668);
#2667 = CARTESIAN_POINT('',(0.,0.));
#2668 = VECTOR('',#2669,1.);
#2669 = DIRECTION('',(0.,-1.));
#2670 = ( GEOMETRIC_REPRESENTATION_CONTEXT(2) 
PARAMETRIC_REPRESENTATION_CONTEXT() REPRESENTATION_CONTEXT('2D SPACE',''
  ) );
#2671 = PCURVE('',#2557,#2672);
#2672 = DEFINITIONAL_REPRESENTATION('',(#2673),#2677);
#2673 = LINE('',#2674,#2675);
#2674 = CARTESIAN_POINT('',(0.65,0.));
#2675 = VECTOR('',#2676,1.);
#2676 = DIRECTION('',(0.,1.));
#2677 = ( GEOMETRIC_REPRESENTATION_CONTEXT(2) 
PARAMETRIC_REPRESENTATION_CONTEXT() REPRESENTATION_CONTEXT('2D SPACE',''
  ) );
#2678 = ORIENTED_EDGE('',*,*,#2679,.T.);
#2679 = EDGE_CURVE('',#2657,#2680,#2682,.T.);
#2680 = VERTEX_POINT('',#2681);
#2681 = CARTESIAN_POINT('',(1.005,0.375,3.4));
#2682 = SURFACE_CURVE('',#2683,(#2687,#2694),.PCURVE_S1.);
#2683 = LINE('',#2684,#2685);
#2684 = CARTESIAN_POINT('',(1.005,0.375,3.1));
#2685 = VECTOR('',#2686,1.);
#2686 = DIRECTION('',(0.,0.,1.));
#2687 = PCURVE('',#2637,#2688);
#2688 = DEFINITIONAL_REPRESENTATION('',(#2689),#2693);
#2689 = LINE('',#2690,#2691);
#2690 = CARTESIAN_POINT('',(0.,-0.75));
#2691 = VECTOR('',#2692,1.);
#2692 = DIRECTION('',(1.,0.));
#2693 = ( GEOMETRIC_REPRESENTATION_CONTEXT(2) 
PARAMETRIC_REPRESENTATION_CONTEXT() REPRESENTATION_CONTEXT('2D SPACE',''
  ) );
#2694 = PCURVE('',#2585,#2695);
#2695 = DEFINITIONAL_REPRESENTATION('',(#2696),#2700);
#2696 = LINE('',#2697,#2698);
#2697 = CARTESIAN_POINT('',(0.,0.65));
#2698 = VECTOR('',#2699,1.);
#2699 = DIRECTION('',(1.,0.));
#2700 = ( GEOMETRIC_REPRESENTATION_CONTEXT(2) 
PARAMETRIC_REPRESENTATION_CONTEXT() REPRESENTATION_CONTEXT('2D SPACE',''
  ) );
#2701 = ORIENTED_EDGE('',*,*,#2702,.F.);
#2702 = EDGE_CURVE('',#2629,#2680,#2703,.T.);
#2703 = SURFACE_CURVE('',#2704,(#2708,#2715),.PCURVE_S1.);
#2704 = LINE('',#2705,#2706);
#2705 = CARTESIAN_POINT('',(1.005,-0.375,3.4));
#2706 = VECTOR('',#2707,1.);
#2707 = DIRECTION('',(0.,1.,0.));
#2708 = PCURVE('',#2637,#2709);
#2709 = DEFINITIONAL_REPRESENTATION('',(#2710),#2714);
#2710 = LINE('',#2711,#2712);
#2711 = CARTESIAN_POINT('',(0.3,0.));
#2712 = VECTOR('',#2713,1.);
#2713 = DIRECTION('',(0.,-1.));
#2714 = ( GEOMETRIC_REPRESENTATION_CONTEXT(2) 
PARAMETRIC_REPRESENTATION_CONTEXT() REPRESENTATION_CONTEXT('2D SPACE',''
  ) );
#2715 = PCURVE('',#2611,#2716);
#2716 = DEFINITIONAL_REPRESENTATION('',(#2717),#2721);
#2717 = LINE('',#2718,#2719);
#2718 = CARTESIAN_POINT('',(0.65,0.));
#2719 = VECTOR('',#2720,1.);
#2720 = DIRECTION('',(0.,1.));
#2721 = ( GEOMETRIC_REPRESENTATION_CONTEXT(2) 
PARAMETRIC_REPRESENTATION_CONTEXT() REPRESENTATION_CONTEXT('2D SPACE',''
  ) );
#2722 = ADVANCED_FACE('',(#2723),#2529,.F.);
#2723 = FACE_BOUND('',#2724,.F.);
#2724 = EDGE_LOOP('',(#2725,#2746,#2747,#2768));
#2725 = ORIENTED_EDGE('',*,*,#2726,.F.);
#2726 = EDGE_CURVE('',#2507,#2627,#2727,.T.);
#2727 = SURFACE_CURVE('',#2728,(#2732,#2739),.PCURVE_S1.);
#2728 = LINE('',#2729,#2730);
#2729 = CARTESIAN_POINT('',(0.355,-0.375,3.1));
#2730 = VECTOR('',#2731,1.);
#2731 = DIRECTION('',(1.,0.,0.));
#2732 = PCURVE('',#2529,#2733);
#2733 = DEFINITIONAL_REPRESENTATION('',(#2734),#2738);
#2734 = LINE('',#2735,#2736);
#2735 = CARTESIAN_POINT('',(0.,0.));
#2736 = VECTOR('',#2737,1.);
#2737 = DIRECTION('',(0.,1.));
#2738 = ( GEOMETRIC_REPRESENTATION_CONTEXT(2) 
PARAMETRIC_REPRESENTATION_CONTEXT() REPRESENTATION_CONTEXT('2D SPACE',''
  ) );
#2739 = PCURVE('',#2557,#2740);
#2740 = DEFINITIONAL_REPRESENTATION('',(#2741),#2745);
#2741 = LINE('',#2742,#2743);
#2742 = CARTESIAN_POINT('',(0.,0.));
#2743 = VECTOR('',#2744,1.);
#2744 = DIRECTION('',(1.,0.));
#2745 = ( GEOMETRIC_REPRESENTATION_CONTEXT(2) 
PARAMETRIC_REPRESENTATION_CONTEXT() REPRESENTATION_CONTEXT('2D SPACE',''
  ) );
#2746 = ORIENTED_EDGE('',*,*,#2506,.T.);
#2747 = ORIENTED_EDGE('',*,*,#2748,.T.);
#2748 = EDGE_CURVE('',#2509,#2629,#2749,.T.);
#2749 = SURFACE_CURVE('',#2750,(#2754,#2761),.PCURVE_S1.);
#2750 = LINE('',#2751,#2752);
#2751 = CARTESIAN_POINT('',(0.355,-0.375,3.4));
#2752 = VECTOR('',#2753,1.);
#2753 = DIRECTION('',(1.,0.,0.));
#2754 = PCURVE('',#2529,#2755);
#2755 = DEFINITIONAL_REPRESENTATION('',(#2756),#2760);
#2756 = LINE('',#2757,#2758);
#2757 = CARTESIAN_POINT('',(0.3,0.));
#2758 = VECTOR('',#2759,1.);
#2759 = DIRECTION('',(0.,1.));
#2760 = ( GEOMETRIC_REPRESENTATION_CONTEXT(2) 
PARAMETRIC_REPRESENTATION_CONTEXT() REPRESENTATION_CONTEXT('2D SPACE',''
  ) );
#2761 = PCURVE('',#2611,#2762);
#2762 = DEFINITIONAL_REPRESENTATION('',(#2763),#2767);
#2763 = LINE('',#2764,#2765);
#2764 = CARTESIAN_POINT('',(0.,0.));
#2765 = VECTOR('',#2766,1.);
#2766 = DIRECTION('',(1.,0.));
#2767 = ( GEOMETRIC_REPRESENTATION_CONTEXT(2) 
PARAMETRIC_REPRESENTATION_CONTEXT() REPRESENTATION_CONTEXT('2D SPACE',''
  ) );
#2768 = ORIENTED_EDGE('',*,*,#2626,.F.);
#2769 = ADVANCED_FACE('',(#2770),#2585,.T.);
#2770 = FACE_BOUND('',#2771,.T.);
#2771 = EDGE_LOOP('',(#2772,#2793,#2794,#2815));
#2772 = ORIENTED_EDGE('',*,*,#2773,.F.);
#2773 = EDGE_CURVE('',#2542,#2657,#2774,.T.);
#2774 = SURFACE_CURVE('',#2775,(#2779,#2786),.PCURVE_S1.);
#2775 = LINE('',#2776,#2777);
#2776 = CARTESIAN_POINT('',(0.355,0.375,3.1));
#2777 = VECTOR('',#2778,1.);
#2778 = DIRECTION('',(1.,0.,0.));
#2779 = PCURVE('',#2585,#2780);
#2780 = DEFINITIONAL_REPRESENTATION('',(#2781),#2785);
#2781 = LINE('',#2782,#2783);
#2782 = CARTESIAN_POINT('',(0.,0.));
#2783 = VECTOR('',#2784,1.);
#2784 = DIRECTION('',(0.,1.));
#2785 = ( GEOMETRIC_REPRESENTATION_CONTEXT(2) 
PARAMETRIC_REPRESENTATION_CONTEXT() REPRESENTATION_CONTEXT('2D SPACE',''
  ) );
#2786 = PCURVE('',#2557,#2787);
#2787 = DEFINITIONAL_REPRESENTATION('',(#2788),#2792);
#2788 = LINE('',#2789,#2790);
#2789 = CARTESIAN_POINT('',(0.,0.75));
#2790 = VECTOR('',#2791,1.);
#2791 = DIRECTION('',(1.,0.));
#2792 = ( GEOMETRIC_REPRESENTATION_CONTEXT(2) 
PARAMETRIC_REPRESENTATION_CONTEXT() REPRESENTATION_CONTEXT('2D SPACE',''
  ) );
#2793 = ORIENTED_EDGE('',*,*,#2569,.T.);
#2794 = ORIENTED_EDGE('',*,*,#2795,.T.);
#2795 = EDGE_CURVE('',#2570,#2680,#2796,.T.);
#2796 = SURFACE_CURVE('',#2797,(#2801,#2808),.PCURVE_S1.);
#2797 = LINE('',#2798,#2799);
#2798 = CARTESIAN_POINT('',(0.355,0.375,3.4));
#2799 = VECTOR('',#2800,1.);
#2800 = DIRECTION('',(1.,0.,0.));
#2801 = PCURVE('',#2585,#2802);
#2802 = DEFINITIONAL_REPRESENTATION('',(#2803),#2807);
#2803 = LINE('',#2804,#2805);
#2804 = CARTESIAN_POINT('',(0.3,0.));
#2805 = VECTOR('',#2806,1.);
#2806 = DIRECTION('',(0.,1.));
#2807 = ( GEOMETRIC_REPRESENTATION_CONTEXT(2) 
PARAMETRIC_REPRESENTATION_CONTEXT() REPRESENTATION_CONTEXT('2D SPACE',''
  ) );
#2808 = PCURVE('',#2611,#2809);
#2809 = DEFINITIONAL_REPRESENTATION('',(#2810),#2814);
#2810 = LINE('',#2811,#2812);
#2811 = CARTESIAN_POINT('',(0.,0.75));
#2812 = VECTOR('',#2813,1.);
#2813 = DIRECTION('',(1.,0.));
#2814 = ( GEOMETRIC_REPRESENTATION_CONTEXT(2) 
PARAMETRIC_REPRESENTATION_CONTEXT() REPRESENTATION_CONTEXT('2D SPACE',''
  ) );
#2815 = ORIENTED_EDGE('',*,*,#2679,.F.);
#2816 = ADVANCED_FACE('',(#2817),#2557,.F.);
#2817 = FACE_BOUND('',#2818,.F.);
#2818 = EDGE_LOOP('',(#2819,#2820,#2821,#2822));
#2819 = ORIENTED_EDGE('',*,*,#2541,.F.);
#2820 = ORIENTED_EDGE('',*,*,#2726,.T.);
#2821 = ORIENTED_EDGE('',*,*,#2656,.T.);
#2822 = ORIENTED_EDGE('',*,*,#2773,.F.);
#2823 = ADVANCED_FACE('',(#2824),#2611,.T.);
#2824 = FACE_BOUND('',#2825,.T.);
#2825 = EDGE_LOOP('',(#2826,#2827,#2828,#2829));
#2826 = ORIENTED_EDGE('',*,*,#2597,.F.);
#2827 = ORIENTED_EDGE('',*,*,#2748,.T.);
#2828 = ORIENTED_EDGE('',*,*,#2702,.T.);
#2829 = ORIENTED_EDGE('',*,*,#2795,.F.);
#2830 = ( GEOMETRIC_REPRESENTATION_CONTEXT(3) 
GLOBAL_UNCERTAINTY_ASSIGNED_CONTEXT((#2834)) 
GLOBAL_UNIT_ASSIGNED_CONTEXT((#2831,#2832,#2833)) REPRESENTATION_CONTEXT
('Context #1','3D Context with UNIT and UNCERTAINTY') );
#2831 = ( LENGTH_UNIT() NAMED_UNIT(*) SI_UNIT(.MILLI.,.METRE.) );
#2832 = ( NAMED_UNIT(*) PLANE_ANGLE_UNIT() SI_UNIT($,.RADIAN.) );
#2833 = ( NAMED_UNIT(*) SI_UNIT($,.STERADIAN.) SOLID_ANGLE_UNIT() );
#2834 = UNCERTAINTY_MEASURE_WITH_UNIT(LENGTH_MEASURE(1.E-07),#2831,
  'distance_accuracy_value','confusion accuracy');
#2835 = CONTEXT_DEPENDENT_SHAPE_REPRESENTATION(#2836,#2838);
#2836 = ( REPRESENTATION_RELATIONSHIP('','',#2499,#10) 
REPRESENTATION_RELATIONSHIP_WITH_TRANSFORMATION(#2837) 
SHAPE_REPRESENTATION_RELATIONSHIP() );
#2837 = ITEM_DEFINED_TRANSFORMATION('','',#11,#35);
#2838 = PRODUCT_DEFINITION_SHAPE('Placement','Placement of an item',
  #2839);
#2839 = NEXT_ASSEMBLY_USAGE_OCCURRENCE('6','green_die','',#5,#2494,$);
#2840 = PRODUCT_RELATED_PRODUCT_CATEGORY('part',$,(#2496));
#2841 = MECHANICAL_DESIGN_GEOMETRIC_PRESENTATION_REPRESENTATION('',(
    #2842),#269);
#2842 = STYLED_ITEM('color',(#2843),#53);
#2843 = PRESENTATION_STYLE_ASSIGNMENT((#2844));
#2844 = SURFACE_STYLE_USAGE(.BOTH.,#2845);
#2845 = SURFACE_SIDE_STYLE('',(#2846,#2850));
#2846 = SURFACE_STYLE_FILL_AREA(#2847);
#2847 = FILL_AREA_STYLE('',(#2848));
#2848 = FILL_AREA_STYLE_COLOUR('',#2849);
#2849 = COLOUR_RGB('',0.839999997739,0.859999984366,0.78000000177);
#2850 = SURFACE_STYLE_RENDERING_WITH_PROPERTIES(.NORMAL_SHADING.,#2849,(
    #2851));
#2851 = SURFACE_STYLE_TRANSPARENT(0.27999997139);
#2852 = MECHANICAL_DESIGN_GEOMETRIC_PRESENTATION_REPRESENTATION('',(
    #2853),#1032);
#2853 = STYLED_ITEM('color',(#2854),#288);
#2854 = PRESENTATION_STYLE_ASSIGNMENT((#2855));
#2855 = SURFACE_STYLE_USAGE(.BOTH.,#2856);
#2856 = SURFACE_SIDE_STYLE('',(#2857));
#2857 = SURFACE_STYLE_FILL_AREA(#2858);
#2858 = FILL_AREA_STYLE('',(#2859));
#2859 = FILL_AREA_STYLE_COLOUR('',#2860);
#2860 = COLOUR_RGB('',0.720000003324,0.740000011925,0.740000011925);
#2861 = MECHANICAL_DESIGN_GEOMETRIC_PRESENTATION_REPRESENTATION('',(
    #2862),#2481);
#2862 = STYLED_ITEM('color',(#2863),#2151);
#2863 = PRESENTATION_STYLE_ASSIGNMENT((#2864));
#2864 = SURFACE_STYLE_USAGE(.BOTH.,#2865);
#2865 = SURFACE_SIDE_STYLE('',(#2866));
#2866 = SURFACE_STYLE_FILL_AREA(#2867);
#2867 = FILL_AREA_STYLE('',(#2868));
#2868 = FILL_AREA_STYLE_COLOUR('',#2869);
#2869 = COLOUR_RGB('',0.819999987296,5.000000142576E-02,
  2.999999916181E-02);
#2870 = MECHANICAL_DESIGN_GEOMETRIC_PRESENTATION_REPRESENTATION('',(
    #2871),#2830);
#2871 = STYLED_ITEM('color',(#2872),#2500);
#2872 = PRESENTATION_STYLE_ASSIGNMENT((#2873));
#2873 = SURFACE_STYLE_USAGE(.BOTH.,#2874);
#2874 = SURFACE_SIDE_STYLE('',(#2875));
#2875 = SURFACE_STYLE_FILL_AREA(#2876);
#2876 = FILL_AREA_STYLE('',(#2877));
#2877 = FILL_AREA_STYLE_COLOUR('',#2878);
#2878 = COLOUR_RGB('',5.000000142576E-02,0.620000000292,0.120000001395);
#2879 = MECHANICAL_DESIGN_GEOMETRIC_PRESENTATION_REPRESENTATION('',(
    #2880),#2132);
#2880 = STYLED_ITEM('color',(#2881),#1388);
#2881 = PRESENTATION_STYLE_ASSIGNMENT((#2882));
#2882 = SURFACE_STYLE_USAGE(.BOTH.,#2883);
#2883 = SURFACE_SIDE_STYLE('',(#2884));
#2884 = SURFACE_STYLE_FILL_AREA(#2885);
#2885 = FILL_AREA_STYLE('',(#2886));
#2886 = FILL_AREA_STYLE_COLOUR('',#2860);
#2887 = MECHANICAL_DESIGN_GEOMETRIC_PRESENTATION_REPRESENTATION('',(
    #2888),#1369);
#2888 = STYLED_ITEM('color',(#2889),#1051);
#2889 = PRESENTATION_STYLE_ASSIGNMENT((#2890));
#2890 = SURFACE_STYLE_USAGE(.BOTH.,#2891);
#2891 = SURFACE_SIDE_STYLE('',(#2892));
#2892 = SURFACE_STYLE_FILL_AREA(#2893);
#2893 = FILL_AREA_STYLE('',(#2894));
#2894 = FILL_AREA_STYLE_COLOUR('',#2860);
ENDSEC;
END-ISO-10303-21;
