ISO-10303-21;
HEADER;
FILE_DESCRIPTION(('Open CASCADE Model'),'2;1');
FILE_NAME('Open CASCADE Shape Model','2026-08-30T19:58:37',('Author'),(
    'Open CASCADE'),'Open CASCADE STEP processor 7.9','Open CASCADE 7.9'
  ,'Unknown');
FILE_SCHEMA(('AUTOMOTIVE_DESIGN { 1 0 10303 214 1 1 1 1 }'));
ENDSEC;
DATA;
#1 = APPLICATION_PROTOCOL_DEFINITION('international standard',
  'automotive_design',2000,#2);
#2 = APPLICATION_CONTEXT(
  'core data for automotive mechanical design processes');
#3 = SHAPE_DEFINITION_REPRESENTATION(#4,#10);
#4 = PRODUCT_DEFINITION_SHAPE('','',#5);
#5 = PRODUCT_DEFINITION('design','',#6,#9);
#6 = PRODUCT_DEFINITION_FORMATION('','',#7);
#7 = PRODUCT('CJMCU-2317 Module','CJMCU-2317 Module','',(#8));
#8 = PRODUCT_CONTEXT('',#2,'mechanical');
#9 = PRODUCT_DEFINITION_CONTEXT('part definition',#2,'design');
#10 = SHAPE_REPRESENTATION('',(#11,#15,#19,#23,#27,#31,#35,#39,#43,#47,
    #51,#55,#59,#63,#67,#71,#75,#79,#83,#87,#91,#95,#99,#103,#107,#111,
    #115,#119,#123),#127);
#11 = AXIS2_PLACEMENT_3D('',#12,#13,#14);
#12 = CARTESIAN_POINT('',(0.,0.,0.));
#13 = DIRECTION('',(0.,0.,1.));
#14 = DIRECTION('',(1.,0.,-0.));
#15 = AXIS2_PLACEMENT_3D('',#16,#17,#18);
#16 = CARTESIAN_POINT('',(0.,0.,0.));
#17 = DIRECTION('',(0.,0.,1.));
#18 = DIRECTION('',(1.,0.,-0.));
#19 = AXIS2_PLACEMENT_3D('',#20,#21,#22);
#20 = CARTESIAN_POINT('',(0.,0.,0.));
#21 = DIRECTION('',(0.,0.,1.));
#22 = DIRECTION('',(1.,0.,-0.));
#23 = AXIS2_PLACEMENT_3D('',#24,#25,#26);
#24 = CARTESIAN_POINT('',(0.,0.,0.));
#25 = DIRECTION('',(0.,0.,1.));
#26 = DIRECTION('',(1.,0.,-0.));
#27 = AXIS2_PLACEMENT_3D('',#28,#29,#30);
#28 = CARTESIAN_POINT('',(0.,0.,0.));
#29 = DIRECTION('',(0.,0.,1.));
#30 = DIRECTION('',(1.,0.,-0.));
#31 = AXIS2_PLACEMENT_3D('',#32,#33,#34);
#32 = CARTESIAN_POINT('',(0.,0.,0.));
#33 = DIRECTION('',(0.,0.,1.));
#34 = DIRECTION('',(1.,0.,-0.));
#35 = AXIS2_PLACEMENT_3D('',#36,#37,#38);
#36 = CARTESIAN_POINT('',(0.,0.,0.));
#37 = DIRECTION('',(0.,0.,1.));
#38 = DIRECTION('',(1.,0.,-0.));
#39 = AXIS2_PLACEMENT_3D('',#40,#41,#42);
#40 = CARTESIAN_POINT('',(0.,0.,0.));
#41 = DIRECTION('',(0.,0.,1.));
#42 = DIRECTION('',(1.,0.,-0.));
#43 = AXIS2_PLACEMENT_3D('',#44,#45,#46);
#44 = CARTESIAN_POINT('',(0.,0.,0.));
#45 = DIRECTION('',(0.,0.,1.));
#46 = DIRECTION('',(1.,0.,-0.));
#47 = AXIS2_PLACEMENT_3D('',#48,#49,#50);
#48 = CARTESIAN_POINT('',(0.,0.,0.));
#49 = DIRECTION('',(0.,0.,1.));
#50 = DIRECTION('',(1.,0.,-0.));
#51 = AXIS2_PLACEMENT_3D('',#52,#53,#54);
#52 = CARTESIAN_POINT('',(0.,0.,0.));
#53 = DIRECTION('',(0.,0.,1.));
#54 = DIRECTION('',(1.,0.,-0.));
#55 = AXIS2_PLACEMENT_3D('',#56,#57,#58);
#56 = CARTESIAN_POINT('',(0.,0.,0.));
#57 = DIRECTION('',(0.,0.,1.));
#58 = DIRECTION('',(1.,0.,-0.));
#59 = AXIS2_PLACEMENT_3D('',#60,#61,#62);
#60 = CARTESIAN_POINT('',(0.,0.,0.));
#61 = DIRECTION('',(0.,0.,1.));
#62 = DIRECTION('',(1.,0.,-0.));
#63 = AXIS2_PLACEMENT_3D('',#64,#65,#66);
#64 = CARTESIAN_POINT('',(0.,0.,0.));
#65 = DIRECTION('',(0.,0.,1.));
#66 = DIRECTION('',(1.,0.,-0.));
#67 = AXIS2_PLACEMENT_3D('',#68,#69,#70);
#68 = CARTESIAN_POINT('',(0.,0.,0.));
#69 = DIRECTION('',(0.,0.,1.));
#70 = DIRECTION('',(1.,0.,-0.));
#71 = AXIS2_PLACEMENT_3D('',#72,#73,#74);
#72 = CARTESIAN_POINT('',(0.,0.,0.));
#73 = DIRECTION('',(0.,0.,1.));
#74 = DIRECTION('',(1.,0.,-0.));
#75 = AXIS2_PLACEMENT_3D('',#76,#77,#78);
#76 = CARTESIAN_POINT('',(0.,0.,0.));
#77 = DIRECTION('',(0.,0.,1.));
#78 = DIRECTION('',(1.,0.,-0.));
#79 = AXIS2_PLACEMENT_3D('',#80,#81,#82);
#80 = CARTESIAN_POINT('',(0.,0.,0.));
#81 = DIRECTION('',(0.,0.,1.));
#82 = DIRECTION('',(1.,0.,-0.));
#83 = AXIS2_PLACEMENT_3D('',#84,#85,#86);
#84 = CARTESIAN_POINT('',(0.,0.,0.));
#85 = DIRECTION('',(0.,0.,1.));
#86 = DIRECTION('',(1.,0.,-0.));
#87 = AXIS2_PLACEMENT_3D('',#88,#89,#90);
#88 = CARTESIAN_POINT('',(0.,0.,0.));
#89 = DIRECTION('',(0.,0.,1.));
#90 = DIRECTION('',(1.,0.,-0.));
#91 = AXIS2_PLACEMENT_3D('',#92,#93,#94);
#92 = CARTESIAN_POINT('',(0.,0.,0.));
#93 = DIRECTION('',(0.,0.,1.));
#94 = DIRECTION('',(1.,0.,-0.));
#95 = AXIS2_PLACEMENT_3D('',#96,#97,#98);
#96 = CARTESIAN_POINT('',(0.,0.,0.));
#97 = DIRECTION('',(0.,0.,1.));
#98 = DIRECTION('',(1.,0.,-0.));
#99 = AXIS2_PLACEMENT_3D('',#100,#101,#102);
#100 = CARTESIAN_POINT('',(0.,0.,0.));
#101 = DIRECTION('',(0.,0.,1.));
#102 = DIRECTION('',(1.,0.,-0.));
#103 = AXIS2_PLACEMENT_3D('',#104,#105,#106);
#104 = CARTESIAN_POINT('',(0.,0.,0.));
#105 = DIRECTION('',(0.,0.,1.));
#106 = DIRECTION('',(1.,0.,-0.));
#107 = AXIS2_PLACEMENT_3D('',#108,#109,#110);
#108 = CARTESIAN_POINT('',(0.,0.,0.));
#109 = DIRECTION('',(0.,0.,1.));
#110 = DIRECTION('',(1.,0.,-0.));
#111 = AXIS2_PLACEMENT_3D('',#112,#113,#114);
#112 = CARTESIAN_POINT('',(0.,0.,0.));
#113 = DIRECTION('',(0.,0.,1.));
#114 = DIRECTION('',(1.,0.,-0.));
#115 = AXIS2_PLACEMENT_3D('',#116,#117,#118);
#116 = CARTESIAN_POINT('',(0.,0.,0.));
#117 = DIRECTION('',(0.,0.,1.));
#118 = DIRECTION('',(1.,0.,-0.));
#119 = AXIS2_PLACEMENT_3D('',#120,#121,#122);
#120 = CARTESIAN_POINT('',(0.,0.,0.));
#121 = DIRECTION('',(0.,0.,1.));
#122 = DIRECTION('',(1.,0.,-0.));
#123 = AXIS2_PLACEMENT_3D('',#124,#125,#126);
#124 = CARTESIAN_POINT('',(0.,0.,0.));
#125 = DIRECTION('',(0.,0.,1.));
#126 = DIRECTION('',(1.,0.,-0.));
#127 = ( GEOMETRIC_REPRESENTATION_CONTEXT(3) 
GLOBAL_UNCERTAINTY_ASSIGNED_CONTEXT((#131)) GLOBAL_UNIT_ASSIGNED_CONTEXT
((#128,#129,#130)) REPRESENTATION_CONTEXT('Context #1',
  '3D Context with UNIT and UNCERTAINTY') );
#128 = ( LENGTH_UNIT() NAMED_UNIT(*) SI_UNIT(.MILLI.,.METRE.) );
#129 = ( NAMED_UNIT(*) PLANE_ANGLE_UNIT() SI_UNIT($,.RADIAN.) );
#130 = ( NAMED_UNIT(*) SI_UNIT($,.STERADIAN.) SOLID_ANGLE_UNIT() );
#131 = UNCERTAINTY_MEASURE_WITH_UNIT(LENGTH_MEASURE(1.E-07),#128,
  'distance_accuracy_value','confusion accuracy');
#132 = PRODUCT_RELATED_PRODUCT_CATEGORY('part',$,(#7));
#133 = SHAPE_DEFINITION_REPRESENTATION(#134,#140);
#134 = PRODUCT_DEFINITION_SHAPE('','',#135);
#135 = PRODUCT_DEFINITION('design','',#136,#139);
#136 = PRODUCT_DEFINITION_FORMATION('','',#137);
#137 = PRODUCT('module_pcb','module_pcb','',(#138));
#138 = PRODUCT_CONTEXT('',#2,'mechanical');
#139 = PRODUCT_DEFINITION_CONTEXT('part definition',#2,'design');
#140 = ADVANCED_BREP_SHAPE_REPRESENTATION('',(#11,#141),#807);
#141 = MANIFOLD_SOLID_BREP('',#142);
#142 = CLOSED_SHELL('',(#143,#263,#463,#513,#567,#692,#719,#746,#773,
    #800));
#143 = ADVANCED_FACE('',(#144),#158,.F.);
#144 = FACE_BOUND('',#145,.F.);
#145 = EDGE_LOOP('',(#146,#181,#209,#237));
#146 = ORIENTED_EDGE('',*,*,#147,.F.);
#147 = EDGE_CURVE('',#148,#150,#152,.T.);
#148 = VERTEX_POINT('',#149);
#149 = CARTESIAN_POINT('',(-9.79,-11.78,4.1));
#150 = VERTEX_POINT('',#151);
#151 = CARTESIAN_POINT('',(-9.79,11.78,4.1));
#152 = SURFACE_CURVE('',#153,(#157,#169),.PCURVE_S1.);
#153 = LINE('',#154,#155);
#154 = CARTESIAN_POINT('',(-9.79,-12.08,4.1));
#155 = VECTOR('',#156,1.);
#156 = DIRECTION('',(0.,1.,0.));
#157 = PCURVE('',#158,#163);
#158 = PLANE('',#159);
#159 = AXIS2_PLACEMENT_3D('',#160,#161,#162);
#160 = CARTESIAN_POINT('',(-9.79,-12.08,2.5));
#161 = DIRECTION('',(1.,0.,0.));
#162 = DIRECTION('',(0.,0.,1.));
#163 = DEFINITIONAL_REPRESENTATION('',(#164),#168);
#164 = LINE('',#165,#166);
#165 = CARTESIAN_POINT('',(1.6,0.));
#166 = VECTOR('',#167,1.);
#167 = DIRECTION('',(0.,-1.));
#168 = ( GEOMETRIC_REPRESENTATION_CONTEXT(2) 
PARAMETRIC_REPRESENTATION_CONTEXT() REPRESENTATION_CONTEXT('2D SPACE',''
  ) );
#169 = PCURVE('',#170,#175);
#170 = PLANE('',#171);
#171 = AXIS2_PLACEMENT_3D('',#172,#173,#174);
#172 = CARTESIAN_POINT('',(-9.79,-12.08,4.1));
#173 = DIRECTION('',(0.,0.,1.));
#174 = DIRECTION('',(1.,0.,0.));
#175 = DEFINITIONAL_REPRESENTATION('',(#176),#180);
#176 = LINE('',#177,#178);
#177 = CARTESIAN_POINT('',(0.,0.));
#178 = VECTOR('',#179,1.);
#179 = DIRECTION('',(0.,1.));
#180 = ( GEOMETRIC_REPRESENTATION_CONTEXT(2) 
PARAMETRIC_REPRESENTATION_CONTEXT() REPRESENTATION_CONTEXT('2D SPACE',''
  ) );
#181 = ORIENTED_EDGE('',*,*,#182,.F.);
#182 = EDGE_CURVE('',#183,#148,#185,.T.);
#183 = VERTEX_POINT('',#184);
#184 = CARTESIAN_POINT('',(-9.79,-11.78,2.5));
#185 = SURFACE_CURVE('',#186,(#190,#197),.PCURVE_S1.);
#186 = LINE('',#187,#188);
#187 = CARTESIAN_POINT('',(-9.79,-11.78,2.5));
#188 = VECTOR('',#189,1.);
#189 = DIRECTION('',(0.,0.,1.));
#190 = PCURVE('',#158,#191);
#191 = DEFINITIONAL_REPRESENTATION('',(#192),#196);
#192 = LINE('',#193,#194);
#193 = CARTESIAN_POINT('',(0.,-0.3));
#194 = VECTOR('',#195,1.);
#195 = DIRECTION('',(1.,0.));
#196 = ( GEOMETRIC_REPRESENTATION_CONTEXT(2) 
PARAMETRIC_REPRESENTATION_CONTEXT() REPRESENTATION_CONTEXT('2D SPACE',''
  ) );
#197 = PCURVE('',#198,#203);
#198 = CYLINDRICAL_SURFACE('',#199,0.3);
#199 = AXIS2_PLACEMENT_3D('',#200,#201,#202);
#200 = CARTESIAN_POINT('',(-9.49,-11.78,2.5));
#201 = DIRECTION('',(0.,0.,1.));
#202 = DIRECTION('',(-1.,-0.,0.));
#203 = DEFINITIONAL_REPRESENTATION('',(#204),#208);
#204 = LINE('',#205,#206);
#205 = CARTESIAN_POINT('',(0.,0.));
#206 = VECTOR('',#207,1.);
#207 = DIRECTION('',(0.,1.));
#208 = ( GEOMETRIC_REPRESENTATION_CONTEXT(2) 
PARAMETRIC_REPRESENTATION_CONTEXT() REPRESENTATION_CONTEXT('2D SPACE',''
  ) );
#209 = ORIENTED_EDGE('',*,*,#210,.T.);
#210 = EDGE_CURVE('',#183,#211,#213,.T.);
#211 = VERTEX_POINT('',#212);
#212 = CARTESIAN_POINT('',(-9.79,11.78,2.5));
#213 = SURFACE_CURVE('',#214,(#218,#225),.PCURVE_S1.);
#214 = LINE('',#215,#216);
#215 = CARTESIAN_POINT('',(-9.79,-12.08,2.5));
#216 = VECTOR('',#217,1.);
#217 = DIRECTION('',(0.,1.,0.));
#218 = PCURVE('',#158,#219);
#219 = DEFINITIONAL_REPRESENTATION('',(#220),#224);
#220 = LINE('',#221,#222);
#221 = CARTESIAN_POINT('',(0.,0.));
#222 = VECTOR('',#223,1.);
#223 = DIRECTION('',(0.,-1.));
#224 = ( GEOMETRIC_REPRESENTATION_CONTEXT(2) 
PARAMETRIC_REPRESENTATION_CONTEXT() REPRESENTATION_CONTEXT('2D SPACE',''
  ) );
#225 = PCURVE('',#226,#231);
#226 = PLANE('',#227);
#227 = AXIS2_PLACEMENT_3D('',#228,#229,#230);
#228 = CARTESIAN_POINT('',(-9.79,-12.08,2.5));
#229 = DIRECTION('',(0.,0.,1.));
#230 = DIRECTION('',(1.,0.,0.));
#231 = DEFINITIONAL_REPRESENTATION('',(#232),#236);
#232 = LINE('',#233,#234);
#233 = CARTESIAN_POINT('',(0.,0.));
#234 = VECTOR('',#235,1.);
#235 = DIRECTION('',(0.,1.));
#236 = ( GEOMETRIC_REPRESENTATION_CONTEXT(2) 
PARAMETRIC_REPRESENTATION_CONTEXT() REPRESENTATION_CONTEXT('2D SPACE',''
  ) );
#237 = ORIENTED_EDGE('',*,*,#238,.T.);
#238 = EDGE_CURVE('',#211,#150,#239,.T.);
#239 = SURFACE_CURVE('',#240,(#244,#251),.PCURVE_S1.);
#240 = LINE('',#241,#242);
#241 = CARTESIAN_POINT('',(-9.79,11.78,2.5));
#242 = VECTOR('',#243,1.);
#243 = DIRECTION('',(0.,0.,1.));
#244 = PCURVE('',#158,#245);
#245 = DEFINITIONAL_REPRESENTATION('',(#246),#250);
#246 = LINE('',#247,#248);
#247 = CARTESIAN_POINT('',(0.,-23.86));
#248 = VECTOR('',#249,1.);
#249 = DIRECTION('',(1.,0.));
#250 = ( GEOMETRIC_REPRESENTATION_CONTEXT(2) 
PARAMETRIC_REPRESENTATION_CONTEXT() REPRESENTATION_CONTEXT('2D SPACE',''
  ) );
#251 = PCURVE('',#252,#257);
#252 = CYLINDRICAL_SURFACE('',#253,0.3);
#253 = AXIS2_PLACEMENT_3D('',#254,#255,#256);
#254 = CARTESIAN_POINT('',(-9.49,11.78,2.5));
#255 = DIRECTION('',(0.,0.,1.));
#256 = DIRECTION('',(-1.,-0.,0.));
#257 = DEFINITIONAL_REPRESENTATION('',(#258),#262);
#258 = LINE('',#259,#260);
#259 = CARTESIAN_POINT('',(-0.,0.));
#260 = VECTOR('',#261,1.);
#261 = DIRECTION('',(-0.,1.));
#262 = ( GEOMETRIC_REPRESENTATION_CONTEXT(2) 
PARAMETRIC_REPRESENTATION_CONTEXT() REPRESENTATION_CONTEXT('2D SPACE',''
  ) );
#263 = ADVANCED_FACE('',(#264),#170,.T.);
#264 = FACE_BOUND('',#265,.T.);
#265 = EDGE_LOOP('',(#266,#267,#291,#319,#352,#380,#409,#437));
#266 = ORIENTED_EDGE('',*,*,#147,.F.);
#267 = ORIENTED_EDGE('',*,*,#268,.T.);
#268 = EDGE_CURVE('',#148,#269,#271,.T.);
#269 = VERTEX_POINT('',#270);
#270 = CARTESIAN_POINT('',(-9.49,-12.08,4.1));
#271 = SURFACE_CURVE('',#272,(#277,#284),.PCURVE_S1.);
#272 = CIRCLE('',#273,0.3);
#273 = AXIS2_PLACEMENT_3D('',#274,#275,#276);
#274 = CARTESIAN_POINT('',(-9.49,-11.78,4.1));
#275 = DIRECTION('',(0.,0.,1.));
#276 = DIRECTION('',(0.,-1.,0.));
#277 = PCURVE('',#170,#278);
#278 = DEFINITIONAL_REPRESENTATION('',(#279),#283);
#279 = CIRCLE('',#280,0.3);
#280 = AXIS2_PLACEMENT_2D('',#281,#282);
#281 = CARTESIAN_POINT('',(0.3,0.3));
#282 = DIRECTION('',(0.,-1.));
#283 = ( GEOMETRIC_REPRESENTATION_CONTEXT(2) 
PARAMETRIC_REPRESENTATION_CONTEXT() REPRESENTATION_CONTEXT('2D SPACE',''
  ) );
#284 = PCURVE('',#198,#285);
#285 = DEFINITIONAL_REPRESENTATION('',(#286),#290);
#286 = LINE('',#287,#288);
#287 = CARTESIAN_POINT('',(-4.712388980385,1.6));
#288 = VECTOR('',#289,1.);
#289 = DIRECTION('',(1.,0.));
#290 = ( GEOMETRIC_REPRESENTATION_CONTEXT(2) 
PARAMETRIC_REPRESENTATION_CONTEXT() REPRESENTATION_CONTEXT('2D SPACE',''
  ) );
#291 = ORIENTED_EDGE('',*,*,#292,.T.);
#292 = EDGE_CURVE('',#269,#293,#295,.T.);
#293 = VERTEX_POINT('',#294);
#294 = CARTESIAN_POINT('',(9.49,-12.08,4.1));
#295 = SURFACE_CURVE('',#296,(#300,#307),.PCURVE_S1.);
#296 = LINE('',#297,#298);
#297 = CARTESIAN_POINT('',(-9.79,-12.08,4.1));
#298 = VECTOR('',#299,1.);
#299 = DIRECTION('',(1.,0.,0.));
#300 = PCURVE('',#170,#301);
#301 = DEFINITIONAL_REPRESENTATION('',(#302),#306);
#302 = LINE('',#303,#304);
#303 = CARTESIAN_POINT('',(0.,0.));
#304 = VECTOR('',#305,1.);
#305 = DIRECTION('',(1.,0.));
#306 = ( GEOMETRIC_REPRESENTATION_CONTEXT(2) 
PARAMETRIC_REPRESENTATION_CONTEXT() REPRESENTATION_CONTEXT('2D SPACE',''
  ) );
#307 = PCURVE('',#308,#313);
#308 = PLANE('',#309);
#309 = AXIS2_PLACEMENT_3D('',#310,#311,#312);
#310 = CARTESIAN_POINT('',(-9.79,-12.08,2.5));
#311 = DIRECTION('',(0.,1.,0.));
#312 = DIRECTION('',(0.,0.,1.));
#313 = DEFINITIONAL_REPRESENTATION('',(#314),#318);
#314 = LINE('',#315,#316);
#315 = CARTESIAN_POINT('',(1.6,0.));
#316 = VECTOR('',#317,1.);
#317 = DIRECTION('',(0.,1.));
#318 = ( GEOMETRIC_REPRESENTATION_CONTEXT(2) 
PARAMETRIC_REPRESENTATION_CONTEXT() REPRESENTATION_CONTEXT('2D SPACE',''
  ) );
#319 = ORIENTED_EDGE('',*,*,#320,.F.);
#320 = EDGE_CURVE('',#321,#293,#323,.T.);
#321 = VERTEX_POINT('',#322);
#322 = CARTESIAN_POINT('',(9.79,-11.78,4.1));
#323 = SURFACE_CURVE('',#324,(#329,#340),.PCURVE_S1.);
#324 = CIRCLE('',#325,0.3);
#325 = AXIS2_PLACEMENT_3D('',#326,#327,#328);
#326 = CARTESIAN_POINT('',(9.49,-11.78,4.1));
#327 = DIRECTION('',(-0.,-0.,-1.));
#328 = DIRECTION('',(0.,-1.,0.));
#329 = PCURVE('',#170,#330);
#330 = DEFINITIONAL_REPRESENTATION('',(#331),#339);
#331 = ( BOUNDED_CURVE() B_SPLINE_CURVE(2,(#332,#333,#334,#335,#336,#337
,#338),.UNSPECIFIED.,.T.,.F.) B_SPLINE_CURVE_WITH_KNOTS((1,2,2,2,2,1),(
    -2.094395102393,0.,2.094395102393,4.188790204786,6.28318530718,
8.377580409573),.UNSPECIFIED.) CURVE() GEOMETRIC_REPRESENTATION_ITEM() 
RATIONAL_B_SPLINE_CURVE((1.,0.5,1.,0.5,1.,0.5,1.)) REPRESENTATION_ITEM(
  '') );
#332 = CARTESIAN_POINT('',(19.28,7.216449660064E-16));
#333 = CARTESIAN_POINT('',(18.760384757729,7.216449660064E-16));
#334 = CARTESIAN_POINT('',(19.020192378865,0.45));
#335 = CARTESIAN_POINT('',(19.28,0.9));
#336 = CARTESIAN_POINT('',(19.539807621135,0.45));
#337 = CARTESIAN_POINT('',(19.799615242271,1.165734175856E-15));
#338 = CARTESIAN_POINT('',(19.28,7.216449660064E-16));
#339 = ( GEOMETRIC_REPRESENTATION_CONTEXT(2) 
PARAMETRIC_REPRESENTATION_CONTEXT() REPRESENTATION_CONTEXT('2D SPACE',''
  ) );
#340 = PCURVE('',#341,#346);
#341 = CYLINDRICAL_SURFACE('',#342,0.3);
#342 = AXIS2_PLACEMENT_3D('',#343,#344,#345);
#343 = CARTESIAN_POINT('',(9.49,-11.78,2.5));
#344 = DIRECTION('',(0.,0.,1.));
#345 = DIRECTION('',(1.,0.,-0.));
#346 = DEFINITIONAL_REPRESENTATION('',(#347),#351);
#347 = LINE('',#348,#349);
#348 = CARTESIAN_POINT('',(4.712388980385,1.6));
#349 = VECTOR('',#350,1.);
#350 = DIRECTION('',(-1.,0.));
#351 = ( GEOMETRIC_REPRESENTATION_CONTEXT(2) 
PARAMETRIC_REPRESENTATION_CONTEXT() REPRESENTATION_CONTEXT('2D SPACE',''
  ) );
#352 = ORIENTED_EDGE('',*,*,#353,.T.);
#353 = EDGE_CURVE('',#321,#354,#356,.T.);
#354 = VERTEX_POINT('',#355);
#355 = CARTESIAN_POINT('',(9.79,11.78,4.1));
#356 = SURFACE_CURVE('',#357,(#361,#368),.PCURVE_S1.);
#357 = LINE('',#358,#359);
#358 = CARTESIAN_POINT('',(9.79,-12.08,4.1));
#359 = VECTOR('',#360,1.);
#360 = DIRECTION('',(0.,1.,0.));
#361 = PCURVE('',#170,#362);
#362 = DEFINITIONAL_REPRESENTATION('',(#363),#367);
#363 = LINE('',#364,#365);
#364 = CARTESIAN_POINT('',(19.58,0.));
#365 = VECTOR('',#366,1.);
#366 = DIRECTION('',(0.,1.));
#367 = ( GEOMETRIC_REPRESENTATION_CONTEXT(2) 
PARAMETRIC_REPRESENTATION_CONTEXT() REPRESENTATION_CONTEXT('2D SPACE',''
  ) );
#368 = PCURVE('',#369,#374);
#369 = PLANE('',#370);
#370 = AXIS2_PLACEMENT_3D('',#371,#372,#373);
#371 = CARTESIAN_POINT('',(9.79,-12.08,2.5));
#372 = DIRECTION('',(1.,0.,0.));
#373 = DIRECTION('',(0.,0.,1.));
#374 = DEFINITIONAL_REPRESENTATION('',(#375),#379);
#375 = LINE('',#376,#377);
#376 = CARTESIAN_POINT('',(1.6,0.));
#377 = VECTOR('',#378,1.);
#378 = DIRECTION('',(0.,-1.));
#379 = ( GEOMETRIC_REPRESENTATION_CONTEXT(2) 
PARAMETRIC_REPRESENTATION_CONTEXT() REPRESENTATION_CONTEXT('2D SPACE',''
  ) );
#380 = ORIENTED_EDGE('',*,*,#381,.T.);
#381 = EDGE_CURVE('',#354,#382,#384,.T.);
#382 = VERTEX_POINT('',#383);
#383 = CARTESIAN_POINT('',(9.49,12.08,4.1));
#384 = SURFACE_CURVE('',#385,(#390,#397),.PCURVE_S1.);
#385 = CIRCLE('',#386,0.3);
#386 = AXIS2_PLACEMENT_3D('',#387,#388,#389);
#387 = CARTESIAN_POINT('',(9.49,11.78,4.1));
#388 = DIRECTION('',(0.,0.,1.));
#389 = DIRECTION('',(0.,-1.,0.));
#390 = PCURVE('',#170,#391);
#391 = DEFINITIONAL_REPRESENTATION('',(#392),#396);
#392 = CIRCLE('',#393,0.3);
#393 = AXIS2_PLACEMENT_2D('',#394,#395);
#394 = CARTESIAN_POINT('',(19.28,23.86));
#395 = DIRECTION('',(0.,-1.));
#396 = ( GEOMETRIC_REPRESENTATION_CONTEXT(2) 
PARAMETRIC_REPRESENTATION_CONTEXT() REPRESENTATION_CONTEXT('2D SPACE',''
  ) );
#397 = PCURVE('',#398,#403);
#398 = CYLINDRICAL_SURFACE('',#399,0.3);
#399 = AXIS2_PLACEMENT_3D('',#400,#401,#402);
#400 = CARTESIAN_POINT('',(9.49,11.78,2.5));
#401 = DIRECTION('',(0.,0.,1.));
#402 = DIRECTION('',(1.,0.,-0.));
#403 = DEFINITIONAL_REPRESENTATION('',(#404),#408);
#404 = LINE('',#405,#406);
#405 = CARTESIAN_POINT('',(-1.570796326795,1.6));
#406 = VECTOR('',#407,1.);
#407 = DIRECTION('',(1.,0.));
#408 = ( GEOMETRIC_REPRESENTATION_CONTEXT(2) 
PARAMETRIC_REPRESENTATION_CONTEXT() REPRESENTATION_CONTEXT('2D SPACE',''
  ) );
#409 = ORIENTED_EDGE('',*,*,#410,.F.);
#410 = EDGE_CURVE('',#411,#382,#413,.T.);
#411 = VERTEX_POINT('',#412);
#412 = CARTESIAN_POINT('',(-9.49,12.08,4.1));
#413 = SURFACE_CURVE('',#414,(#418,#425),.PCURVE_S1.);
#414 = LINE('',#415,#416);
#415 = CARTESIAN_POINT('',(-9.79,12.08,4.1));
#416 = VECTOR('',#417,1.);
#417 = DIRECTION('',(1.,0.,0.));
#418 = PCURVE('',#170,#419);
#419 = DEFINITIONAL_REPRESENTATION('',(#420),#424);
#420 = LINE('',#421,#422);
#421 = CARTESIAN_POINT('',(0.,24.16));
#422 = VECTOR('',#423,1.);
#423 = DIRECTION('',(1.,0.));
#424 = ( GEOMETRIC_REPRESENTATION_CONTEXT(2) 
PARAMETRIC_REPRESENTATION_CONTEXT() REPRESENTATION_CONTEXT('2D SPACE',''
  ) );
#425 = PCURVE('',#426,#431);
#426 = PLANE('',#427);
#427 = AXIS2_PLACEMENT_3D('',#428,#429,#430);
#428 = CARTESIAN_POINT('',(-9.79,12.08,2.5));
#429 = DIRECTION('',(0.,1.,0.));
#430 = DIRECTION('',(0.,0.,1.));
#431 = DEFINITIONAL_REPRESENTATION('',(#432),#436);
#432 = LINE('',#433,#434);
#433 = CARTESIAN_POINT('',(1.6,0.));
#434 = VECTOR('',#435,1.);
#435 = DIRECTION('',(0.,1.));
#436 = ( GEOMETRIC_REPRESENTATION_CONTEXT(2) 
PARAMETRIC_REPRESENTATION_CONTEXT() REPRESENTATION_CONTEXT('2D SPACE',''
  ) );
#437 = ORIENTED_EDGE('',*,*,#438,.F.);
#438 = EDGE_CURVE('',#150,#411,#439,.T.);
#439 = SURFACE_CURVE('',#440,(#445,#456),.PCURVE_S1.);
#440 = CIRCLE('',#441,0.3);
#441 = AXIS2_PLACEMENT_3D('',#442,#443,#444);
#442 = CARTESIAN_POINT('',(-9.49,11.78,4.1));
#443 = DIRECTION('',(-0.,-0.,-1.));
#444 = DIRECTION('',(0.,-1.,0.));
#445 = PCURVE('',#170,#446);
#446 = DEFINITIONAL_REPRESENTATION('',(#447),#455);
#447 = ( BOUNDED_CURVE() B_SPLINE_CURVE(2,(#448,#449,#450,#451,#452,#453
,#454),.UNSPECIFIED.,.T.,.F.) B_SPLINE_CURVE_WITH_KNOTS((1,2,2,2,2,1),(
    -2.094395102393,0.,2.094395102393,4.188790204786,6.28318530718,
8.377580409573),.UNSPECIFIED.) CURVE() GEOMETRIC_REPRESENTATION_ITEM() 
RATIONAL_B_SPLINE_CURVE((1.,0.5,1.,0.5,1.,0.5,1.)) REPRESENTATION_ITEM(
  '') );
#448 = CARTESIAN_POINT('',(0.3,23.56));
#449 = CARTESIAN_POINT('',(-0.219615242271,23.56));
#450 = CARTESIAN_POINT('',(4.019237886467E-02,24.01));
#451 = CARTESIAN_POINT('',(0.3,24.46));
#452 = CARTESIAN_POINT('',(0.559807621135,24.01));
#453 = CARTESIAN_POINT('',(0.819615242271,23.56));
#454 = CARTESIAN_POINT('',(0.3,23.56));
#455 = ( GEOMETRIC_REPRESENTATION_CONTEXT(2) 
PARAMETRIC_REPRESENTATION_CONTEXT() REPRESENTATION_CONTEXT('2D SPACE',''
  ) );
#456 = PCURVE('',#252,#457);
#457 = DEFINITIONAL_REPRESENTATION('',(#458),#462);
#458 = LINE('',#459,#460);
#459 = CARTESIAN_POINT('',(1.570796326795,1.6));
#460 = VECTOR('',#461,1.);
#461 = DIRECTION('',(-1.,0.));
#462 = ( GEOMETRIC_REPRESENTATION_CONTEXT(2) 
PARAMETRIC_REPRESENTATION_CONTEXT() REPRESENTATION_CONTEXT('2D SPACE',''
  ) );
#463 = ADVANCED_FACE('',(#464),#198,.T.);
#464 = FACE_BOUND('',#465,.T.);
#465 = EDGE_LOOP('',(#466,#490,#511,#512));
#466 = ORIENTED_EDGE('',*,*,#467,.T.);
#467 = EDGE_CURVE('',#183,#468,#470,.T.);
#468 = VERTEX_POINT('',#469);
#469 = CARTESIAN_POINT('',(-9.49,-12.08,2.5));
#470 = SURFACE_CURVE('',#471,(#476,#483),.PCURVE_S1.);
#471 = CIRCLE('',#472,0.3);
#472 = AXIS2_PLACEMENT_3D('',#473,#474,#475);
#473 = CARTESIAN_POINT('',(-9.49,-11.78,2.5));
#474 = DIRECTION('',(0.,0.,1.));
#475 = DIRECTION('',(0.,-1.,0.));
#476 = PCURVE('',#198,#477);
#477 = DEFINITIONAL_REPRESENTATION('',(#478),#482);
#478 = LINE('',#479,#480);
#479 = CARTESIAN_POINT('',(-4.712388980385,0.));
#480 = VECTOR('',#481,1.);
#481 = DIRECTION('',(1.,0.));
#482 = ( GEOMETRIC_REPRESENTATION_CONTEXT(2) 
PARAMETRIC_REPRESENTATION_CONTEXT() REPRESENTATION_CONTEXT('2D SPACE',''
  ) );
#483 = PCURVE('',#226,#484);
#484 = DEFINITIONAL_REPRESENTATION('',(#485),#489);
#485 = CIRCLE('',#486,0.3);
#486 = AXIS2_PLACEMENT_2D('',#487,#488);
#487 = CARTESIAN_POINT('',(0.3,0.3));
#488 = DIRECTION('',(0.,-1.));
#489 = ( GEOMETRIC_REPRESENTATION_CONTEXT(2) 
PARAMETRIC_REPRESENTATION_CONTEXT() REPRESENTATION_CONTEXT('2D SPACE',''
  ) );
#490 = ORIENTED_EDGE('',*,*,#491,.T.);
#491 = EDGE_CURVE('',#468,#269,#492,.T.);
#492 = SURFACE_CURVE('',#493,(#497,#504),.PCURVE_S1.);
#493 = LINE('',#494,#495);
#494 = CARTESIAN_POINT('',(-9.49,-12.08,2.5));
#495 = VECTOR('',#496,1.);
#496 = DIRECTION('',(0.,0.,1.));
#497 = PCURVE('',#198,#498);
#498 = DEFINITIONAL_REPRESENTATION('',(#499),#503);
#499 = LINE('',#500,#501);
#500 = CARTESIAN_POINT('',(1.570796326795,0.));
#501 = VECTOR('',#502,1.);
#502 = DIRECTION('',(0.,1.));
#503 = ( GEOMETRIC_REPRESENTATION_CONTEXT(2) 
PARAMETRIC_REPRESENTATION_CONTEXT() REPRESENTATION_CONTEXT('2D SPACE',''
  ) );
#504 = PCURVE('',#308,#505);
#505 = DEFINITIONAL_REPRESENTATION('',(#506),#510);
#506 = LINE('',#507,#508);
#507 = CARTESIAN_POINT('',(0.,0.3));
#508 = VECTOR('',#509,1.);
#509 = DIRECTION('',(1.,0.));
#510 = ( GEOMETRIC_REPRESENTATION_CONTEXT(2) 
PARAMETRIC_REPRESENTATION_CONTEXT() REPRESENTATION_CONTEXT('2D SPACE',''
  ) );
#511 = ORIENTED_EDGE('',*,*,#268,.F.);
#512 = ORIENTED_EDGE('',*,*,#182,.F.);
#513 = ADVANCED_FACE('',(#514),#252,.T.);
#514 = FACE_BOUND('',#515,.F.);
#515 = EDGE_LOOP('',(#516,#544,#565,#566));
#516 = ORIENTED_EDGE('',*,*,#517,.T.);
#517 = EDGE_CURVE('',#211,#518,#520,.T.);
#518 = VERTEX_POINT('',#519);
#519 = CARTESIAN_POINT('',(-9.49,12.08,2.5));
#520 = SURFACE_CURVE('',#521,(#526,#533),.PCURVE_S1.);
#521 = CIRCLE('',#522,0.3);
#522 = AXIS2_PLACEMENT_3D('',#523,#524,#525);
#523 = CARTESIAN_POINT('',(-9.49,11.78,2.5));
#524 = DIRECTION('',(-0.,-0.,-1.));
#525 = DIRECTION('',(0.,-1.,0.));
#526 = PCURVE('',#252,#527);
#527 = DEFINITIONAL_REPRESENTATION('',(#528),#532);
#528 = LINE('',#529,#530);
#529 = CARTESIAN_POINT('',(1.570796326795,-0.));
#530 = VECTOR('',#531,1.);
#531 = DIRECTION('',(-1.,0.));
#532 = ( GEOMETRIC_REPRESENTATION_CONTEXT(2) 
PARAMETRIC_REPRESENTATION_CONTEXT() REPRESENTATION_CONTEXT('2D SPACE',''
  ) );
#533 = PCURVE('',#226,#534);
#534 = DEFINITIONAL_REPRESENTATION('',(#535),#543);
#535 = ( BOUNDED_CURVE() B_SPLINE_CURVE(2,(#536,#537,#538,#539,#540,#541
,#542),.UNSPECIFIED.,.T.,.F.) B_SPLINE_CURVE_WITH_KNOTS((1,2,2,2,2,1),(
    -2.094395102393,0.,2.094395102393,4.188790204786,6.28318530718,
8.377580409573),.UNSPECIFIED.) CURVE() GEOMETRIC_REPRESENTATION_ITEM() 
RATIONAL_B_SPLINE_CURVE((1.,0.5,1.,0.5,1.,0.5,1.)) REPRESENTATION_ITEM(
  '') );
#536 = CARTESIAN_POINT('',(0.3,23.56));
#537 = CARTESIAN_POINT('',(-0.219615242271,23.56));
#538 = CARTESIAN_POINT('',(4.019237886467E-02,24.01));
#539 = CARTESIAN_POINT('',(0.3,24.46));
#540 = CARTESIAN_POINT('',(0.559807621135,24.01));
#541 = CARTESIAN_POINT('',(0.819615242271,23.56));
#542 = CARTESIAN_POINT('',(0.3,23.56));
#543 = ( GEOMETRIC_REPRESENTATION_CONTEXT(2) 
PARAMETRIC_REPRESENTATION_CONTEXT() REPRESENTATION_CONTEXT('2D SPACE',''
  ) );
#544 = ORIENTED_EDGE('',*,*,#545,.T.);
#545 = EDGE_CURVE('',#518,#411,#546,.T.);
#546 = SURFACE_CURVE('',#547,(#551,#558),.PCURVE_S1.);
#547 = LINE('',#548,#549);
#548 = CARTESIAN_POINT('',(-9.49,12.08,2.5));
#549 = VECTOR('',#550,1.);
#550 = DIRECTION('',(0.,0.,1.));
#551 = PCURVE('',#252,#552);
#552 = DEFINITIONAL_REPRESENTATION('',(#553),#557);
#553 = LINE('',#554,#555);
#554 = CARTESIAN_POINT('',(-1.570796326795,0.));
#555 = VECTOR('',#556,1.);
#556 = DIRECTION('',(-0.,1.));
#557 = ( GEOMETRIC_REPRESENTATION_CONTEXT(2) 
PARAMETRIC_REPRESENTATION_CONTEXT() REPRESENTATION_CONTEXT('2D SPACE',''
  ) );
#558 = PCURVE('',#426,#559);
#559 = DEFINITIONAL_REPRESENTATION('',(#560),#564);
#560 = LINE('',#561,#562);
#561 = CARTESIAN_POINT('',(0.,0.3));
#562 = VECTOR('',#563,1.);
#563 = DIRECTION('',(1.,0.));
#564 = ( GEOMETRIC_REPRESENTATION_CONTEXT(2) 
PARAMETRIC_REPRESENTATION_CONTEXT() REPRESENTATION_CONTEXT('2D SPACE',''
  ) );
#565 = ORIENTED_EDGE('',*,*,#438,.F.);
#566 = ORIENTED_EDGE('',*,*,#238,.F.);
#567 = ADVANCED_FACE('',(#568),#226,.F.);
#568 = FACE_BOUND('',#569,.F.);
#569 = EDGE_LOOP('',(#570,#571,#572,#595,#623,#646,#670,#691));
#570 = ORIENTED_EDGE('',*,*,#210,.F.);
#571 = ORIENTED_EDGE('',*,*,#467,.T.);
#572 = ORIENTED_EDGE('',*,*,#573,.T.);
#573 = EDGE_CURVE('',#468,#574,#576,.T.);
#574 = VERTEX_POINT('',#575);
#575 = CARTESIAN_POINT('',(9.49,-12.08,2.5));
#576 = SURFACE_CURVE('',#577,(#581,#588),.PCURVE_S1.);
#577 = LINE('',#578,#579);
#578 = CARTESIAN_POINT('',(-9.79,-12.08,2.5));
#579 = VECTOR('',#580,1.);
#580 = DIRECTION('',(1.,0.,0.));
#581 = PCURVE('',#226,#582);
#582 = DEFINITIONAL_REPRESENTATION('',(#583),#587);
#583 = LINE('',#584,#585);
#584 = CARTESIAN_POINT('',(0.,0.));
#585 = VECTOR('',#586,1.);
#586 = DIRECTION('',(1.,0.));
#587 = ( GEOMETRIC_REPRESENTATION_CONTEXT(2) 
PARAMETRIC_REPRESENTATION_CONTEXT() REPRESENTATION_CONTEXT('2D SPACE',''
  ) );
#588 = PCURVE('',#308,#589);
#589 = DEFINITIONAL_REPRESENTATION('',(#590),#594);
#590 = LINE('',#591,#592);
#591 = CARTESIAN_POINT('',(0.,0.));
#592 = VECTOR('',#593,1.);
#593 = DIRECTION('',(0.,1.));
#594 = ( GEOMETRIC_REPRESENTATION_CONTEXT(2) 
PARAMETRIC_REPRESENTATION_CONTEXT() REPRESENTATION_CONTEXT('2D SPACE',''
  ) );
#595 = ORIENTED_EDGE('',*,*,#596,.F.);
#596 = EDGE_CURVE('',#597,#574,#599,.T.);
#597 = VERTEX_POINT('',#598);
#598 = CARTESIAN_POINT('',(9.79,-11.78,2.5));
#599 = SURFACE_CURVE('',#600,(#605,#616),.PCURVE_S1.);
#600 = CIRCLE('',#601,0.3);
#601 = AXIS2_PLACEMENT_3D('',#602,#603,#604);
#602 = CARTESIAN_POINT('',(9.49,-11.78,2.5));
#603 = DIRECTION('',(-0.,-0.,-1.));
#604 = DIRECTION('',(0.,-1.,0.));
#605 = PCURVE('',#226,#606);
#606 = DEFINITIONAL_REPRESENTATION('',(#607),#615);
#607 = ( BOUNDED_CURVE() B_SPLINE_CURVE(2,(#608,#609,#610,#611,#612,#613
,#614),.UNSPECIFIED.,.T.,.F.) B_SPLINE_CURVE_WITH_KNOTS((1,2,2,2,2,1),(
    -2.094395102393,0.,2.094395102393,4.188790204786,6.28318530718,
8.377580409573),.UNSPECIFIED.) CURVE() GEOMETRIC_REPRESENTATION_ITEM() 
RATIONAL_B_SPLINE_CURVE((1.,0.5,1.,0.5,1.,0.5,1.)) REPRESENTATION_ITEM(
  '') );
#608 = CARTESIAN_POINT('',(19.28,7.216449660064E-16));
#609 = CARTESIAN_POINT('',(18.760384757729,7.216449660064E-16));
#610 = CARTESIAN_POINT('',(19.020192378865,0.45));
#611 = CARTESIAN_POINT('',(19.28,0.9));
#612 = CARTESIAN_POINT('',(19.539807621135,0.45));
#613 = CARTESIAN_POINT('',(19.799615242271,1.165734175856E-15));
#614 = CARTESIAN_POINT('',(19.28,7.216449660064E-16));
#615 = ( GEOMETRIC_REPRESENTATION_CONTEXT(2) 
PARAMETRIC_REPRESENTATION_CONTEXT() REPRESENTATION_CONTEXT('2D SPACE',''
  ) );
#616 = PCURVE('',#341,#617);
#617 = DEFINITIONAL_REPRESENTATION('',(#618),#622);
#618 = LINE('',#619,#620);
#619 = CARTESIAN_POINT('',(4.712388980385,-0.));
#620 = VECTOR('',#621,1.);
#621 = DIRECTION('',(-1.,0.));
#622 = ( GEOMETRIC_REPRESENTATION_CONTEXT(2) 
PARAMETRIC_REPRESENTATION_CONTEXT() REPRESENTATION_CONTEXT('2D SPACE',''
  ) );
#623 = ORIENTED_EDGE('',*,*,#624,.T.);
#624 = EDGE_CURVE('',#597,#625,#627,.T.);
#625 = VERTEX_POINT('',#626);
#626 = CARTESIAN_POINT('',(9.79,11.78,2.5));
#627 = SURFACE_CURVE('',#628,(#632,#639),.PCURVE_S1.);
#628 = LINE('',#629,#630);
#629 = CARTESIAN_POINT('',(9.79,-12.08,2.5));
#630 = VECTOR('',#631,1.);
#631 = DIRECTION('',(0.,1.,0.));
#632 = PCURVE('',#226,#633);
#633 = DEFINITIONAL_REPRESENTATION('',(#634),#638);
#634 = LINE('',#635,#636);
#635 = CARTESIAN_POINT('',(19.58,0.));
#636 = VECTOR('',#637,1.);
#637 = DIRECTION('',(0.,1.));
#638 = ( GEOMETRIC_REPRESENTATION_CONTEXT(2) 
PARAMETRIC_REPRESENTATION_CONTEXT() REPRESENTATION_CONTEXT('2D SPACE',''
  ) );
#639 = PCURVE('',#369,#640);
#640 = DEFINITIONAL_REPRESENTATION('',(#641),#645);
#641 = LINE('',#642,#643);
#642 = CARTESIAN_POINT('',(0.,0.));
#643 = VECTOR('',#644,1.);
#644 = DIRECTION('',(0.,-1.));
#645 = ( GEOMETRIC_REPRESENTATION_CONTEXT(2) 
PARAMETRIC_REPRESENTATION_CONTEXT() REPRESENTATION_CONTEXT('2D SPACE',''
  ) );
#646 = ORIENTED_EDGE('',*,*,#647,.T.);
#647 = EDGE_CURVE('',#625,#648,#650,.T.);
#648 = VERTEX_POINT('',#649);
#649 = CARTESIAN_POINT('',(9.49,12.08,2.5));
#650 = SURFACE_CURVE('',#651,(#656,#663),.PCURVE_S1.);
#651 = CIRCLE('',#652,0.3);
#652 = AXIS2_PLACEMENT_3D('',#653,#654,#655);
#653 = CARTESIAN_POINT('',(9.49,11.78,2.5));
#654 = DIRECTION('',(0.,0.,1.));
#655 = DIRECTION('',(0.,-1.,0.));
#656 = PCURVE('',#226,#657);
#657 = DEFINITIONAL_REPRESENTATION('',(#658),#662);
#658 = CIRCLE('',#659,0.3);
#659 = AXIS2_PLACEMENT_2D('',#660,#661);
#660 = CARTESIAN_POINT('',(19.28,23.86));
#661 = DIRECTION('',(0.,-1.));
#662 = ( GEOMETRIC_REPRESENTATION_CONTEXT(2) 
PARAMETRIC_REPRESENTATION_CONTEXT() REPRESENTATION_CONTEXT('2D SPACE',''
  ) );
#663 = PCURVE('',#398,#664);
#664 = DEFINITIONAL_REPRESENTATION('',(#665),#669);
#665 = LINE('',#666,#667);
#666 = CARTESIAN_POINT('',(-1.570796326795,0.));
#667 = VECTOR('',#668,1.);
#668 = DIRECTION('',(1.,0.));
#669 = ( GEOMETRIC_REPRESENTATION_CONTEXT(2) 
PARAMETRIC_REPRESENTATION_CONTEXT() REPRESENTATION_CONTEXT('2D SPACE',''
  ) );
#670 = ORIENTED_EDGE('',*,*,#671,.F.);
#671 = EDGE_CURVE('',#518,#648,#672,.T.);
#672 = SURFACE_CURVE('',#673,(#677,#684),.PCURVE_S1.);
#673 = LINE('',#674,#675);
#674 = CARTESIAN_POINT('',(-9.79,12.08,2.5));
#675 = VECTOR('',#676,1.);
#676 = DIRECTION('',(1.,0.,0.));
#677 = PCURVE('',#226,#678);
#678 = DEFINITIONAL_REPRESENTATION('',(#679),#683);
#679 = LINE('',#680,#681);
#680 = CARTESIAN_POINT('',(0.,24.16));
#681 = VECTOR('',#682,1.);
#682 = DIRECTION('',(1.,0.));
#683 = ( GEOMETRIC_REPRESENTATION_CONTEXT(2) 
PARAMETRIC_REPRESENTATION_CONTEXT() REPRESENTATION_CONTEXT('2D SPACE',''
  ) );
#684 = PCURVE('',#426,#685);
#685 = DEFINITIONAL_REPRESENTATION('',(#686),#690);
#686 = LINE('',#687,#688);
#687 = CARTESIAN_POINT('',(0.,0.));
#688 = VECTOR('',#689,1.);
#689 = DIRECTION('',(0.,1.));
#690 = ( GEOMETRIC_REPRESENTATION_CONTEXT(2) 
PARAMETRIC_REPRESENTATION_CONTEXT() REPRESENTATION_CONTEXT('2D SPACE',''
  ) );
#691 = ORIENTED_EDGE('',*,*,#517,.F.);
#692 = ADVANCED_FACE('',(#693),#308,.F.);
#693 = FACE_BOUND('',#694,.F.);
#694 = EDGE_LOOP('',(#695,#696,#697,#698));
#695 = ORIENTED_EDGE('',*,*,#573,.F.);
#696 = ORIENTED_EDGE('',*,*,#491,.T.);
#697 = ORIENTED_EDGE('',*,*,#292,.T.);
#698 = ORIENTED_EDGE('',*,*,#699,.F.);
#699 = EDGE_CURVE('',#574,#293,#700,.T.);
#700 = SURFACE_CURVE('',#701,(#705,#712),.PCURVE_S1.);
#701 = LINE('',#702,#703);
#702 = CARTESIAN_POINT('',(9.49,-12.08,2.5));
#703 = VECTOR('',#704,1.);
#704 = DIRECTION('',(0.,0.,1.));
#705 = PCURVE('',#308,#706);
#706 = DEFINITIONAL_REPRESENTATION('',(#707),#711);
#707 = LINE('',#708,#709);
#708 = CARTESIAN_POINT('',(0.,19.28));
#709 = VECTOR('',#710,1.);
#710 = DIRECTION('',(1.,0.));
#711 = ( GEOMETRIC_REPRESENTATION_CONTEXT(2) 
PARAMETRIC_REPRESENTATION_CONTEXT() REPRESENTATION_CONTEXT('2D SPACE',''
  ) );
#712 = PCURVE('',#341,#713);
#713 = DEFINITIONAL_REPRESENTATION('',(#714),#718);
#714 = LINE('',#715,#716);
#715 = CARTESIAN_POINT('',(-1.570796326795,0.));
#716 = VECTOR('',#717,1.);
#717 = DIRECTION('',(-0.,1.));
#718 = ( GEOMETRIC_REPRESENTATION_CONTEXT(2) 
PARAMETRIC_REPRESENTATION_CONTEXT() REPRESENTATION_CONTEXT('2D SPACE',''
  ) );
#719 = ADVANCED_FACE('',(#720),#426,.T.);
#720 = FACE_BOUND('',#721,.T.);
#721 = EDGE_LOOP('',(#722,#723,#724,#725));
#722 = ORIENTED_EDGE('',*,*,#671,.F.);
#723 = ORIENTED_EDGE('',*,*,#545,.T.);
#724 = ORIENTED_EDGE('',*,*,#410,.T.);
#725 = ORIENTED_EDGE('',*,*,#726,.F.);
#726 = EDGE_CURVE('',#648,#382,#727,.T.);
#727 = SURFACE_CURVE('',#728,(#732,#739),.PCURVE_S1.);
#728 = LINE('',#729,#730);
#729 = CARTESIAN_POINT('',(9.49,12.08,2.5));
#730 = VECTOR('',#731,1.);
#731 = DIRECTION('',(0.,0.,1.));
#732 = PCURVE('',#426,#733);
#733 = DEFINITIONAL_REPRESENTATION('',(#734),#738);
#734 = LINE('',#735,#736);
#735 = CARTESIAN_POINT('',(0.,19.28));
#736 = VECTOR('',#737,1.);
#737 = DIRECTION('',(1.,0.));
#738 = ( GEOMETRIC_REPRESENTATION_CONTEXT(2) 
PARAMETRIC_REPRESENTATION_CONTEXT() REPRESENTATION_CONTEXT('2D SPACE',''
  ) );
#739 = PCURVE('',#398,#740);
#740 = DEFINITIONAL_REPRESENTATION('',(#741),#745);
#741 = LINE('',#742,#743);
#742 = CARTESIAN_POINT('',(1.570796326795,0.));
#743 = VECTOR('',#744,1.);
#744 = DIRECTION('',(0.,1.));
#745 = ( GEOMETRIC_REPRESENTATION_CONTEXT(2) 
PARAMETRIC_REPRESENTATION_CONTEXT() REPRESENTATION_CONTEXT('2D SPACE',''
  ) );
#746 = ADVANCED_FACE('',(#747),#341,.T.);
#747 = FACE_BOUND('',#748,.F.);
#748 = EDGE_LOOP('',(#749,#750,#751,#752));
#749 = ORIENTED_EDGE('',*,*,#596,.T.);
#750 = ORIENTED_EDGE('',*,*,#699,.T.);
#751 = ORIENTED_EDGE('',*,*,#320,.F.);
#752 = ORIENTED_EDGE('',*,*,#753,.F.);
#753 = EDGE_CURVE('',#597,#321,#754,.T.);
#754 = SURFACE_CURVE('',#755,(#759,#766),.PCURVE_S1.);
#755 = LINE('',#756,#757);
#756 = CARTESIAN_POINT('',(9.79,-11.78,2.5));
#757 = VECTOR('',#758,1.);
#758 = DIRECTION('',(0.,0.,1.));
#759 = PCURVE('',#341,#760);
#760 = DEFINITIONAL_REPRESENTATION('',(#761),#765);
#761 = LINE('',#762,#763);
#762 = CARTESIAN_POINT('',(-0.,0.));
#763 = VECTOR('',#764,1.);
#764 = DIRECTION('',(-0.,1.));
#765 = ( GEOMETRIC_REPRESENTATION_CONTEXT(2) 
PARAMETRIC_REPRESENTATION_CONTEXT() REPRESENTATION_CONTEXT('2D SPACE',''
  ) );
#766 = PCURVE('',#369,#767);
#767 = DEFINITIONAL_REPRESENTATION('',(#768),#772);
#768 = LINE('',#769,#770);
#769 = CARTESIAN_POINT('',(0.,-0.3));
#770 = VECTOR('',#771,1.);
#771 = DIRECTION('',(1.,0.));
#772 = ( GEOMETRIC_REPRESENTATION_CONTEXT(2) 
PARAMETRIC_REPRESENTATION_CONTEXT() REPRESENTATION_CONTEXT('2D SPACE',''
  ) );
#773 = ADVANCED_FACE('',(#774),#398,.T.);
#774 = FACE_BOUND('',#775,.T.);
#775 = EDGE_LOOP('',(#776,#777,#778,#779));
#776 = ORIENTED_EDGE('',*,*,#647,.T.);
#777 = ORIENTED_EDGE('',*,*,#726,.T.);
#778 = ORIENTED_EDGE('',*,*,#381,.F.);
#779 = ORIENTED_EDGE('',*,*,#780,.F.);
#780 = EDGE_CURVE('',#625,#354,#781,.T.);
#781 = SURFACE_CURVE('',#782,(#786,#793),.PCURVE_S1.);
#782 = LINE('',#783,#784);
#783 = CARTESIAN_POINT('',(9.79,11.78,2.5));
#784 = VECTOR('',#785,1.);
#785 = DIRECTION('',(0.,0.,1.));
#786 = PCURVE('',#398,#787);
#787 = DEFINITIONAL_REPRESENTATION('',(#788),#792);
#788 = LINE('',#789,#790);
#789 = CARTESIAN_POINT('',(0.,0.));
#790 = VECTOR('',#791,1.);
#791 = DIRECTION('',(0.,1.));
#792 = ( GEOMETRIC_REPRESENTATION_CONTEXT(2) 
PARAMETRIC_REPRESENTATION_CONTEXT() REPRESENTATION_CONTEXT('2D SPACE',''
  ) );
#793 = PCURVE('',#369,#794);
#794 = DEFINITIONAL_REPRESENTATION('',(#795),#799);
#795 = LINE('',#796,#797);
#796 = CARTESIAN_POINT('',(0.,-23.86));
#797 = VECTOR('',#798,1.);
#798 = DIRECTION('',(1.,0.));
#799 = ( GEOMETRIC_REPRESENTATION_CONTEXT(2) 
PARAMETRIC_REPRESENTATION_CONTEXT() REPRESENTATION_CONTEXT('2D SPACE',''
  ) );
#800 = ADVANCED_FACE('',(#801),#369,.T.);
#801 = FACE_BOUND('',#802,.T.);
#802 = EDGE_LOOP('',(#803,#804,#805,#806));
#803 = ORIENTED_EDGE('',*,*,#353,.F.);
#804 = ORIENTED_EDGE('',*,*,#753,.F.);
#805 = ORIENTED_EDGE('',*,*,#624,.T.);
#806 = ORIENTED_EDGE('',*,*,#780,.T.);
#807 = ( GEOMETRIC_REPRESENTATION_CONTEXT(3) 
GLOBAL_UNCERTAINTY_ASSIGNED_CONTEXT((#811)) GLOBAL_UNIT_ASSIGNED_CONTEXT
((#808,#809,#810)) REPRESENTATION_CONTEXT('Context #1',
  '3D Context with UNIT and UNCERTAINTY') );
#808 = ( LENGTH_UNIT() NAMED_UNIT(*) SI_UNIT(.MILLI.,.METRE.) );
#809 = ( NAMED_UNIT(*) PLANE_ANGLE_UNIT() SI_UNIT($,.RADIAN.) );
#810 = ( NAMED_UNIT(*) SI_UNIT($,.STERADIAN.) SOLID_ANGLE_UNIT() );
#811 = UNCERTAINTY_MEASURE_WITH_UNIT(LENGTH_MEASURE(1.E-07),#808,
  'distance_accuracy_value','confusion accuracy');
#812 = CONTEXT_DEPENDENT_SHAPE_REPRESENTATION(#813,#815);
#813 = ( REPRESENTATION_RELATIONSHIP('','',#140,#10) 
REPRESENTATION_RELATIONSHIP_WITH_TRANSFORMATION(#814) 
SHAPE_REPRESENTATION_RELATIONSHIP() );
#814 = ITEM_DEFINED_TRANSFORMATION('','',#11,#15);
#815 = PRODUCT_DEFINITION_SHAPE('Placement','Placement of an item',#816
  );
#816 = NEXT_ASSEMBLY_USAGE_OCCURRENCE('92','module_pcb','',#5,#135,$);
#817 = PRODUCT_RELATED_PRODUCT_CATEGORY('part',$,(#137));
#818 = SHAPE_DEFINITION_REPRESENTATION(#819,#825);
#819 = PRODUCT_DEFINITION_SHAPE('','',#820);
#820 = PRODUCT_DEFINITION('design','',#821,#824);
#821 = PRODUCT_DEFINITION_FORMATION('','',#822);
#822 = PRODUCT('header_left','header_left','',(#823));
#823 = PRODUCT_CONTEXT('',#2,'mechanical');
#824 = PRODUCT_DEFINITION_CONTEXT('part definition',#2,'design');
#825 = ADVANCED_BREP_SHAPE_REPRESENTATION('',(#11,#826),#1492);
#826 = MANIFOLD_SOLID_BREP('',#827);
#827 = CLOSED_SHELL('',(#828,#948,#1148,#1198,#1252,#1377,#1404,#1431,
    #1458,#1485));
#828 = ADVANCED_FACE('',(#829),#843,.F.);
#829 = FACE_BOUND('',#830,.F.);
#830 = EDGE_LOOP('',(#831,#866,#894,#922));
#831 = ORIENTED_EDGE('',*,*,#832,.F.);
#832 = EDGE_CURVE('',#833,#835,#837,.T.);
#833 = VERTEX_POINT('',#834);
#834 = CARTESIAN_POINT('',(-10.04,-11.9,2.5));
#835 = VERTEX_POINT('',#836);
#836 = CARTESIAN_POINT('',(-10.04,11.9,2.5));
#837 = SURFACE_CURVE('',#838,(#842,#854),.PCURVE_S1.);
#838 = LINE('',#839,#840);
#839 = CARTESIAN_POINT('',(-10.04,-12.,2.5));
#840 = VECTOR('',#841,1.);
#841 = DIRECTION('',(0.,1.,0.));
#842 = PCURVE('',#843,#848);
#843 = PLANE('',#844);
#844 = AXIS2_PLACEMENT_3D('',#845,#846,#847);
#845 = CARTESIAN_POINT('',(-10.04,-12.,0.15));
#846 = DIRECTION('',(1.,0.,0.));
#847 = DIRECTION('',(0.,0.,1.));
#848 = DEFINITIONAL_REPRESENTATION('',(#849),#853);
#849 = LINE('',#850,#851);
#850 = CARTESIAN_POINT('',(2.35,0.));
#851 = VECTOR('',#852,1.);
#852 = DIRECTION('',(0.,-1.));
#853 = ( GEOMETRIC_REPRESENTATION_CONTEXT(2) 
PARAMETRIC_REPRESENTATION_CONTEXT() REPRESENTATION_CONTEXT('2D SPACE',''
  ) );
#854 = PCURVE('',#855,#860);
#855 = PLANE('',#856);
#856 = AXIS2_PLACEMENT_3D('',#857,#858,#859);
#857 = CARTESIAN_POINT('',(-10.04,-12.,2.5));
#858 = DIRECTION('',(0.,0.,1.));
#859 = DIRECTION('',(1.,0.,0.));
#860 = DEFINITIONAL_REPRESENTATION('',(#861),#865);
#861 = LINE('',#862,#863);
#862 = CARTESIAN_POINT('',(0.,0.));
#863 = VECTOR('',#864,1.);
#864 = DIRECTION('',(0.,1.));
#865 = ( GEOMETRIC_REPRESENTATION_CONTEXT(2) 
PARAMETRIC_REPRESENTATION_CONTEXT() REPRESENTATION_CONTEXT('2D SPACE',''
  ) );
#866 = ORIENTED_EDGE('',*,*,#867,.F.);
#867 = EDGE_CURVE('',#868,#833,#870,.T.);
#868 = VERTEX_POINT('',#869);
#869 = CARTESIAN_POINT('',(-10.04,-11.9,0.15));
#870 = SURFACE_CURVE('',#871,(#875,#882),.PCURVE_S1.);
#871 = LINE('',#872,#873);
#872 = CARTESIAN_POINT('',(-10.04,-11.9,0.15));
#873 = VECTOR('',#874,1.);
#874 = DIRECTION('',(0.,0.,1.));
#875 = PCURVE('',#843,#876);
#876 = DEFINITIONAL_REPRESENTATION('',(#877),#881);
#877 = LINE('',#878,#879);
#878 = CARTESIAN_POINT('',(0.,-1.E-01));
#879 = VECTOR('',#880,1.);
#880 = DIRECTION('',(1.,0.));
#881 = ( GEOMETRIC_REPRESENTATION_CONTEXT(2) 
PARAMETRIC_REPRESENTATION_CONTEXT() REPRESENTATION_CONTEXT('2D SPACE',''
  ) );
#882 = PCURVE('',#883,#888);
#883 = CYLINDRICAL_SURFACE('',#884,0.1);
#884 = AXIS2_PLACEMENT_3D('',#885,#886,#887);
#885 = CARTESIAN_POINT('',(-9.94,-11.9,0.15));
#886 = DIRECTION('',(0.,0.,1.));
#887 = DIRECTION('',(-1.,-0.,0.));
#888 = DEFINITIONAL_REPRESENTATION('',(#889),#893);
#889 = LINE('',#890,#891);
#890 = CARTESIAN_POINT('',(0.,0.));
#891 = VECTOR('',#892,1.);
#892 = DIRECTION('',(0.,1.));
#893 = ( GEOMETRIC_REPRESENTATION_CONTEXT(2) 
PARAMETRIC_REPRESENTATION_CONTEXT() REPRESENTATION_CONTEXT('2D SPACE',''
  ) );
#894 = ORIENTED_EDGE('',*,*,#895,.T.);
#895 = EDGE_CURVE('',#868,#896,#898,.T.);
#896 = VERTEX_POINT('',#897);
#897 = CARTESIAN_POINT('',(-10.04,11.9,0.15));
#898 = SURFACE_CURVE('',#899,(#903,#910),.PCURVE_S1.);
#899 = LINE('',#900,#901);
#900 = CARTESIAN_POINT('',(-10.04,-12.,0.15));
#901 = VECTOR('',#902,1.);
#902 = DIRECTION('',(0.,1.,0.));
#903 = PCURVE('',#843,#904);
#904 = DEFINITIONAL_REPRESENTATION('',(#905),#909);
#905 = LINE('',#906,#907);
#906 = CARTESIAN_POINT('',(0.,0.));
#907 = VECTOR('',#908,1.);
#908 = DIRECTION('',(0.,-1.));
#909 = ( GEOMETRIC_REPRESENTATION_CONTEXT(2) 
PARAMETRIC_REPRESENTATION_CONTEXT() REPRESENTATION_CONTEXT('2D SPACE',''
  ) );
#910 = PCURVE('',#911,#916);
#911 = PLANE('',#912);
#912 = AXIS2_PLACEMENT_3D('',#913,#914,#915);
#913 = CARTESIAN_POINT('',(-10.04,-12.,0.15));
#914 = DIRECTION('',(0.,0.,1.));
#915 = DIRECTION('',(1.,0.,0.));
#916 = DEFINITIONAL_REPRESENTATION('',(#917),#921);
#917 = LINE('',#918,#919);
#918 = CARTESIAN_POINT('',(0.,0.));
#919 = VECTOR('',#920,1.);
#920 = DIRECTION('',(0.,1.));
#921 = ( GEOMETRIC_REPRESENTATION_CONTEXT(2) 
PARAMETRIC_REPRESENTATION_CONTEXT() REPRESENTATION_CONTEXT('2D SPACE',''
  ) );
#922 = ORIENTED_EDGE('',*,*,#923,.T.);
#923 = EDGE_CURVE('',#896,#835,#924,.T.);
#924 = SURFACE_CURVE('',#925,(#929,#936),.PCURVE_S1.);
#925 = LINE('',#926,#927);
#926 = CARTESIAN_POINT('',(-10.04,11.9,0.15));
#927 = VECTOR('',#928,1.);
#928 = DIRECTION('',(0.,0.,1.));
#929 = PCURVE('',#843,#930);
#930 = DEFINITIONAL_REPRESENTATION('',(#931),#935);
#931 = LINE('',#932,#933);
#932 = CARTESIAN_POINT('',(0.,-23.9));
#933 = VECTOR('',#934,1.);
#934 = DIRECTION('',(1.,0.));
#935 = ( GEOMETRIC_REPRESENTATION_CONTEXT(2) 
PARAMETRIC_REPRESENTATION_CONTEXT() REPRESENTATION_CONTEXT('2D SPACE',''
  ) );
#936 = PCURVE('',#937,#942);
#937 = CYLINDRICAL_SURFACE('',#938,0.1);
#938 = AXIS2_PLACEMENT_3D('',#939,#940,#941);
#939 = CARTESIAN_POINT('',(-9.94,11.9,0.15));
#940 = DIRECTION('',(0.,0.,1.));
#941 = DIRECTION('',(-1.,-0.,0.));
#942 = DEFINITIONAL_REPRESENTATION('',(#943),#947);
#943 = LINE('',#944,#945);
#944 = CARTESIAN_POINT('',(-0.,0.));
#945 = VECTOR('',#946,1.);
#946 = DIRECTION('',(-0.,1.));
#947 = ( GEOMETRIC_REPRESENTATION_CONTEXT(2) 
PARAMETRIC_REPRESENTATION_CONTEXT() REPRESENTATION_CONTEXT('2D SPACE',''
  ) );
#948 = ADVANCED_FACE('',(#949),#855,.T.);
#949 = FACE_BOUND('',#950,.T.);
#950 = EDGE_LOOP('',(#951,#952,#976,#1004,#1037,#1065,#1094,#1122));
#951 = ORIENTED_EDGE('',*,*,#832,.F.);
#952 = ORIENTED_EDGE('',*,*,#953,.T.);
#953 = EDGE_CURVE('',#833,#954,#956,.T.);
#954 = VERTEX_POINT('',#955);
#955 = CARTESIAN_POINT('',(-9.94,-12.,2.5));
#956 = SURFACE_CURVE('',#957,(#962,#969),.PCURVE_S1.);
#957 = CIRCLE('',#958,0.1);
#958 = AXIS2_PLACEMENT_3D('',#959,#960,#961);
#959 = CARTESIAN_POINT('',(-9.94,-11.9,2.5));
#960 = DIRECTION('',(0.,0.,1.));
#961 = DIRECTION('',(0.,-1.,0.));
#962 = PCURVE('',#855,#963);
#963 = DEFINITIONAL_REPRESENTATION('',(#964),#968);
#964 = CIRCLE('',#965,0.1);
#965 = AXIS2_PLACEMENT_2D('',#966,#967);
#966 = CARTESIAN_POINT('',(1.E-01,1.E-01));
#967 = DIRECTION('',(0.,-1.));
#968 = ( GEOMETRIC_REPRESENTATION_CONTEXT(2) 
PARAMETRIC_REPRESENTATION_CONTEXT() REPRESENTATION_CONTEXT('2D SPACE',''
  ) );
#969 = PCURVE('',#883,#970);
#970 = DEFINITIONAL_REPRESENTATION('',(#971),#975);
#971 = LINE('',#972,#973);
#972 = CARTESIAN_POINT('',(-4.712388980385,2.35));
#973 = VECTOR('',#974,1.);
#974 = DIRECTION('',(1.,0.));
#975 = ( GEOMETRIC_REPRESENTATION_CONTEXT(2) 
PARAMETRIC_REPRESENTATION_CONTEXT() REPRESENTATION_CONTEXT('2D SPACE',''
  ) );
#976 = ORIENTED_EDGE('',*,*,#977,.T.);
#977 = EDGE_CURVE('',#954,#978,#980,.T.);
#978 = VERTEX_POINT('',#979);
#979 = CARTESIAN_POINT('',(-7.84,-12.,2.5));
#980 = SURFACE_CURVE('',#981,(#985,#992),.PCURVE_S1.);
#981 = LINE('',#982,#983);
#982 = CARTESIAN_POINT('',(-10.04,-12.,2.5));
#983 = VECTOR('',#984,1.);
#984 = DIRECTION('',(1.,0.,0.));
#985 = PCURVE('',#855,#986);
#986 = DEFINITIONAL_REPRESENTATION('',(#987),#991);
#987 = LINE('',#988,#989);
#988 = CARTESIAN_POINT('',(0.,0.));
#989 = VECTOR('',#990,1.);
#990 = DIRECTION('',(1.,0.));
#991 = ( GEOMETRIC_REPRESENTATION_CONTEXT(2) 
PARAMETRIC_REPRESENTATION_CONTEXT() REPRESENTATION_CONTEXT('2D SPACE',''
  ) );
#992 = PCURVE('',#993,#998);
#993 = PLANE('',#994);
#994 = AXIS2_PLACEMENT_3D('',#995,#996,#997);
#995 = CARTESIAN_POINT('',(-10.04,-12.,0.15));
#996 = DIRECTION('',(0.,1.,0.));
#997 = DIRECTION('',(0.,0.,1.));
#998 = DEFINITIONAL_REPRESENTATION('',(#999),#1003);
#999 = LINE('',#1000,#1001);
#1000 = CARTESIAN_POINT('',(2.35,0.));
#1001 = VECTOR('',#1002,1.);
#1002 = DIRECTION('',(0.,1.));
#1003 = ( GEOMETRIC_REPRESENTATION_CONTEXT(2) 
PARAMETRIC_REPRESENTATION_CONTEXT() REPRESENTATION_CONTEXT('2D SPACE',''
  ) );
#1004 = ORIENTED_EDGE('',*,*,#1005,.F.);
#1005 = EDGE_CURVE('',#1006,#978,#1008,.T.);
#1006 = VERTEX_POINT('',#1007);
#1007 = CARTESIAN_POINT('',(-7.74,-11.9,2.5));
#1008 = SURFACE_CURVE('',#1009,(#1014,#1025),.PCURVE_S1.);
#1009 = CIRCLE('',#1010,0.1);
#1010 = AXIS2_PLACEMENT_3D('',#1011,#1012,#1013);
#1011 = CARTESIAN_POINT('',(-7.84,-11.9,2.5));
#1012 = DIRECTION('',(-0.,-0.,-1.));
#1013 = DIRECTION('',(0.,-1.,0.));
#1014 = PCURVE('',#855,#1015);
#1015 = DEFINITIONAL_REPRESENTATION('',(#1016),#1024);
#1016 = ( BOUNDED_CURVE() B_SPLINE_CURVE(2,(#1017,#1018,#1019,#1020,
#1021,#1022,#1023),.UNSPECIFIED.,.T.,.F.) B_SPLINE_CURVE_WITH_KNOTS((1,2
    ,2,2,2,1),(-2.094395102393,0.,2.094395102393,4.188790204786,
6.28318530718,8.377580409573),.UNSPECIFIED.) CURVE() 
GEOMETRIC_REPRESENTATION_ITEM() RATIONAL_B_SPLINE_CURVE((1.,0.5,1.,0.5,
1.,0.5,1.)) REPRESENTATION_ITEM('') );
#1017 = CARTESIAN_POINT('',(2.2,-3.608224830032E-16));
#1018 = CARTESIAN_POINT('',(2.026794919243,-3.608224830032E-16));
#1019 = CARTESIAN_POINT('',(2.113397459622,0.15));
#1020 = CARTESIAN_POINT('',(2.2,0.3));
#1021 = CARTESIAN_POINT('',(2.286602540378,0.15));
#1022 = CARTESIAN_POINT('',(2.373205080757,-2.081668171172E-16));
#1023 = CARTESIAN_POINT('',(2.2,-3.608224830032E-16));
#1024 = ( GEOMETRIC_REPRESENTATION_CONTEXT(2) 
PARAMETRIC_REPRESENTATION_CONTEXT() REPRESENTATION_CONTEXT('2D SPACE',''
  ) );
#1025 = PCURVE('',#1026,#1031);
#1026 = CYLINDRICAL_SURFACE('',#1027,0.1);
#1027 = AXIS2_PLACEMENT_3D('',#1028,#1029,#1030);
#1028 = CARTESIAN_POINT('',(-7.84,-11.9,0.15));
#1029 = DIRECTION('',(0.,0.,1.));
#1030 = DIRECTION('',(1.,0.,-0.));
#1031 = DEFINITIONAL_REPRESENTATION('',(#1032),#1036);
#1032 = LINE('',#1033,#1034);
#1033 = CARTESIAN_POINT('',(4.712388980385,2.35));
#1034 = VECTOR('',#1035,1.);
#1035 = DIRECTION('',(-1.,0.));
#1036 = ( GEOMETRIC_REPRESENTATION_CONTEXT(2) 
PARAMETRIC_REPRESENTATION_CONTEXT() REPRESENTATION_CONTEXT('2D SPACE',''
  ) );
#1037 = ORIENTED_EDGE('',*,*,#1038,.T.);
#1038 = EDGE_CURVE('',#1006,#1039,#1041,.T.);
#1039 = VERTEX_POINT('',#1040);
#1040 = CARTESIAN_POINT('',(-7.74,11.9,2.5));
#1041 = SURFACE_CURVE('',#1042,(#1046,#1053),.PCURVE_S1.);
#1042 = LINE('',#1043,#1044);
#1043 = CARTESIAN_POINT('',(-7.74,-12.,2.5));
#1044 = VECTOR('',#1045,1.);
#1045 = DIRECTION('',(0.,1.,0.));
#1046 = PCURVE('',#855,#1047);
#1047 = DEFINITIONAL_REPRESENTATION('',(#1048),#1052);
#1048 = LINE('',#1049,#1050);
#1049 = CARTESIAN_POINT('',(2.3,0.));
#1050 = VECTOR('',#1051,1.);
#1051 = DIRECTION('',(0.,1.));
#1052 = ( GEOMETRIC_REPRESENTATION_CONTEXT(2) 
PARAMETRIC_REPRESENTATION_CONTEXT() REPRESENTATION_CONTEXT('2D SPACE',''
  ) );
#1053 = PCURVE('',#1054,#1059);
#1054 = PLANE('',#1055);
#1055 = AXIS2_PLACEMENT_3D('',#1056,#1057,#1058);
#1056 = CARTESIAN_POINT('',(-7.74,-12.,0.15));
#1057 = DIRECTION('',(1.,0.,0.));
#1058 = DIRECTION('',(0.,0.,1.));
#1059 = DEFINITIONAL_REPRESENTATION('',(#1060),#1064);
#1060 = LINE('',#1061,#1062);
#1061 = CARTESIAN_POINT('',(2.35,0.));
#1062 = VECTOR('',#1063,1.);
#1063 = DIRECTION('',(0.,-1.));
#1064 = ( GEOMETRIC_REPRESENTATION_CONTEXT(2) 
PARAMETRIC_REPRESENTATION_CONTEXT() REPRESENTATION_CONTEXT('2D SPACE',''
  ) );
#1065 = ORIENTED_EDGE('',*,*,#1066,.T.);
#1066 = EDGE_CURVE('',#1039,#1067,#1069,.T.);
#1067 = VERTEX_POINT('',#1068);
#1068 = CARTESIAN_POINT('',(-7.84,12.,2.5));
#1069 = SURFACE_CURVE('',#1070,(#1075,#1082),.PCURVE_S1.);
#1070 = CIRCLE('',#1071,0.1);
#1071 = AXIS2_PLACEMENT_3D('',#1072,#1073,#1074);
#1072 = CARTESIAN_POINT('',(-7.84,11.9,2.5));
#1073 = DIRECTION('',(0.,0.,1.));
#1074 = DIRECTION('',(0.,-1.,0.));
#1075 = PCURVE('',#855,#1076);
#1076 = DEFINITIONAL_REPRESENTATION('',(#1077),#1081);
#1077 = CIRCLE('',#1078,0.1);
#1078 = AXIS2_PLACEMENT_2D('',#1079,#1080);
#1079 = CARTESIAN_POINT('',(2.2,23.9));
#1080 = DIRECTION('',(0.,-1.));
#1081 = ( GEOMETRIC_REPRESENTATION_CONTEXT(2) 
PARAMETRIC_REPRESENTATION_CONTEXT() REPRESENTATION_CONTEXT('2D SPACE',''
  ) );
#1082 = PCURVE('',#1083,#1088);
#1083 = CYLINDRICAL_SURFACE('',#1084,0.1);
#1084 = AXIS2_PLACEMENT_3D('',#1085,#1086,#1087);
#1085 = CARTESIAN_POINT('',(-7.84,11.9,0.15));
#1086 = DIRECTION('',(0.,0.,1.));
#1087 = DIRECTION('',(1.,0.,-0.));
#1088 = DEFINITIONAL_REPRESENTATION('',(#1089),#1093);
#1089 = LINE('',#1090,#1091);
#1090 = CARTESIAN_POINT('',(-1.570796326795,2.35));
#1091 = VECTOR('',#1092,1.);
#1092 = DIRECTION('',(1.,0.));
#1093 = ( GEOMETRIC_REPRESENTATION_CONTEXT(2) 
PARAMETRIC_REPRESENTATION_CONTEXT() REPRESENTATION_CONTEXT('2D SPACE',''
  ) );
#1094 = ORIENTED_EDGE('',*,*,#1095,.F.);
#1095 = EDGE_CURVE('',#1096,#1067,#1098,.T.);
#1096 = VERTEX_POINT('',#1097);
#1097 = CARTESIAN_POINT('',(-9.94,12.,2.5));
#1098 = SURFACE_CURVE('',#1099,(#1103,#1110),.PCURVE_S1.);
#1099 = LINE('',#1100,#1101);
#1100 = CARTESIAN_POINT('',(-10.04,12.,2.5));
#1101 = VECTOR('',#1102,1.);
#1102 = DIRECTION('',(1.,0.,0.));
#1103 = PCURVE('',#855,#1104);
#1104 = DEFINITIONAL_REPRESENTATION('',(#1105),#1109);
#1105 = LINE('',#1106,#1107);
#1106 = CARTESIAN_POINT('',(0.,24.));
#1107 = VECTOR('',#1108,1.);
#1108 = DIRECTION('',(1.,0.));
#1109 = ( GEOMETRIC_REPRESENTATION_CONTEXT(2) 
PARAMETRIC_REPRESENTATION_CONTEXT() REPRESENTATION_CONTEXT('2D SPACE',''
  ) );
#1110 = PCURVE('',#1111,#1116);
#1111 = PLANE('',#1112);
#1112 = AXIS2_PLACEMENT_3D('',#1113,#1114,#1115);
#1113 = CARTESIAN_POINT('',(-10.04,12.,0.15));
#1114 = DIRECTION('',(0.,1.,0.));
#1115 = DIRECTION('',(0.,0.,1.));
#1116 = DEFINITIONAL_REPRESENTATION('',(#1117),#1121);
#1117 = LINE('',#1118,#1119);
#1118 = CARTESIAN_POINT('',(2.35,0.));
#1119 = VECTOR('',#1120,1.);
#1120 = DIRECTION('',(0.,1.));
#1121 = ( GEOMETRIC_REPRESENTATION_CONTEXT(2) 
PARAMETRIC_REPRESENTATION_CONTEXT() REPRESENTATION_CONTEXT('2D SPACE',''
  ) );
#1122 = ORIENTED_EDGE('',*,*,#1123,.F.);
#1123 = EDGE_CURVE('',#835,#1096,#1124,.T.);
#1124 = SURFACE_CURVE('',#1125,(#1130,#1141),.PCURVE_S1.);
#1125 = CIRCLE('',#1126,0.1);
#1126 = AXIS2_PLACEMENT_3D('',#1127,#1128,#1129);
#1127 = CARTESIAN_POINT('',(-9.94,11.9,2.5));
#1128 = DIRECTION('',(-0.,-0.,-1.));
#1129 = DIRECTION('',(0.,-1.,0.));
#1130 = PCURVE('',#855,#1131);
#1131 = DEFINITIONAL_REPRESENTATION('',(#1132),#1140);
#1132 = ( BOUNDED_CURVE() B_SPLINE_CURVE(2,(#1133,#1134,#1135,#1136,
#1137,#1138,#1139),.UNSPECIFIED.,.T.,.F.) B_SPLINE_CURVE_WITH_KNOTS((1,2
    ,2,2,2,1),(-2.094395102393,0.,2.094395102393,4.188790204786,
6.28318530718,8.377580409573),.UNSPECIFIED.) CURVE() 
GEOMETRIC_REPRESENTATION_ITEM() RATIONAL_B_SPLINE_CURVE((1.,0.5,1.,0.5,
1.,0.5,1.)) REPRESENTATION_ITEM('') );
#1133 = CARTESIAN_POINT('',(1.E-01,23.8));
#1134 = CARTESIAN_POINT('',(-7.320508075689E-02,23.8));
#1135 = CARTESIAN_POINT('',(1.339745962156E-02,23.95));
#1136 = CARTESIAN_POINT('',(1.E-01,24.1));
#1137 = CARTESIAN_POINT('',(0.186602540378,23.95));
#1138 = CARTESIAN_POINT('',(0.273205080757,23.8));
#1139 = CARTESIAN_POINT('',(1.E-01,23.8));
#1140 = ( GEOMETRIC_REPRESENTATION_CONTEXT(2) 
PARAMETRIC_REPRESENTATION_CONTEXT() REPRESENTATION_CONTEXT('2D SPACE',''
  ) );
#1141 = PCURVE('',#937,#1142);
#1142 = DEFINITIONAL_REPRESENTATION('',(#1143),#1147);
#1143 = LINE('',#1144,#1145);
#1144 = CARTESIAN_POINT('',(1.570796326795,2.35));
#1145 = VECTOR('',#1146,1.);
#1146 = DIRECTION('',(-1.,0.));
#1147 = ( GEOMETRIC_REPRESENTATION_CONTEXT(2) 
PARAMETRIC_REPRESENTATION_CONTEXT() REPRESENTATION_CONTEXT('2D SPACE',''
  ) );
#1148 = ADVANCED_FACE('',(#1149),#883,.T.);
#1149 = FACE_BOUND('',#1150,.T.);
#1150 = EDGE_LOOP('',(#1151,#1175,#1196,#1197));
#1151 = ORIENTED_EDGE('',*,*,#1152,.T.);
#1152 = EDGE_CURVE('',#868,#1153,#1155,.T.);
#1153 = VERTEX_POINT('',#1154);
#1154 = CARTESIAN_POINT('',(-9.94,-12.,0.15));
#1155 = SURFACE_CURVE('',#1156,(#1161,#1168),.PCURVE_S1.);
#1156 = CIRCLE('',#1157,0.1);
#1157 = AXIS2_PLACEMENT_3D('',#1158,#1159,#1160);
#1158 = CARTESIAN_POINT('',(-9.94,-11.9,0.15));
#1159 = DIRECTION('',(0.,0.,1.));
#1160 = DIRECTION('',(0.,-1.,0.));
#1161 = PCURVE('',#883,#1162);
#1162 = DEFINITIONAL_REPRESENTATION('',(#1163),#1167);
#1163 = LINE('',#1164,#1165);
#1164 = CARTESIAN_POINT('',(-4.712388980385,0.));
#1165 = VECTOR('',#1166,1.);
#1166 = DIRECTION('',(1.,0.));
#1167 = ( GEOMETRIC_REPRESENTATION_CONTEXT(2) 
PARAMETRIC_REPRESENTATION_CONTEXT() REPRESENTATION_CONTEXT('2D SPACE',''
  ) );
#1168 = PCURVE('',#911,#1169);
#1169 = DEFINITIONAL_REPRESENTATION('',(#1170),#1174);
#1170 = CIRCLE('',#1171,0.1);
#1171 = AXIS2_PLACEMENT_2D('',#1172,#1173);
#1172 = CARTESIAN_POINT('',(1.E-01,1.E-01));
#1173 = DIRECTION('',(0.,-1.));
#1174 = ( GEOMETRIC_REPRESENTATION_CONTEXT(2) 
PARAMETRIC_REPRESENTATION_CONTEXT() REPRESENTATION_CONTEXT('2D SPACE',''
  ) );
#1175 = ORIENTED_EDGE('',*,*,#1176,.T.);
#1176 = EDGE_CURVE('',#1153,#954,#1177,.T.);
#1177 = SURFACE_CURVE('',#1178,(#1182,#1189),.PCURVE_S1.);
#1178 = LINE('',#1179,#1180);
#1179 = CARTESIAN_POINT('',(-9.94,-12.,0.15));
#1180 = VECTOR('',#1181,1.);
#1181 = DIRECTION('',(0.,0.,1.));
#1182 = PCURVE('',#883,#1183);
#1183 = DEFINITIONAL_REPRESENTATION('',(#1184),#1188);
#1184 = LINE('',#1185,#1186);
#1185 = CARTESIAN_POINT('',(1.570796326795,0.));
#1186 = VECTOR('',#1187,1.);
#1187 = DIRECTION('',(0.,1.));
#1188 = ( GEOMETRIC_REPRESENTATION_CONTEXT(2) 
PARAMETRIC_REPRESENTATION_CONTEXT() REPRESENTATION_CONTEXT('2D SPACE',''
  ) );
#1189 = PCURVE('',#993,#1190);
#1190 = DEFINITIONAL_REPRESENTATION('',(#1191),#1195);
#1191 = LINE('',#1192,#1193);
#1192 = CARTESIAN_POINT('',(0.,1.E-01));
#1193 = VECTOR('',#1194,1.);
#1194 = DIRECTION('',(1.,0.));
#1195 = ( GEOMETRIC_REPRESENTATION_CONTEXT(2) 
PARAMETRIC_REPRESENTATION_CONTEXT() REPRESENTATION_CONTEXT('2D SPACE',''
  ) );
#1196 = ORIENTED_EDGE('',*,*,#953,.F.);
#1197 = ORIENTED_EDGE('',*,*,#867,.F.);
#1198 = ADVANCED_FACE('',(#1199),#937,.T.);
#1199 = FACE_BOUND('',#1200,.F.);
#1200 = EDGE_LOOP('',(#1201,#1229,#1250,#1251));
#1201 = ORIENTED_EDGE('',*,*,#1202,.T.);
#1202 = EDGE_CURVE('',#896,#1203,#1205,.T.);
#1203 = VERTEX_POINT('',#1204);
#1204 = CARTESIAN_POINT('',(-9.94,12.,0.15));
#1205 = SURFACE_CURVE('',#1206,(#1211,#1218),.PCURVE_S1.);
#1206 = CIRCLE('',#1207,0.1);
#1207 = AXIS2_PLACEMENT_3D('',#1208,#1209,#1210);
#1208 = CARTESIAN_POINT('',(-9.94,11.9,0.15));
#1209 = DIRECTION('',(-0.,-0.,-1.));
#1210 = DIRECTION('',(0.,-1.,0.));
#1211 = PCURVE('',#937,#1212);
#1212 = DEFINITIONAL_REPRESENTATION('',(#1213),#1217);
#1213 = LINE('',#1214,#1215);
#1214 = CARTESIAN_POINT('',(1.570796326795,-0.));
#1215 = VECTOR('',#1216,1.);
#1216 = DIRECTION('',(-1.,0.));
#1217 = ( GEOMETRIC_REPRESENTATION_CONTEXT(2) 
PARAMETRIC_REPRESENTATION_CONTEXT() REPRESENTATION_CONTEXT('2D SPACE',''
  ) );
#1218 = PCURVE('',#911,#1219);
#1219 = DEFINITIONAL_REPRESENTATION('',(#1220),#1228);
#1220 = ( BOUNDED_CURVE() B_SPLINE_CURVE(2,(#1221,#1222,#1223,#1224,
#1225,#1226,#1227),.UNSPECIFIED.,.T.,.F.) B_SPLINE_CURVE_WITH_KNOTS((1,2
    ,2,2,2,1),(-2.094395102393,0.,2.094395102393,4.188790204786,
6.28318530718,8.377580409573),.UNSPECIFIED.) CURVE() 
GEOMETRIC_REPRESENTATION_ITEM() RATIONAL_B_SPLINE_CURVE((1.,0.5,1.,0.5,
1.,0.5,1.)) REPRESENTATION_ITEM('') );
#1221 = CARTESIAN_POINT('',(1.E-01,23.8));
#1222 = CARTESIAN_POINT('',(-7.320508075689E-02,23.8));
#1223 = CARTESIAN_POINT('',(1.339745962156E-02,23.95));
#1224 = CARTESIAN_POINT('',(1.E-01,24.1));
#1225 = CARTESIAN_POINT('',(0.186602540378,23.95));
#1226 = CARTESIAN_POINT('',(0.273205080757,23.8));
#1227 = CARTESIAN_POINT('',(1.E-01,23.8));
#1228 = ( GEOMETRIC_REPRESENTATION_CONTEXT(2) 
PARAMETRIC_REPRESENTATION_CONTEXT() REPRESENTATION_CONTEXT('2D SPACE',''
  ) );
#1229 = ORIENTED_EDGE('',*,*,#1230,.T.);
#1230 = EDGE_CURVE('',#1203,#1096,#1231,.T.);
#1231 = SURFACE_CURVE('',#1232,(#1236,#1243),.PCURVE_S1.);
#1232 = LINE('',#1233,#1234);
#1233 = CARTESIAN_POINT('',(-9.94,12.,0.15));
#1234 = VECTOR('',#1235,1.);
#1235 = DIRECTION('',(0.,0.,1.));
#1236 = PCURVE('',#937,#1237);
#1237 = DEFINITIONAL_REPRESENTATION('',(#1238),#1242);
#1238 = LINE('',#1239,#1240);
#1239 = CARTESIAN_POINT('',(-1.570796326795,0.));
#1240 = VECTOR('',#1241,1.);
#1241 = DIRECTION('',(-0.,1.));
#1242 = ( GEOMETRIC_REPRESENTATION_CONTEXT(2) 
PARAMETRIC_REPRESENTATION_CONTEXT() REPRESENTATION_CONTEXT('2D SPACE',''
  ) );
#1243 = PCURVE('',#1111,#1244);
#1244 = DEFINITIONAL_REPRESENTATION('',(#1245),#1249);
#1245 = LINE('',#1246,#1247);
#1246 = CARTESIAN_POINT('',(0.,1.E-01));
#1247 = VECTOR('',#1248,1.);
#1248 = DIRECTION('',(1.,0.));
#1249 = ( GEOMETRIC_REPRESENTATION_CONTEXT(2) 
PARAMETRIC_REPRESENTATION_CONTEXT() REPRESENTATION_CONTEXT('2D SPACE',''
  ) );
#1250 = ORIENTED_EDGE('',*,*,#1123,.F.);
#1251 = ORIENTED_EDGE('',*,*,#923,.F.);
#1252 = ADVANCED_FACE('',(#1253),#911,.F.);
#1253 = FACE_BOUND('',#1254,.F.);
#1254 = EDGE_LOOP('',(#1255,#1256,#1257,#1280,#1308,#1331,#1355,#1376));
#1255 = ORIENTED_EDGE('',*,*,#895,.F.);
#1256 = ORIENTED_EDGE('',*,*,#1152,.T.);
#1257 = ORIENTED_EDGE('',*,*,#1258,.T.);
#1258 = EDGE_CURVE('',#1153,#1259,#1261,.T.);
#1259 = VERTEX_POINT('',#1260);
#1260 = CARTESIAN_POINT('',(-7.84,-12.,0.15));
#1261 = SURFACE_CURVE('',#1262,(#1266,#1273),.PCURVE_S1.);
#1262 = LINE('',#1263,#1264);
#1263 = CARTESIAN_POINT('',(-10.04,-12.,0.15));
#1264 = VECTOR('',#1265,1.);
#1265 = DIRECTION('',(1.,0.,0.));
#1266 = PCURVE('',#911,#1267);
#1267 = DEFINITIONAL_REPRESENTATION('',(#1268),#1272);
#1268 = LINE('',#1269,#1270);
#1269 = CARTESIAN_POINT('',(0.,0.));
#1270 = VECTOR('',#1271,1.);
#1271 = DIRECTION('',(1.,0.));
#1272 = ( GEOMETRIC_REPRESENTATION_CONTEXT(2) 
PARAMETRIC_REPRESENTATION_CONTEXT() REPRESENTATION_CONTEXT('2D SPACE',''
  ) );
#1273 = PCURVE('',#993,#1274);
#1274 = DEFINITIONAL_REPRESENTATION('',(#1275),#1279);
#1275 = LINE('',#1276,#1277);
#1276 = CARTESIAN_POINT('',(0.,0.));
#1277 = VECTOR('',#1278,1.);
#1278 = DIRECTION('',(0.,1.));
#1279 = ( GEOMETRIC_REPRESENTATION_CONTEXT(2) 
PARAMETRIC_REPRESENTATION_CONTEXT() REPRESENTATION_CONTEXT('2D SPACE',''
  ) );
#1280 = ORIENTED_EDGE('',*,*,#1281,.F.);
#1281 = EDGE_CURVE('',#1282,#1259,#1284,.T.);
#1282 = VERTEX_POINT('',#1283);
#1283 = CARTESIAN_POINT('',(-7.74,-11.9,0.15));
#1284 = SURFACE_CURVE('',#1285,(#1290,#1301),.PCURVE_S1.);
#1285 = CIRCLE('',#1286,0.1);
#1286 = AXIS2_PLACEMENT_3D('',#1287,#1288,#1289);
#1287 = CARTESIAN_POINT('',(-7.84,-11.9,0.15));
#1288 = DIRECTION('',(-0.,-0.,-1.));
#1289 = DIRECTION('',(0.,-1.,0.));
#1290 = PCURVE('',#911,#1291);
#1291 = DEFINITIONAL_REPRESENTATION('',(#1292),#1300);
#1292 = ( BOUNDED_CURVE() B_SPLINE_CURVE(2,(#1293,#1294,#1295,#1296,
#1297,#1298,#1299),.UNSPECIFIED.,.T.,.F.) B_SPLINE_CURVE_WITH_KNOTS((1,2
    ,2,2,2,1),(-2.094395102393,0.,2.094395102393,4.188790204786,
6.28318530718,8.377580409573),.UNSPECIFIED.) CURVE() 
GEOMETRIC_REPRESENTATION_ITEM() RATIONAL_B_SPLINE_CURVE((1.,0.5,1.,0.5,
1.,0.5,1.)) REPRESENTATION_ITEM('') );
#1293 = CARTESIAN_POINT('',(2.2,-3.608224830032E-16));
#1294 = CARTESIAN_POINT('',(2.026794919243,-3.608224830032E-16));
#1295 = CARTESIAN_POINT('',(2.113397459622,0.15));
#1296 = CARTESIAN_POINT('',(2.2,0.3));
#1297 = CARTESIAN_POINT('',(2.286602540378,0.15));
#1298 = CARTESIAN_POINT('',(2.373205080757,-2.081668171172E-16));
#1299 = CARTESIAN_POINT('',(2.2,-3.608224830032E-16));
#1300 = ( GEOMETRIC_REPRESENTATION_CONTEXT(2) 
PARAMETRIC_REPRESENTATION_CONTEXT() REPRESENTATION_CONTEXT('2D SPACE',''
  ) );
#1301 = PCURVE('',#1026,#1302);
#1302 = DEFINITIONAL_REPRESENTATION('',(#1303),#1307);
#1303 = LINE('',#1304,#1305);
#1304 = CARTESIAN_POINT('',(4.712388980385,-0.));
#1305 = VECTOR('',#1306,1.);
#1306 = DIRECTION('',(-1.,0.));
#1307 = ( GEOMETRIC_REPRESENTATION_CONTEXT(2) 
PARAMETRIC_REPRESENTATION_CONTEXT() REPRESENTATION_CONTEXT('2D SPACE',''
  ) );
#1308 = ORIENTED_EDGE('',*,*,#1309,.T.);
#1309 = EDGE_CURVE('',#1282,#1310,#1312,.T.);
#1310 = VERTEX_POINT('',#1311);
#1311 = CARTESIAN_POINT('',(-7.74,11.9,0.15));
#1312 = SURFACE_CURVE('',#1313,(#1317,#1324),.PCURVE_S1.);
#1313 = LINE('',#1314,#1315);
#1314 = CARTESIAN_POINT('',(-7.74,-12.,0.15));
#1315 = VECTOR('',#1316,1.);
#1316 = DIRECTION('',(0.,1.,0.));
#1317 = PCURVE('',#911,#1318);
#1318 = DEFINITIONAL_REPRESENTATION('',(#1319),#1323);
#1319 = LINE('',#1320,#1321);
#1320 = CARTESIAN_POINT('',(2.3,0.));
#1321 = VECTOR('',#1322,1.);
#1322 = DIRECTION('',(0.,1.));
#1323 = ( GEOMETRIC_REPRESENTATION_CONTEXT(2) 
PARAMETRIC_REPRESENTATION_CONTEXT() REPRESENTATION_CONTEXT('2D SPACE',''
  ) );
#1324 = PCURVE('',#1054,#1325);
#1325 = DEFINITIONAL_REPRESENTATION('',(#1326),#1330);
#1326 = LINE('',#1327,#1328);
#1327 = CARTESIAN_POINT('',(0.,0.));
#1328 = VECTOR('',#1329,1.);
#1329 = DIRECTION('',(0.,-1.));
#1330 = ( GEOMETRIC_REPRESENTATION_CONTEXT(2) 
PARAMETRIC_REPRESENTATION_CONTEXT() REPRESENTATION_CONTEXT('2D SPACE',''
  ) );
#1331 = ORIENTED_EDGE('',*,*,#1332,.T.);
#1332 = EDGE_CURVE('',#1310,#1333,#1335,.T.);
#1333 = VERTEX_POINT('',#1334);
#1334 = CARTESIAN_POINT('',(-7.84,12.,0.15));
#1335 = SURFACE_CURVE('',#1336,(#1341,#1348),.PCURVE_S1.);
#1336 = CIRCLE('',#1337,0.1);
#1337 = AXIS2_PLACEMENT_3D('',#1338,#1339,#1340);
#1338 = CARTESIAN_POINT('',(-7.84,11.9,0.15));
#1339 = DIRECTION('',(0.,0.,1.));
#1340 = DIRECTION('',(0.,-1.,0.));
#1341 = PCURVE('',#911,#1342);
#1342 = DEFINITIONAL_REPRESENTATION('',(#1343),#1347);
#1343 = CIRCLE('',#1344,0.1);
#1344 = AXIS2_PLACEMENT_2D('',#1345,#1346);
#1345 = CARTESIAN_POINT('',(2.2,23.9));
#1346 = DIRECTION('',(0.,-1.));
#1347 = ( GEOMETRIC_REPRESENTATION_CONTEXT(2) 
PARAMETRIC_REPRESENTATION_CONTEXT() REPRESENTATION_CONTEXT('2D SPACE',''
  ) );
#1348 = PCURVE('',#1083,#1349);
#1349 = DEFINITIONAL_REPRESENTATION('',(#1350),#1354);
#1350 = LINE('',#1351,#1352);
#1351 = CARTESIAN_POINT('',(-1.570796326795,0.));
#1352 = VECTOR('',#1353,1.);
#1353 = DIRECTION('',(1.,0.));
#1354 = ( GEOMETRIC_REPRESENTATION_CONTEXT(2) 
PARAMETRIC_REPRESENTATION_CONTEXT() REPRESENTATION_CONTEXT('2D SPACE',''
  ) );
#1355 = ORIENTED_EDGE('',*,*,#1356,.F.);
#1356 = EDGE_CURVE('',#1203,#1333,#1357,.T.);
#1357 = SURFACE_CURVE('',#1358,(#1362,#1369),.PCURVE_S1.);
#1358 = LINE('',#1359,#1360);
#1359 = CARTESIAN_POINT('',(-10.04,12.,0.15));
#1360 = VECTOR('',#1361,1.);
#1361 = DIRECTION('',(1.,0.,0.));
#1362 = PCURVE('',#911,#1363);
#1363 = DEFINITIONAL_REPRESENTATION('',(#1364),#1368);
#1364 = LINE('',#1365,#1366);
#1365 = CARTESIAN_POINT('',(0.,24.));
#1366 = VECTOR('',#1367,1.);
#1367 = DIRECTION('',(1.,0.));
#1368 = ( GEOMETRIC_REPRESENTATION_CONTEXT(2) 
PARAMETRIC_REPRESENTATION_CONTEXT() REPRESENTATION_CONTEXT('2D SPACE',''
  ) );
#1369 = PCURVE('',#1111,#1370);
#1370 = DEFINITIONAL_REPRESENTATION('',(#1371),#1375);
#1371 = LINE('',#1372,#1373);
#1372 = CARTESIAN_POINT('',(0.,0.));
#1373 = VECTOR('',#1374,1.);
#1374 = DIRECTION('',(0.,1.));
#1375 = ( GEOMETRIC_REPRESENTATION_CONTEXT(2) 
PARAMETRIC_REPRESENTATION_CONTEXT() REPRESENTATION_CONTEXT('2D SPACE',''
  ) );
#1376 = ORIENTED_EDGE('',*,*,#1202,.F.);
#1377 = ADVANCED_FACE('',(#1378),#993,.F.);
#1378 = FACE_BOUND('',#1379,.F.);
#1379 = EDGE_LOOP('',(#1380,#1381,#1382,#1383));
#1380 = ORIENTED_EDGE('',*,*,#1258,.F.);
#1381 = ORIENTED_EDGE('',*,*,#1176,.T.);
#1382 = ORIENTED_EDGE('',*,*,#977,.T.);
#1383 = ORIENTED_EDGE('',*,*,#1384,.F.);
#1384 = EDGE_CURVE('',#1259,#978,#1385,.T.);
#1385 = SURFACE_CURVE('',#1386,(#1390,#1397),.PCURVE_S1.);
#1386 = LINE('',#1387,#1388);
#1387 = CARTESIAN_POINT('',(-7.84,-12.,0.15));
#1388 = VECTOR('',#1389,1.);
#1389 = DIRECTION('',(0.,0.,1.));
#1390 = PCURVE('',#993,#1391);
#1391 = DEFINITIONAL_REPRESENTATION('',(#1392),#1396);
#1392 = LINE('',#1393,#1394);
#1393 = CARTESIAN_POINT('',(0.,2.2));
#1394 = VECTOR('',#1395,1.);
#1395 = DIRECTION('',(1.,0.));
#1396 = ( GEOMETRIC_REPRESENTATION_CONTEXT(2) 
PARAMETRIC_REPRESENTATION_CONTEXT() REPRESENTATION_CONTEXT('2D SPACE',''
  ) );
#1397 = PCURVE('',#1026,#1398);
#1398 = DEFINITIONAL_REPRESENTATION('',(#1399),#1403);
#1399 = LINE('',#1400,#1401);
#1400 = CARTESIAN_POINT('',(-1.570796326795,0.));
#1401 = VECTOR('',#1402,1.);
#1402 = DIRECTION('',(-0.,1.));
#1403 = ( GEOMETRIC_REPRESENTATION_CONTEXT(2) 
PARAMETRIC_REPRESENTATION_CONTEXT() REPRESENTATION_CONTEXT('2D SPACE',''
  ) );
#1404 = ADVANCED_FACE('',(#1405),#1111,.T.);
#1405 = FACE_BOUND('',#1406,.T.);
#1406 = EDGE_LOOP('',(#1407,#1408,#1409,#1410));
#1407 = ORIENTED_EDGE('',*,*,#1356,.F.);
#1408 = ORIENTED_EDGE('',*,*,#1230,.T.);
#1409 = ORIENTED_EDGE('',*,*,#1095,.T.);
#1410 = ORIENTED_EDGE('',*,*,#1411,.F.);
#1411 = EDGE_CURVE('',#1333,#1067,#1412,.T.);
#1412 = SURFACE_CURVE('',#1413,(#1417,#1424),.PCURVE_S1.);
#1413 = LINE('',#1414,#1415);
#1414 = CARTESIAN_POINT('',(-7.84,12.,0.15));
#1415 = VECTOR('',#1416,1.);
#1416 = DIRECTION('',(0.,0.,1.));
#1417 = PCURVE('',#1111,#1418);
#1418 = DEFINITIONAL_REPRESENTATION('',(#1419),#1423);
#1419 = LINE('',#1420,#1421);
#1420 = CARTESIAN_POINT('',(0.,2.2));
#1421 = VECTOR('',#1422,1.);
#1422 = DIRECTION('',(1.,0.));
#1423 = ( GEOMETRIC_REPRESENTATION_CONTEXT(2) 
PARAMETRIC_REPRESENTATION_CONTEXT() REPRESENTATION_CONTEXT('2D SPACE',''
  ) );
#1424 = PCURVE('',#1083,#1425);
#1425 = DEFINITIONAL_REPRESENTATION('',(#1426),#1430);
#1426 = LINE('',#1427,#1428);
#1427 = CARTESIAN_POINT('',(1.570796326795,0.));
#1428 = VECTOR('',#1429,1.);
#1429 = DIRECTION('',(0.,1.));
#1430 = ( GEOMETRIC_REPRESENTATION_CONTEXT(2) 
PARAMETRIC_REPRESENTATION_CONTEXT() REPRESENTATION_CONTEXT('2D SPACE',''
  ) );
#1431 = ADVANCED_FACE('',(#1432),#1026,.T.);
#1432 = FACE_BOUND('',#1433,.F.);
#1433 = EDGE_LOOP('',(#1434,#1435,#1436,#1437));
#1434 = ORIENTED_EDGE('',*,*,#1281,.T.);
#1435 = ORIENTED_EDGE('',*,*,#1384,.T.);
#1436 = ORIENTED_EDGE('',*,*,#1005,.F.);
#1437 = ORIENTED_EDGE('',*,*,#1438,.F.);
#1438 = EDGE_CURVE('',#1282,#1006,#1439,.T.);
#1439 = SURFACE_CURVE('',#1440,(#1444,#1451),.PCURVE_S1.);
#1440 = LINE('',#1441,#1442);
#1441 = CARTESIAN_POINT('',(-7.74,-11.9,0.15));
#1442 = VECTOR('',#1443,1.);
#1443 = DIRECTION('',(0.,0.,1.));
#1444 = PCURVE('',#1026,#1445);
#1445 = DEFINITIONAL_REPRESENTATION('',(#1446),#1450);
#1446 = LINE('',#1447,#1448);
#1447 = CARTESIAN_POINT('',(-0.,0.));
#1448 = VECTOR('',#1449,1.);
#1449 = DIRECTION('',(-0.,1.));
#1450 = ( GEOMETRIC_REPRESENTATION_CONTEXT(2) 
PARAMETRIC_REPRESENTATION_CONTEXT() REPRESENTATION_CONTEXT('2D SPACE',''
  ) );
#1451 = PCURVE('',#1054,#1452);
#1452 = DEFINITIONAL_REPRESENTATION('',(#1453),#1457);
#1453 = LINE('',#1454,#1455);
#1454 = CARTESIAN_POINT('',(0.,-1.E-01));
#1455 = VECTOR('',#1456,1.);
#1456 = DIRECTION('',(1.,0.));
#1457 = ( GEOMETRIC_REPRESENTATION_CONTEXT(2) 
PARAMETRIC_REPRESENTATION_CONTEXT() REPRESENTATION_CONTEXT('2D SPACE',''
  ) );
#1458 = ADVANCED_FACE('',(#1459),#1083,.T.);
#1459 = FACE_BOUND('',#1460,.T.);
#1460 = EDGE_LOOP('',(#1461,#1462,#1463,#1464));
#1461 = ORIENTED_EDGE('',*,*,#1332,.T.);
#1462 = ORIENTED_EDGE('',*,*,#1411,.T.);
#1463 = ORIENTED_EDGE('',*,*,#1066,.F.);
#1464 = ORIENTED_EDGE('',*,*,#1465,.F.);
#1465 = EDGE_CURVE('',#1310,#1039,#1466,.T.);
#1466 = SURFACE_CURVE('',#1467,(#1471,#1478),.PCURVE_S1.);
#1467 = LINE('',#1468,#1469);
#1468 = CARTESIAN_POINT('',(-7.74,11.9,0.15));
#1469 = VECTOR('',#1470,1.);
#1470 = DIRECTION('',(0.,0.,1.));
#1471 = PCURVE('',#1083,#1472);
#1472 = DEFINITIONAL_REPRESENTATION('',(#1473),#1477);
#1473 = LINE('',#1474,#1475);
#1474 = CARTESIAN_POINT('',(0.,0.));
#1475 = VECTOR('',#1476,1.);
#1476 = DIRECTION('',(0.,1.));
#1477 = ( GEOMETRIC_REPRESENTATION_CONTEXT(2) 
PARAMETRIC_REPRESENTATION_CONTEXT() REPRESENTATION_CONTEXT('2D SPACE',''
  ) );
#1478 = PCURVE('',#1054,#1479);
#1479 = DEFINITIONAL_REPRESENTATION('',(#1480),#1484);
#1480 = LINE('',#1481,#1482);
#1481 = CARTESIAN_POINT('',(0.,-23.9));
#1482 = VECTOR('',#1483,1.);
#1483 = DIRECTION('',(1.,0.));
#1484 = ( GEOMETRIC_REPRESENTATION_CONTEXT(2) 
PARAMETRIC_REPRESENTATION_CONTEXT() REPRESENTATION_CONTEXT('2D SPACE',''
  ) );
#1485 = ADVANCED_FACE('',(#1486),#1054,.T.);
#1486 = FACE_BOUND('',#1487,.T.);
#1487 = EDGE_LOOP('',(#1488,#1489,#1490,#1491));
#1488 = ORIENTED_EDGE('',*,*,#1038,.F.);
#1489 = ORIENTED_EDGE('',*,*,#1438,.F.);
#1490 = ORIENTED_EDGE('',*,*,#1309,.T.);
#1491 = ORIENTED_EDGE('',*,*,#1465,.T.);
#1492 = ( GEOMETRIC_REPRESENTATION_CONTEXT(3) 
GLOBAL_UNCERTAINTY_ASSIGNED_CONTEXT((#1496)) 
GLOBAL_UNIT_ASSIGNED_CONTEXT((#1493,#1494,#1495)) REPRESENTATION_CONTEXT
('Context #1','3D Context with UNIT and UNCERTAINTY') );
#1493 = ( LENGTH_UNIT() NAMED_UNIT(*) SI_UNIT(.MILLI.,.METRE.) );
#1494 = ( NAMED_UNIT(*) PLANE_ANGLE_UNIT() SI_UNIT($,.RADIAN.) );
#1495 = ( NAMED_UNIT(*) SI_UNIT($,.STERADIAN.) SOLID_ANGLE_UNIT() );
#1496 = UNCERTAINTY_MEASURE_WITH_UNIT(LENGTH_MEASURE(1.E-07),#1493,
  'distance_accuracy_value','confusion accuracy');
#1497 = CONTEXT_DEPENDENT_SHAPE_REPRESENTATION(#1498,#1500);
#1498 = ( REPRESENTATION_RELATIONSHIP('','',#825,#10) 
REPRESENTATION_RELATIONSHIP_WITH_TRANSFORMATION(#1499) 
SHAPE_REPRESENTATION_RELATIONSHIP() );
#1499 = ITEM_DEFINED_TRANSFORMATION('','',#11,#19);
#1500 = PRODUCT_DEFINITION_SHAPE('Placement','Placement of an item',
  #1501);
#1501 = NEXT_ASSEMBLY_USAGE_OCCURRENCE('93','header_left','',#5,#820,$);
#1502 = PRODUCT_RELATED_PRODUCT_CATEGORY('part',$,(#822));
#1503 = SHAPE_DEFINITION_REPRESENTATION(#1504,#1510);
#1504 = PRODUCT_DEFINITION_SHAPE('','',#1505);
#1505 = PRODUCT_DEFINITION('design','',#1506,#1509);
#1506 = PRODUCT_DEFINITION_FORMATION('','',#1507);
#1507 = PRODUCT('pin_left_1','pin_left_1','',(#1508));
#1508 = PRODUCT_CONTEXT('',#2,'mechanical');
#1509 = PRODUCT_DEFINITION_CONTEXT('part definition',#2,'design');
#1510 = ADVANCED_BREP_SHAPE_REPRESENTATION('',(#11,#1511),#1841);
#1511 = MANIFOLD_SOLID_BREP('',#1512);
#1512 = CLOSED_SHELL('',(#1513,#1633,#1733,#1780,#1827,#1834));
#1513 = ADVANCED_FACE('',(#1514),#1528,.F.);
#1514 = FACE_BOUND('',#1515,.F.);
#1515 = EDGE_LOOP('',(#1516,#1551,#1579,#1607));
#1516 = ORIENTED_EDGE('',*,*,#1517,.F.);
#1517 = EDGE_CURVE('',#1518,#1520,#1522,.T.);
#1518 = VERTEX_POINT('',#1519);
#1519 = CARTESIAN_POINT('',(-9.2,11.12,0.));
#1520 = VERTEX_POINT('',#1521);
#1521 = CARTESIAN_POINT('',(-9.2,11.12,4.5));
#1522 = SURFACE_CURVE('',#1523,(#1527,#1539),.PCURVE_S1.);
#1523 = LINE('',#1524,#1525);
#1524 = CARTESIAN_POINT('',(-9.2,11.12,0.));
#1525 = VECTOR('',#1526,1.);
#1526 = DIRECTION('',(0.,0.,1.));
#1527 = PCURVE('',#1528,#1533);
#1528 = PLANE('',#1529);
#1529 = AXIS2_PLACEMENT_3D('',#1530,#1531,#1532);
#1530 = CARTESIAN_POINT('',(-9.2,11.12,0.));
#1531 = DIRECTION('',(1.,0.,0.));
#1532 = DIRECTION('',(0.,0.,1.));
#1533 = DEFINITIONAL_REPRESENTATION('',(#1534),#1538);
#1534 = LINE('',#1535,#1536);
#1535 = CARTESIAN_POINT('',(0.,0.));
#1536 = VECTOR('',#1537,1.);
#1537 = DIRECTION('',(1.,0.));
#1538 = ( GEOMETRIC_REPRESENTATION_CONTEXT(2) 
PARAMETRIC_REPRESENTATION_CONTEXT() REPRESENTATION_CONTEXT('2D SPACE',''
  ) );
#1539 = PCURVE('',#1540,#1545);
#1540 = PLANE('',#1541);
#1541 = AXIS2_PLACEMENT_3D('',#1542,#1543,#1544);
#1542 = CARTESIAN_POINT('',(-9.2,11.12,0.));
#1543 = DIRECTION('',(0.,1.,0.));
#1544 = DIRECTION('',(0.,0.,1.));
#1545 = DEFINITIONAL_REPRESENTATION('',(#1546),#1550);
#1546 = LINE('',#1547,#1548);
#1547 = CARTESIAN_POINT('',(0.,0.));
#1548 = VECTOR('',#1549,1.);
#1549 = DIRECTION('',(1.,0.));
#1550 = ( GEOMETRIC_REPRESENTATION_CONTEXT(2) 
PARAMETRIC_REPRESENTATION_CONTEXT() REPRESENTATION_CONTEXT('2D SPACE',''
  ) );
#1551 = ORIENTED_EDGE('',*,*,#1552,.T.);
#1552 = EDGE_CURVE('',#1518,#1553,#1555,.T.);
#1553 = VERTEX_POINT('',#1554);
#1554 = CARTESIAN_POINT('',(-9.2,11.74,0.));
#1555 = SURFACE_CURVE('',#1556,(#1560,#1567),.PCURVE_S1.);
#1556 = LINE('',#1557,#1558);
#1557 = CARTESIAN_POINT('',(-9.2,11.12,0.));
#1558 = VECTOR('',#1559,1.);
#1559 = DIRECTION('',(0.,1.,0.));
#1560 = PCURVE('',#1528,#1561);
#1561 = DEFINITIONAL_REPRESENTATION('',(#1562),#1566);
#1562 = LINE('',#1563,#1564);
#1563 = CARTESIAN_POINT('',(0.,0.));
#1564 = VECTOR('',#1565,1.);
#1565 = DIRECTION('',(0.,-1.));
#1566 = ( GEOMETRIC_REPRESENTATION_CONTEXT(2) 
PARAMETRIC_REPRESENTATION_CONTEXT() REPRESENTATION_CONTEXT('2D SPACE',''
  ) );
#1567 = PCURVE('',#1568,#1573);
#1568 = PLANE('',#1569);
#1569 = AXIS2_PLACEMENT_3D('',#1570,#1571,#1572);
#1570 = CARTESIAN_POINT('',(-9.2,11.12,0.));
#1571 = DIRECTION('',(0.,0.,1.));
#1572 = DIRECTION('',(1.,0.,0.));
#1573 = DEFINITIONAL_REPRESENTATION('',(#1574),#1578);
#1574 = LINE('',#1575,#1576);
#1575 = CARTESIAN_POINT('',(0.,0.));
#1576 = VECTOR('',#1577,1.);
#1577 = DIRECTION('',(0.,1.));
#1578 = ( GEOMETRIC_REPRESENTATION_CONTEXT(2) 
PARAMETRIC_REPRESENTATION_CONTEXT() REPRESENTATION_CONTEXT('2D SPACE',''
  ) );
#1579 = ORIENTED_EDGE('',*,*,#1580,.T.);
#1580 = EDGE_CURVE('',#1553,#1581,#1583,.T.);
#1581 = VERTEX_POINT('',#1582);
#1582 = CARTESIAN_POINT('',(-9.2,11.74,4.5));
#1583 = SURFACE_CURVE('',#1584,(#1588,#1595),.PCURVE_S1.);
#1584 = LINE('',#1585,#1586);
#1585 = CARTESIAN_POINT('',(-9.2,11.74,0.));
#1586 = VECTOR('',#1587,1.);
#1587 = DIRECTION('',(0.,0.,1.));
#1588 = PCURVE('',#1528,#1589);
#1589 = DEFINITIONAL_REPRESENTATION('',(#1590),#1594);
#1590 = LINE('',#1591,#1592);
#1591 = CARTESIAN_POINT('',(0.,-0.62));
#1592 = VECTOR('',#1593,1.);
#1593 = DIRECTION('',(1.,0.));
#1594 = ( GEOMETRIC_REPRESENTATION_CONTEXT(2) 
PARAMETRIC_REPRESENTATION_CONTEXT() REPRESENTATION_CONTEXT('2D SPACE',''
  ) );
#1595 = PCURVE('',#1596,#1601);
#1596 = PLANE('',#1597);
#1597 = AXIS2_PLACEMENT_3D('',#1598,#1599,#1600);
#1598 = CARTESIAN_POINT('',(-9.2,11.74,0.));
#1599 = DIRECTION('',(0.,1.,0.));
#1600 = DIRECTION('',(0.,0.,1.));
#1601 = DEFINITIONAL_REPRESENTATION('',(#1602),#1606);
#1602 = LINE('',#1603,#1604);
#1603 = CARTESIAN_POINT('',(0.,0.));
#1604 = VECTOR('',#1605,1.);
#1605 = DIRECTION('',(1.,0.));
#1606 = ( GEOMETRIC_REPRESENTATION_CONTEXT(2) 
PARAMETRIC_REPRESENTATION_CONTEXT() REPRESENTATION_CONTEXT('2D SPACE',''
  ) );
#1607 = ORIENTED_EDGE('',*,*,#1608,.F.);
#1608 = EDGE_CURVE('',#1520,#1581,#1609,.T.);
#1609 = SURFACE_CURVE('',#1610,(#1614,#1621),.PCURVE_S1.);
#1610 = LINE('',#1611,#1612);
#1611 = CARTESIAN_POINT('',(-9.2,11.12,4.5));
#1612 = VECTOR('',#1613,1.);
#1613 = DIRECTION('',(0.,1.,0.));
#1614 = PCURVE('',#1528,#1615);
#1615 = DEFINITIONAL_REPRESENTATION('',(#1616),#1620);
#1616 = LINE('',#1617,#1618);
#1617 = CARTESIAN_POINT('',(4.5,0.));
#1618 = VECTOR('',#1619,1.);
#1619 = DIRECTION('',(0.,-1.));
#1620 = ( GEOMETRIC_REPRESENTATION_CONTEXT(2) 
PARAMETRIC_REPRESENTATION_CONTEXT() REPRESENTATION_CONTEXT('2D SPACE',''
  ) );
#1621 = PCURVE('',#1622,#1627);
#1622 = PLANE('',#1623);
#1623 = AXIS2_PLACEMENT_3D('',#1624,#1625,#1626);
#1624 = CARTESIAN_POINT('',(-9.2,11.12,4.5));
#1625 = DIRECTION('',(0.,0.,1.));
#1626 = DIRECTION('',(1.,0.,0.));
#1627 = DEFINITIONAL_REPRESENTATION('',(#1628),#1632);
#1628 = LINE('',#1629,#1630);
#1629 = CARTESIAN_POINT('',(0.,0.));
#1630 = VECTOR('',#1631,1.);
#1631 = DIRECTION('',(0.,1.));
#1632 = ( GEOMETRIC_REPRESENTATION_CONTEXT(2) 
PARAMETRIC_REPRESENTATION_CONTEXT() REPRESENTATION_CONTEXT('2D SPACE',''
  ) );
#1633 = ADVANCED_FACE('',(#1634),#1648,.T.);
#1634 = FACE_BOUND('',#1635,.T.);
#1635 = EDGE_LOOP('',(#1636,#1666,#1689,#1712));
#1636 = ORIENTED_EDGE('',*,*,#1637,.F.);
#1637 = EDGE_CURVE('',#1638,#1640,#1642,.T.);
#1638 = VERTEX_POINT('',#1639);
#1639 = CARTESIAN_POINT('',(-8.58,11.12,0.));
#1640 = VERTEX_POINT('',#1641);
#1641 = CARTESIAN_POINT('',(-8.58,11.12,4.5));
#1642 = SURFACE_CURVE('',#1643,(#1647,#1659),.PCURVE_S1.);
#1643 = LINE('',#1644,#1645);
#1644 = CARTESIAN_POINT('',(-8.58,11.12,0.));
#1645 = VECTOR('',#1646,1.);
#1646 = DIRECTION('',(0.,0.,1.));
#1647 = PCURVE('',#1648,#1653);
#1648 = PLANE('',#1649);
#1649 = AXIS2_PLACEMENT_3D('',#1650,#1651,#1652);
#1650 = CARTESIAN_POINT('',(-8.58,11.12,0.));
#1651 = DIRECTION('',(1.,0.,0.));
#1652 = DIRECTION('',(0.,0.,1.));
#1653 = DEFINITIONAL_REPRESENTATION('',(#1654),#1658);
#1654 = LINE('',#1655,#1656);
#1655 = CARTESIAN_POINT('',(0.,0.));
#1656 = VECTOR('',#1657,1.);
#1657 = DIRECTION('',(1.,0.));
#1658 = ( GEOMETRIC_REPRESENTATION_CONTEXT(2) 
PARAMETRIC_REPRESENTATION_CONTEXT() REPRESENTATION_CONTEXT('2D SPACE',''
  ) );
#1659 = PCURVE('',#1540,#1660);
#1660 = DEFINITIONAL_REPRESENTATION('',(#1661),#1665);
#1661 = LINE('',#1662,#1663);
#1662 = CARTESIAN_POINT('',(0.,0.62));
#1663 = VECTOR('',#1664,1.);
#1664 = DIRECTION('',(1.,0.));
#1665 = ( GEOMETRIC_REPRESENTATION_CONTEXT(2) 
PARAMETRIC_REPRESENTATION_CONTEXT() REPRESENTATION_CONTEXT('2D SPACE',''
  ) );
#1666 = ORIENTED_EDGE('',*,*,#1667,.T.);
#1667 = EDGE_CURVE('',#1638,#1668,#1670,.T.);
#1668 = VERTEX_POINT('',#1669);
#1669 = CARTESIAN_POINT('',(-8.58,11.74,0.));
#1670 = SURFACE_CURVE('',#1671,(#1675,#1682),.PCURVE_S1.);
#1671 = LINE('',#1672,#1673);
#1672 = CARTESIAN_POINT('',(-8.58,11.12,0.));
#1673 = VECTOR('',#1674,1.);
#1674 = DIRECTION('',(0.,1.,0.));
#1675 = PCURVE('',#1648,#1676);
#1676 = DEFINITIONAL_REPRESENTATION('',(#1677),#1681);
#1677 = LINE('',#1678,#1679);
#1678 = CARTESIAN_POINT('',(0.,0.));
#1679 = VECTOR('',#1680,1.);
#1680 = DIRECTION('',(0.,-1.));
#1681 = ( GEOMETRIC_REPRESENTATION_CONTEXT(2) 
PARAMETRIC_REPRESENTATION_CONTEXT() REPRESENTATION_CONTEXT('2D SPACE',''
  ) );
#1682 = PCURVE('',#1568,#1683);
#1683 = DEFINITIONAL_REPRESENTATION('',(#1684),#1688);
#1684 = LINE('',#1685,#1686);
#1685 = CARTESIAN_POINT('',(0.62,0.));
#1686 = VECTOR('',#1687,1.);
#1687 = DIRECTION('',(0.,1.));
#1688 = ( GEOMETRIC_REPRESENTATION_CONTEXT(2) 
PARAMETRIC_REPRESENTATION_CONTEXT() REPRESENTATION_CONTEXT('2D SPACE',''
  ) );
#1689 = ORIENTED_EDGE('',*,*,#1690,.T.);
#1690 = EDGE_CURVE('',#1668,#1691,#1693,.T.);
#1691 = VERTEX_POINT('',#1692);
#1692 = CARTESIAN_POINT('',(-8.58,11.74,4.5));
#1693 = SURFACE_CURVE('',#1694,(#1698,#1705),.PCURVE_S1.);
#1694 = LINE('',#1695,#1696);
#1695 = CARTESIAN_POINT('',(-8.58,11.74,0.));
#1696 = VECTOR('',#1697,1.);
#1697 = DIRECTION('',(0.,0.,1.));
#1698 = PCURVE('',#1648,#1699);
#1699 = DEFINITIONAL_REPRESENTATION('',(#1700),#1704);
#1700 = LINE('',#1701,#1702);
#1701 = CARTESIAN_POINT('',(0.,-0.62));
#1702 = VECTOR('',#1703,1.);
#1703 = DIRECTION('',(1.,0.));
#1704 = ( GEOMETRIC_REPRESENTATION_CONTEXT(2) 
PARAMETRIC_REPRESENTATION_CONTEXT() REPRESENTATION_CONTEXT('2D SPACE',''
  ) );
#1705 = PCURVE('',#1596,#1706);
#1706 = DEFINITIONAL_REPRESENTATION('',(#1707),#1711);
#1707 = LINE('',#1708,#1709);
#1708 = CARTESIAN_POINT('',(0.,0.62));
#1709 = VECTOR('',#1710,1.);
#1710 = DIRECTION('',(1.,0.));
#1711 = ( GEOMETRIC_REPRESENTATION_CONTEXT(2) 
PARAMETRIC_REPRESENTATION_CONTEXT() REPRESENTATION_CONTEXT('2D SPACE',''
  ) );
#1712 = ORIENTED_EDGE('',*,*,#1713,.F.);
#1713 = EDGE_CURVE('',#1640,#1691,#1714,.T.);
#1714 = SURFACE_CURVE('',#1715,(#1719,#1726),.PCURVE_S1.);
#1715 = LINE('',#1716,#1717);
#1716 = CARTESIAN_POINT('',(-8.58,11.12,4.5));
#1717 = VECTOR('',#1718,1.);
#1718 = DIRECTION('',(0.,1.,0.));
#1719 = PCURVE('',#1648,#1720);
#1720 = DEFINITIONAL_REPRESENTATION('',(#1721),#1725);
#1721 = LINE('',#1722,#1723);
#1722 = CARTESIAN_POINT('',(4.5,0.));
#1723 = VECTOR('',#1724,1.);
#1724 = DIRECTION('',(0.,-1.));
#1725 = ( GEOMETRIC_REPRESENTATION_CONTEXT(2) 
PARAMETRIC_REPRESENTATION_CONTEXT() REPRESENTATION_CONTEXT('2D SPACE',''
  ) );
#1726 = PCURVE('',#1622,#1727);
#1727 = DEFINITIONAL_REPRESENTATION('',(#1728),#1732);
#1728 = LINE('',#1729,#1730);
#1729 = CARTESIAN_POINT('',(0.62,0.));
#1730 = VECTOR('',#1731,1.);
#1731 = DIRECTION('',(0.,1.));
#1732 = ( GEOMETRIC_REPRESENTATION_CONTEXT(2) 
PARAMETRIC_REPRESENTATION_CONTEXT() REPRESENTATION_CONTEXT('2D SPACE',''
  ) );
#1733 = ADVANCED_FACE('',(#1734),#1540,.F.);
#1734 = FACE_BOUND('',#1735,.F.);
#1735 = EDGE_LOOP('',(#1736,#1757,#1758,#1779));
#1736 = ORIENTED_EDGE('',*,*,#1737,.F.);
#1737 = EDGE_CURVE('',#1518,#1638,#1738,.T.);
#1738 = SURFACE_CURVE('',#1739,(#1743,#1750),.PCURVE_S1.);
#1739 = LINE('',#1740,#1741);
#1740 = CARTESIAN_POINT('',(-9.2,11.12,0.));
#1741 = VECTOR('',#1742,1.);
#1742 = DIRECTION('',(1.,0.,0.));
#1743 = PCURVE('',#1540,#1744);
#1744 = DEFINITIONAL_REPRESENTATION('',(#1745),#1749);
#1745 = LINE('',#1746,#1747);
#1746 = CARTESIAN_POINT('',(0.,0.));
#1747 = VECTOR('',#1748,1.);
#1748 = DIRECTION('',(0.,1.));
#1749 = ( GEOMETRIC_REPRESENTATION_CONTEXT(2) 
PARAMETRIC_REPRESENTATION_CONTEXT() REPRESENTATION_CONTEXT('2D SPACE',''
  ) );
#1750 = PCURVE('',#1568,#1751);
#1751 = DEFINITIONAL_REPRESENTATION('',(#1752),#1756);
#1752 = LINE('',#1753,#1754);
#1753 = CARTESIAN_POINT('',(0.,0.));
#1754 = VECTOR('',#1755,1.);
#1755 = DIRECTION('',(1.,0.));
#1756 = ( GEOMETRIC_REPRESENTATION_CONTEXT(2) 
PARAMETRIC_REPRESENTATION_CONTEXT() REPRESENTATION_CONTEXT('2D SPACE',''
  ) );
#1757 = ORIENTED_EDGE('',*,*,#1517,.T.);
#1758 = ORIENTED_EDGE('',*,*,#1759,.T.);
#1759 = EDGE_CURVE('',#1520,#1640,#1760,.T.);
#1760 = SURFACE_CURVE('',#1761,(#1765,#1772),.PCURVE_S1.);
#1761 = LINE('',#1762,#1763);
#1762 = CARTESIAN_POINT('',(-9.2,11.12,4.5));
#1763 = VECTOR('',#1764,1.);
#1764 = DIRECTION('',(1.,0.,0.));
#1765 = PCURVE('',#1540,#1766);
#1766 = DEFINITIONAL_REPRESENTATION('',(#1767),#1771);
#1767 = LINE('',#1768,#1769);
#1768 = CARTESIAN_POINT('',(4.5,0.));
#1769 = VECTOR('',#1770,1.);
#1770 = DIRECTION('',(0.,1.));
#1771 = ( GEOMETRIC_REPRESENTATION_CONTEXT(2) 
PARAMETRIC_REPRESENTATION_CONTEXT() REPRESENTATION_CONTEXT('2D SPACE',''
  ) );
#1772 = PCURVE('',#1622,#1773);
#1773 = DEFINITIONAL_REPRESENTATION('',(#1774),#1778);
#1774 = LINE('',#1775,#1776);
#1775 = CARTESIAN_POINT('',(0.,0.));
#1776 = VECTOR('',#1777,1.);
#1777 = DIRECTION('',(1.,0.));
#1778 = ( GEOMETRIC_REPRESENTATION_CONTEXT(2) 
PARAMETRIC_REPRESENTATION_CONTEXT() REPRESENTATION_CONTEXT('2D SPACE',''
  ) );
#1779 = ORIENTED_EDGE('',*,*,#1637,.F.);
#1780 = ADVANCED_FACE('',(#1781),#1596,.T.);
#1781 = FACE_BOUND('',#1782,.T.);
#1782 = EDGE_LOOP('',(#1783,#1804,#1805,#1826));
#1783 = ORIENTED_EDGE('',*,*,#1784,.F.);
#1784 = EDGE_CURVE('',#1553,#1668,#1785,.T.);
#1785 = SURFACE_CURVE('',#1786,(#1790,#1797),.PCURVE_S1.);
#1786 = LINE('',#1787,#1788);
#1787 = CARTESIAN_POINT('',(-9.2,11.74,0.));
#1788 = VECTOR('',#1789,1.);
#1789 = DIRECTION('',(1.,0.,0.));
#1790 = PCURVE('',#1596,#1791);
#1791 = DEFINITIONAL_REPRESENTATION('',(#1792),#1796);
#1792 = LINE('',#1793,#1794);
#1793 = CARTESIAN_POINT('',(0.,0.));
#1794 = VECTOR('',#1795,1.);
#1795 = DIRECTION('',(0.,1.));
#1796 = ( GEOMETRIC_REPRESENTATION_CONTEXT(2) 
PARAMETRIC_REPRESENTATION_CONTEXT() REPRESENTATION_CONTEXT('2D SPACE',''
  ) );
#1797 = PCURVE('',#1568,#1798);
#1798 = DEFINITIONAL_REPRESENTATION('',(#1799),#1803);
#1799 = LINE('',#1800,#1801);
#1800 = CARTESIAN_POINT('',(0.,0.62));
#1801 = VECTOR('',#1802,1.);
#1802 = DIRECTION('',(1.,0.));
#1803 = ( GEOMETRIC_REPRESENTATION_CONTEXT(2) 
PARAMETRIC_REPRESENTATION_CONTEXT() REPRESENTATION_CONTEXT('2D SPACE',''
  ) );
#1804 = ORIENTED_EDGE('',*,*,#1580,.T.);
#1805 = ORIENTED_EDGE('',*,*,#1806,.T.);
#1806 = EDGE_CURVE('',#1581,#1691,#1807,.T.);
#1807 = SURFACE_CURVE('',#1808,(#1812,#1819),.PCURVE_S1.);
#1808 = LINE('',#1809,#1810);
#1809 = CARTESIAN_POINT('',(-9.2,11.74,4.5));
#1810 = VECTOR('',#1811,1.);
#1811 = DIRECTION('',(1.,0.,0.));
#1812 = PCURVE('',#1596,#1813);
#1813 = DEFINITIONAL_REPRESENTATION('',(#1814),#1818);
#1814 = LINE('',#1815,#1816);
#1815 = CARTESIAN_POINT('',(4.5,0.));
#1816 = VECTOR('',#1817,1.);
#1817 = DIRECTION('',(0.,1.));
#1818 = ( GEOMETRIC_REPRESENTATION_CONTEXT(2) 
PARAMETRIC_REPRESENTATION_CONTEXT() REPRESENTATION_CONTEXT('2D SPACE',''
  ) );
#1819 = PCURVE('',#1622,#1820);
#1820 = DEFINITIONAL_REPRESENTATION('',(#1821),#1825);
#1821 = LINE('',#1822,#1823);
#1822 = CARTESIAN_POINT('',(0.,0.62));
#1823 = VECTOR('',#1824,1.);
#1824 = DIRECTION('',(1.,0.));
#1825 = ( GEOMETRIC_REPRESENTATION_CONTEXT(2) 
PARAMETRIC_REPRESENTATION_CONTEXT() REPRESENTATION_CONTEXT('2D SPACE',''
  ) );
#1826 = ORIENTED_EDGE('',*,*,#1690,.F.);
#1827 = ADVANCED_FACE('',(#1828),#1568,.F.);
#1828 = FACE_BOUND('',#1829,.F.);
#1829 = EDGE_LOOP('',(#1830,#1831,#1832,#1833));
#1830 = ORIENTED_EDGE('',*,*,#1552,.F.);
#1831 = ORIENTED_EDGE('',*,*,#1737,.T.);
#1832 = ORIENTED_EDGE('',*,*,#1667,.T.);
#1833 = ORIENTED_EDGE('',*,*,#1784,.F.);
#1834 = ADVANCED_FACE('',(#1835),#1622,.T.);
#1835 = FACE_BOUND('',#1836,.T.);
#1836 = EDGE_LOOP('',(#1837,#1838,#1839,#1840));
#1837 = ORIENTED_EDGE('',*,*,#1608,.F.);
#1838 = ORIENTED_EDGE('',*,*,#1759,.T.);
#1839 = ORIENTED_EDGE('',*,*,#1713,.T.);
#1840 = ORIENTED_EDGE('',*,*,#1806,.F.);
#1841 = ( GEOMETRIC_REPRESENTATION_CONTEXT(3) 
GLOBAL_UNCERTAINTY_ASSIGNED_CONTEXT((#1845)) 
GLOBAL_UNIT_ASSIGNED_CONTEXT((#1842,#1843,#1844)) REPRESENTATION_CONTEXT
('Context #1','3D Context with UNIT and UNCERTAINTY') );
#1842 = ( LENGTH_UNIT() NAMED_UNIT(*) SI_UNIT(.MILLI.,.METRE.) );
#1843 = ( NAMED_UNIT(*) PLANE_ANGLE_UNIT() SI_UNIT($,.RADIAN.) );
#1844 = ( NAMED_UNIT(*) SI_UNIT($,.STERADIAN.) SOLID_ANGLE_UNIT() );
#1845 = UNCERTAINTY_MEASURE_WITH_UNIT(LENGTH_MEASURE(1.E-07),#1842,
  'distance_accuracy_value','confusion accuracy');
#1846 = CONTEXT_DEPENDENT_SHAPE_REPRESENTATION(#1847,#1849);
#1847 = ( REPRESENTATION_RELATIONSHIP('','',#1510,#10) 
REPRESENTATION_RELATIONSHIP_WITH_TRANSFORMATION(#1848) 
SHAPE_REPRESENTATION_RELATIONSHIP() );
#1848 = ITEM_DEFINED_TRANSFORMATION('','',#11,#23);
#1849 = PRODUCT_DEFINITION_SHAPE('Placement','Placement of an item',
  #1850);
#1850 = NEXT_ASSEMBLY_USAGE_OCCURRENCE('94','pin_left_1','',#5,#1505,$);
#1851 = PRODUCT_RELATED_PRODUCT_CATEGORY('part',$,(#1507));
#1852 = SHAPE_DEFINITION_REPRESENTATION(#1853,#1859);
#1853 = PRODUCT_DEFINITION_SHAPE('','',#1854);
#1854 = PRODUCT_DEFINITION('design','',#1855,#1858);
#1855 = PRODUCT_DEFINITION_FORMATION('','',#1856);
#1856 = PRODUCT('pin_left_2','pin_left_2','',(#1857));
#1857 = PRODUCT_CONTEXT('',#2,'mechanical');
#1858 = PRODUCT_DEFINITION_CONTEXT('part definition',#2,'design');
#1859 = ADVANCED_BREP_SHAPE_REPRESENTATION('',(#11,#1860),#2190);
#1860 = MANIFOLD_SOLID_BREP('',#1861);
#1861 = CLOSED_SHELL('',(#1862,#1982,#2082,#2129,#2176,#2183));
#1862 = ADVANCED_FACE('',(#1863),#1877,.F.);
#1863 = FACE_BOUND('',#1864,.F.);
#1864 = EDGE_LOOP('',(#1865,#1900,#1928,#1956));
#1865 = ORIENTED_EDGE('',*,*,#1866,.F.);
#1866 = EDGE_CURVE('',#1867,#1869,#1871,.T.);
#1867 = VERTEX_POINT('',#1868);
#1868 = CARTESIAN_POINT('',(-9.2,8.58,0.));
#1869 = VERTEX_POINT('',#1870);
#1870 = CARTESIAN_POINT('',(-9.2,8.58,4.5));
#1871 = SURFACE_CURVE('',#1872,(#1876,#1888),.PCURVE_S1.);
#1872 = LINE('',#1873,#1874);
#1873 = CARTESIAN_POINT('',(-9.2,8.58,0.));
#1874 = VECTOR('',#1875,1.);
#1875 = DIRECTION('',(0.,0.,1.));
#1876 = PCURVE('',#1877,#1882);
#1877 = PLANE('',#1878);
#1878 = AXIS2_PLACEMENT_3D('',#1879,#1880,#1881);
#1879 = CARTESIAN_POINT('',(-9.2,8.58,0.));
#1880 = DIRECTION('',(1.,0.,0.));
#1881 = DIRECTION('',(0.,0.,1.));
#1882 = DEFINITIONAL_REPRESENTATION('',(#1883),#1887);
#1883 = LINE('',#1884,#1885);
#1884 = CARTESIAN_POINT('',(0.,0.));
#1885 = VECTOR('',#1886,1.);
#1886 = DIRECTION('',(1.,0.));
#1887 = ( GEOMETRIC_REPRESENTATION_CONTEXT(2) 
PARAMETRIC_REPRESENTATION_CONTEXT() REPRESENTATION_CONTEXT('2D SPACE',''
  ) );
#1888 = PCURVE('',#1889,#1894);
#1889 = PLANE('',#1890);
#1890 = AXIS2_PLACEMENT_3D('',#1891,#1892,#1893);
#1891 = CARTESIAN_POINT('',(-9.2,8.58,0.));
#1892 = DIRECTION('',(0.,1.,0.));
#1893 = DIRECTION('',(0.,0.,1.));
#1894 = DEFINITIONAL_REPRESENTATION('',(#1895),#1899);
#1895 = LINE('',#1896,#1897);
#1896 = CARTESIAN_POINT('',(0.,0.));
#1897 = VECTOR('',#1898,1.);
#1898 = DIRECTION('',(1.,0.));
#1899 = ( GEOMETRIC_REPRESENTATION_CONTEXT(2) 
PARAMETRIC_REPRESENTATION_CONTEXT() REPRESENTATION_CONTEXT('2D SPACE',''
  ) );
#1900 = ORIENTED_EDGE('',*,*,#1901,.T.);
#1901 = EDGE_CURVE('',#1867,#1902,#1904,.T.);
#1902 = VERTEX_POINT('',#1903);
#1903 = CARTESIAN_POINT('',(-9.2,9.2,0.));
#1904 = SURFACE_CURVE('',#1905,(#1909,#1916),.PCURVE_S1.);
#1905 = LINE('',#1906,#1907);
#1906 = CARTESIAN_POINT('',(-9.2,8.58,0.));
#1907 = VECTOR('',#1908,1.);
#1908 = DIRECTION('',(0.,1.,0.));
#1909 = PCURVE('',#1877,#1910);
#1910 = DEFINITIONAL_REPRESENTATION('',(#1911),#1915);
#1911 = LINE('',#1912,#1913);
#1912 = CARTESIAN_POINT('',(0.,0.));
#1913 = VECTOR('',#1914,1.);
#1914 = DIRECTION('',(0.,-1.));
#1915 = ( GEOMETRIC_REPRESENTATION_CONTEXT(2) 
PARAMETRIC_REPRESENTATION_CONTEXT() REPRESENTATION_CONTEXT('2D SPACE',''
  ) );
#1916 = PCURVE('',#1917,#1922);
#1917 = PLANE('',#1918);
#1918 = AXIS2_PLACEMENT_3D('',#1919,#1920,#1921);
#1919 = CARTESIAN_POINT('',(-9.2,8.58,0.));
#1920 = DIRECTION('',(0.,0.,1.));
#1921 = DIRECTION('',(1.,0.,0.));
#1922 = DEFINITIONAL_REPRESENTATION('',(#1923),#1927);
#1923 = LINE('',#1924,#1925);
#1924 = CARTESIAN_POINT('',(0.,0.));
#1925 = VECTOR('',#1926,1.);
#1926 = DIRECTION('',(0.,1.));
#1927 = ( GEOMETRIC_REPRESENTATION_CONTEXT(2) 
PARAMETRIC_REPRESENTATION_CONTEXT() REPRESENTATION_CONTEXT('2D SPACE',''
  ) );
#1928 = ORIENTED_EDGE('',*,*,#1929,.T.);
#1929 = EDGE_CURVE('',#1902,#1930,#1932,.T.);
#1930 = VERTEX_POINT('',#1931);
#1931 = CARTESIAN_POINT('',(-9.2,9.2,4.5));
#1932 = SURFACE_CURVE('',#1933,(#1937,#1944),.PCURVE_S1.);
#1933 = LINE('',#1934,#1935);
#1934 = CARTESIAN_POINT('',(-9.2,9.2,0.));
#1935 = VECTOR('',#1936,1.);
#1936 = DIRECTION('',(0.,0.,1.));
#1937 = PCURVE('',#1877,#1938);
#1938 = DEFINITIONAL_REPRESENTATION('',(#1939),#1943);
#1939 = LINE('',#1940,#1941);
#1940 = CARTESIAN_POINT('',(0.,-0.62));
#1941 = VECTOR('',#1942,1.);
#1942 = DIRECTION('',(1.,0.));
#1943 = ( GEOMETRIC_REPRESENTATION_CONTEXT(2) 
PARAMETRIC_REPRESENTATION_CONTEXT() REPRESENTATION_CONTEXT('2D SPACE',''
  ) );
#1944 = PCURVE('',#1945,#1950);
#1945 = PLANE('',#1946);
#1946 = AXIS2_PLACEMENT_3D('',#1947,#1948,#1949);
#1947 = CARTESIAN_POINT('',(-9.2,9.2,0.));
#1948 = DIRECTION('',(0.,1.,0.));
#1949 = DIRECTION('',(0.,0.,1.));
#1950 = DEFINITIONAL_REPRESENTATION('',(#1951),#1955);
#1951 = LINE('',#1952,#1953);
#1952 = CARTESIAN_POINT('',(0.,0.));
#1953 = VECTOR('',#1954,1.);
#1954 = DIRECTION('',(1.,0.));
#1955 = ( GEOMETRIC_REPRESENTATION_CONTEXT(2) 
PARAMETRIC_REPRESENTATION_CONTEXT() REPRESENTATION_CONTEXT('2D SPACE',''
  ) );
#1956 = ORIENTED_EDGE('',*,*,#1957,.F.);
#1957 = EDGE_CURVE('',#1869,#1930,#1958,.T.);
#1958 = SURFACE_CURVE('',#1959,(#1963,#1970),.PCURVE_S1.);
#1959 = LINE('',#1960,#1961);
#1960 = CARTESIAN_POINT('',(-9.2,8.58,4.5));
#1961 = VECTOR('',#1962,1.);
#1962 = DIRECTION('',(0.,1.,0.));
#1963 = PCURVE('',#1877,#1964);
#1964 = DEFINITIONAL_REPRESENTATION('',(#1965),#1969);
#1965 = LINE('',#1966,#1967);
#1966 = CARTESIAN_POINT('',(4.5,0.));
#1967 = VECTOR('',#1968,1.);
#1968 = DIRECTION('',(0.,-1.));
#1969 = ( GEOMETRIC_REPRESENTATION_CONTEXT(2) 
PARAMETRIC_REPRESENTATION_CONTEXT() REPRESENTATION_CONTEXT('2D SPACE',''
  ) );
#1970 = PCURVE('',#1971,#1976);
#1971 = PLANE('',#1972);
#1972 = AXIS2_PLACEMENT_3D('',#1973,#1974,#1975);
#1973 = CARTESIAN_POINT('',(-9.2,8.58,4.5));
#1974 = DIRECTION('',(0.,0.,1.));
#1975 = DIRECTION('',(1.,0.,0.));
#1976 = DEFINITIONAL_REPRESENTATION('',(#1977),#1981);
#1977 = LINE('',#1978,#1979);
#1978 = CARTESIAN_POINT('',(0.,0.));
#1979 = VECTOR('',#1980,1.);
#1980 = DIRECTION('',(0.,1.));
#1981 = ( GEOMETRIC_REPRESENTATION_CONTEXT(2) 
PARAMETRIC_REPRESENTATION_CONTEXT() REPRESENTATION_CONTEXT('2D SPACE',''
  ) );
#1982 = ADVANCED_FACE('',(#1983),#1997,.T.);
#1983 = FACE_BOUND('',#1984,.T.);
#1984 = EDGE_LOOP('',(#1985,#2015,#2038,#2061));
#1985 = ORIENTED_EDGE('',*,*,#1986,.F.);
#1986 = EDGE_CURVE('',#1987,#1989,#1991,.T.);
#1987 = VERTEX_POINT('',#1988);
#1988 = CARTESIAN_POINT('',(-8.58,8.58,0.));
#1989 = VERTEX_POINT('',#1990);
#1990 = CARTESIAN_POINT('',(-8.58,8.58,4.5));
#1991 = SURFACE_CURVE('',#1992,(#1996,#2008),.PCURVE_S1.);
#1992 = LINE('',#1993,#1994);
#1993 = CARTESIAN_POINT('',(-8.58,8.58,0.));
#1994 = VECTOR('',#1995,1.);
#1995 = DIRECTION('',(0.,0.,1.));
#1996 = PCURVE('',#1997,#2002);
#1997 = PLANE('',#1998);
#1998 = AXIS2_PLACEMENT_3D('',#1999,#2000,#2001);
#1999 = CARTESIAN_POINT('',(-8.58,8.58,0.));
#2000 = DIRECTION('',(1.,0.,0.));
#2001 = DIRECTION('',(0.,0.,1.));
#2002 = DEFINITIONAL_REPRESENTATION('',(#2003),#2007);
#2003 = LINE('',#2004,#2005);
#2004 = CARTESIAN_POINT('',(0.,0.));
#2005 = VECTOR('',#2006,1.);
#2006 = DIRECTION('',(1.,0.));
#2007 = ( GEOMETRIC_REPRESENTATION_CONTEXT(2) 
PARAMETRIC_REPRESENTATION_CONTEXT() REPRESENTATION_CONTEXT('2D SPACE',''
  ) );
#2008 = PCURVE('',#1889,#2009);
#2009 = DEFINITIONAL_REPRESENTATION('',(#2010),#2014);
#2010 = LINE('',#2011,#2012);
#2011 = CARTESIAN_POINT('',(0.,0.62));
#2012 = VECTOR('',#2013,1.);
#2013 = DIRECTION('',(1.,0.));
#2014 = ( GEOMETRIC_REPRESENTATION_CONTEXT(2) 
PARAMETRIC_REPRESENTATION_CONTEXT() REPRESENTATION_CONTEXT('2D SPACE',''
  ) );
#2015 = ORIENTED_EDGE('',*,*,#2016,.T.);
#2016 = EDGE_CURVE('',#1987,#2017,#2019,.T.);
#2017 = VERTEX_POINT('',#2018);
#2018 = CARTESIAN_POINT('',(-8.58,9.2,0.));
#2019 = SURFACE_CURVE('',#2020,(#2024,#2031),.PCURVE_S1.);
#2020 = LINE('',#2021,#2022);
#2021 = CARTESIAN_POINT('',(-8.58,8.58,0.));
#2022 = VECTOR('',#2023,1.);
#2023 = DIRECTION('',(0.,1.,0.));
#2024 = PCURVE('',#1997,#2025);
#2025 = DEFINITIONAL_REPRESENTATION('',(#2026),#2030);
#2026 = LINE('',#2027,#2028);
#2027 = CARTESIAN_POINT('',(0.,0.));
#2028 = VECTOR('',#2029,1.);
#2029 = DIRECTION('',(0.,-1.));
#2030 = ( GEOMETRIC_REPRESENTATION_CONTEXT(2) 
PARAMETRIC_REPRESENTATION_CONTEXT() REPRESENTATION_CONTEXT('2D SPACE',''
  ) );
#2031 = PCURVE('',#1917,#2032);
#2032 = DEFINITIONAL_REPRESENTATION('',(#2033),#2037);
#2033 = LINE('',#2034,#2035);
#2034 = CARTESIAN_POINT('',(0.62,0.));
#2035 = VECTOR('',#2036,1.);
#2036 = DIRECTION('',(0.,1.));
#2037 = ( GEOMETRIC_REPRESENTATION_CONTEXT(2) 
PARAMETRIC_REPRESENTATION_CONTEXT() REPRESENTATION_CONTEXT('2D SPACE',''
  ) );
#2038 = ORIENTED_EDGE('',*,*,#2039,.T.);
#2039 = EDGE_CURVE('',#2017,#2040,#2042,.T.);
#2040 = VERTEX_POINT('',#2041);
#2041 = CARTESIAN_POINT('',(-8.58,9.2,4.5));
#2042 = SURFACE_CURVE('',#2043,(#2047,#2054),.PCURVE_S1.);
#2043 = LINE('',#2044,#2045);
#2044 = CARTESIAN_POINT('',(-8.58,9.2,0.));
#2045 = VECTOR('',#2046,1.);
#2046 = DIRECTION('',(0.,0.,1.));
#2047 = PCURVE('',#1997,#2048);
#2048 = DEFINITIONAL_REPRESENTATION('',(#2049),#2053);
#2049 = LINE('',#2050,#2051);
#2050 = CARTESIAN_POINT('',(0.,-0.62));
#2051 = VECTOR('',#2052,1.);
#2052 = DIRECTION('',(1.,0.));
#2053 = ( GEOMETRIC_REPRESENTATION_CONTEXT(2) 
PARAMETRIC_REPRESENTATION_CONTEXT() REPRESENTATION_CONTEXT('2D SPACE',''
  ) );
#2054 = PCURVE('',#1945,#2055);
#2055 = DEFINITIONAL_REPRESENTATION('',(#2056),#2060);
#2056 = LINE('',#2057,#2058);
#2057 = CARTESIAN_POINT('',(0.,0.62));
#2058 = VECTOR('',#2059,1.);
#2059 = DIRECTION('',(1.,0.));
#2060 = ( GEOMETRIC_REPRESENTATION_CONTEXT(2) 
PARAMETRIC_REPRESENTATION_CONTEXT() REPRESENTATION_CONTEXT('2D SPACE',''
  ) );
#2061 = ORIENTED_EDGE('',*,*,#2062,.F.);
#2062 = EDGE_CURVE('',#1989,#2040,#2063,.T.);
#2063 = SURFACE_CURVE('',#2064,(#2068,#2075),.PCURVE_S1.);
#2064 = LINE('',#2065,#2066);
#2065 = CARTESIAN_POINT('',(-8.58,8.58,4.5));
#2066 = VECTOR('',#2067,1.);
#2067 = DIRECTION('',(0.,1.,0.));
#2068 = PCURVE('',#1997,#2069);
#2069 = DEFINITIONAL_REPRESENTATION('',(#2070),#2074);
#2070 = LINE('',#2071,#2072);
#2071 = CARTESIAN_POINT('',(4.5,0.));
#2072 = VECTOR('',#2073,1.);
#2073 = DIRECTION('',(0.,-1.));
#2074 = ( GEOMETRIC_REPRESENTATION_CONTEXT(2) 
PARAMETRIC_REPRESENTATION_CONTEXT() REPRESENTATION_CONTEXT('2D SPACE',''
  ) );
#2075 = PCURVE('',#1971,#2076);
#2076 = DEFINITIONAL_REPRESENTATION('',(#2077),#2081);
#2077 = LINE('',#2078,#2079);
#2078 = CARTESIAN_POINT('',(0.62,0.));
#2079 = VECTOR('',#2080,1.);
#2080 = DIRECTION('',(0.,1.));
#2081 = ( GEOMETRIC_REPRESENTATION_CONTEXT(2) 
PARAMETRIC_REPRESENTATION_CONTEXT() REPRESENTATION_CONTEXT('2D SPACE',''
  ) );
#2082 = ADVANCED_FACE('',(#2083),#1889,.F.);
#2083 = FACE_BOUND('',#2084,.F.);
#2084 = EDGE_LOOP('',(#2085,#2106,#2107,#2128));
#2085 = ORIENTED_EDGE('',*,*,#2086,.F.);
#2086 = EDGE_CURVE('',#1867,#1987,#2087,.T.);
#2087 = SURFACE_CURVE('',#2088,(#2092,#2099),.PCURVE_S1.);
#2088 = LINE('',#2089,#2090);
#2089 = CARTESIAN_POINT('',(-9.2,8.58,0.));
#2090 = VECTOR('',#2091,1.);
#2091 = DIRECTION('',(1.,0.,0.));
#2092 = PCURVE('',#1889,#2093);
#2093 = DEFINITIONAL_REPRESENTATION('',(#2094),#2098);
#2094 = LINE('',#2095,#2096);
#2095 = CARTESIAN_POINT('',(0.,0.));
#2096 = VECTOR('',#2097,1.);
#2097 = DIRECTION('',(0.,1.));
#2098 = ( GEOMETRIC_REPRESENTATION_CONTEXT(2) 
PARAMETRIC_REPRESENTATION_CONTEXT() REPRESENTATION_CONTEXT('2D SPACE',''
  ) );
#2099 = PCURVE('',#1917,#2100);
#2100 = DEFINITIONAL_REPRESENTATION('',(#2101),#2105);
#2101 = LINE('',#2102,#2103);
#2102 = CARTESIAN_POINT('',(0.,0.));
#2103 = VECTOR('',#2104,1.);
#2104 = DIRECTION('',(1.,0.));
#2105 = ( GEOMETRIC_REPRESENTATION_CONTEXT(2) 
PARAMETRIC_REPRESENTATION_CONTEXT() REPRESENTATION_CONTEXT('2D SPACE',''
  ) );
#2106 = ORIENTED_EDGE('',*,*,#1866,.T.);
#2107 = ORIENTED_EDGE('',*,*,#2108,.T.);
#2108 = EDGE_CURVE('',#1869,#1989,#2109,.T.);
#2109 = SURFACE_CURVE('',#2110,(#2114,#2121),.PCURVE_S1.);
#2110 = LINE('',#2111,#2112);
#2111 = CARTESIAN_POINT('',(-9.2,8.58,4.5));
#2112 = VECTOR('',#2113,1.);
#2113 = DIRECTION('',(1.,0.,0.));
#2114 = PCURVE('',#1889,#2115);
#2115 = DEFINITIONAL_REPRESENTATION('',(#2116),#2120);
#2116 = LINE('',#2117,#2118);
#2117 = CARTESIAN_POINT('',(4.5,0.));
#2118 = VECTOR('',#2119,1.);
#2119 = DIRECTION('',(0.,1.));
#2120 = ( GEOMETRIC_REPRESENTATION_CONTEXT(2) 
PARAMETRIC_REPRESENTATION_CONTEXT() REPRESENTATION_CONTEXT('2D SPACE',''
  ) );
#2121 = PCURVE('',#1971,#2122);
#2122 = DEFINITIONAL_REPRESENTATION('',(#2123),#2127);
#2123 = LINE('',#2124,#2125);
#2124 = CARTESIAN_POINT('',(0.,0.));
#2125 = VECTOR('',#2126,1.);
#2126 = DIRECTION('',(1.,0.));
#2127 = ( GEOMETRIC_REPRESENTATION_CONTEXT(2) 
PARAMETRIC_REPRESENTATION_CONTEXT() REPRESENTATION_CONTEXT('2D SPACE',''
  ) );
#2128 = ORIENTED_EDGE('',*,*,#1986,.F.);
#2129 = ADVANCED_FACE('',(#2130),#1945,.T.);
#2130 = FACE_BOUND('',#2131,.T.);
#2131 = EDGE_LOOP('',(#2132,#2153,#2154,#2175));
#2132 = ORIENTED_EDGE('',*,*,#2133,.F.);
#2133 = EDGE_CURVE('',#1902,#2017,#2134,.T.);
#2134 = SURFACE_CURVE('',#2135,(#2139,#2146),.PCURVE_S1.);
#2135 = LINE('',#2136,#2137);
#2136 = CARTESIAN_POINT('',(-9.2,9.2,0.));
#2137 = VECTOR('',#2138,1.);
#2138 = DIRECTION('',(1.,0.,0.));
#2139 = PCURVE('',#1945,#2140);
#2140 = DEFINITIONAL_REPRESENTATION('',(#2141),#2145);
#2141 = LINE('',#2142,#2143);
#2142 = CARTESIAN_POINT('',(0.,0.));
#2143 = VECTOR('',#2144,1.);
#2144 = DIRECTION('',(0.,1.));
#2145 = ( GEOMETRIC_REPRESENTATION_CONTEXT(2) 
PARAMETRIC_REPRESENTATION_CONTEXT() REPRESENTATION_CONTEXT('2D SPACE',''
  ) );
#2146 = PCURVE('',#1917,#2147);
#2147 = DEFINITIONAL_REPRESENTATION('',(#2148),#2152);
#2148 = LINE('',#2149,#2150);
#2149 = CARTESIAN_POINT('',(0.,0.62));
#2150 = VECTOR('',#2151,1.);
#2151 = DIRECTION('',(1.,0.));
#2152 = ( GEOMETRIC_REPRESENTATION_CONTEXT(2) 
PARAMETRIC_REPRESENTATION_CONTEXT() REPRESENTATION_CONTEXT('2D SPACE',''
  ) );
#2153 = ORIENTED_EDGE('',*,*,#1929,.T.);
#2154 = ORIENTED_EDGE('',*,*,#2155,.T.);
#2155 = EDGE_CURVE('',#1930,#2040,#2156,.T.);
#2156 = SURFACE_CURVE('',#2157,(#2161,#2168),.PCURVE_S1.);
#2157 = LINE('',#2158,#2159);
#2158 = CARTESIAN_POINT('',(-9.2,9.2,4.5));
#2159 = VECTOR('',#2160,1.);
#2160 = DIRECTION('',(1.,0.,0.));
#2161 = PCURVE('',#1945,#2162);
#2162 = DEFINITIONAL_REPRESENTATION('',(#2163),#2167);
#2163 = LINE('',#2164,#2165);
#2164 = CARTESIAN_POINT('',(4.5,0.));
#2165 = VECTOR('',#2166,1.);
#2166 = DIRECTION('',(0.,1.));
#2167 = ( GEOMETRIC_REPRESENTATION_CONTEXT(2) 
PARAMETRIC_REPRESENTATION_CONTEXT() REPRESENTATION_CONTEXT('2D SPACE',''
  ) );
#2168 = PCURVE('',#1971,#2169);
#2169 = DEFINITIONAL_REPRESENTATION('',(#2170),#2174);
#2170 = LINE('',#2171,#2172);
#2171 = CARTESIAN_POINT('',(0.,0.62));
#2172 = VECTOR('',#2173,1.);
#2173 = DIRECTION('',(1.,0.));
#2174 = ( GEOMETRIC_REPRESENTATION_CONTEXT(2) 
PARAMETRIC_REPRESENTATION_CONTEXT() REPRESENTATION_CONTEXT('2D SPACE',''
  ) );
#2175 = ORIENTED_EDGE('',*,*,#2039,.F.);
#2176 = ADVANCED_FACE('',(#2177),#1917,.F.);
#2177 = FACE_BOUND('',#2178,.F.);
#2178 = EDGE_LOOP('',(#2179,#2180,#2181,#2182));
#2179 = ORIENTED_EDGE('',*,*,#1901,.F.);
#2180 = ORIENTED_EDGE('',*,*,#2086,.T.);
#2181 = ORIENTED_EDGE('',*,*,#2016,.T.);
#2182 = ORIENTED_EDGE('',*,*,#2133,.F.);
#2183 = ADVANCED_FACE('',(#2184),#1971,.T.);
#2184 = FACE_BOUND('',#2185,.T.);
#2185 = EDGE_LOOP('',(#2186,#2187,#2188,#2189));
#2186 = ORIENTED_EDGE('',*,*,#1957,.F.);
#2187 = ORIENTED_EDGE('',*,*,#2108,.T.);
#2188 = ORIENTED_EDGE('',*,*,#2062,.T.);
#2189 = ORIENTED_EDGE('',*,*,#2155,.F.);
#2190 = ( GEOMETRIC_REPRESENTATION_CONTEXT(3) 
GLOBAL_UNCERTAINTY_ASSIGNED_CONTEXT((#2194)) 
GLOBAL_UNIT_ASSIGNED_CONTEXT((#2191,#2192,#2193)) REPRESENTATION_CONTEXT
('Context #1','3D Context with UNIT and UNCERTAINTY') );
#2191 = ( LENGTH_UNIT() NAMED_UNIT(*) SI_UNIT(.MILLI.,.METRE.) );
#2192 = ( NAMED_UNIT(*) PLANE_ANGLE_UNIT() SI_UNIT($,.RADIAN.) );
#2193 = ( NAMED_UNIT(*) SI_UNIT($,.STERADIAN.) SOLID_ANGLE_UNIT() );
#2194 = UNCERTAINTY_MEASURE_WITH_UNIT(LENGTH_MEASURE(1.E-07),#2191,
  'distance_accuracy_value','confusion accuracy');
#2195 = CONTEXT_DEPENDENT_SHAPE_REPRESENTATION(#2196,#2198);
#2196 = ( REPRESENTATION_RELATIONSHIP('','',#1859,#10) 
REPRESENTATION_RELATIONSHIP_WITH_TRANSFORMATION(#2197) 
SHAPE_REPRESENTATION_RELATIONSHIP() );
#2197 = ITEM_DEFINED_TRANSFORMATION('','',#11,#27);
#2198 = PRODUCT_DEFINITION_SHAPE('Placement','Placement of an item',
  #2199);
#2199 = NEXT_ASSEMBLY_USAGE_OCCURRENCE('95','pin_left_2','',#5,#1854,$);
#2200 = PRODUCT_RELATED_PRODUCT_CATEGORY('part',$,(#1856));
#2201 = SHAPE_DEFINITION_REPRESENTATION(#2202,#2208);
#2202 = PRODUCT_DEFINITION_SHAPE('','',#2203);
#2203 = PRODUCT_DEFINITION('design','',#2204,#2207);
#2204 = PRODUCT_DEFINITION_FORMATION('','',#2205);
#2205 = PRODUCT('pin_left_3','pin_left_3','',(#2206));
#2206 = PRODUCT_CONTEXT('',#2,'mechanical');
#2207 = PRODUCT_DEFINITION_CONTEXT('part definition',#2,'design');
#2208 = ADVANCED_BREP_SHAPE_REPRESENTATION('',(#11,#2209),#2539);
#2209 = MANIFOLD_SOLID_BREP('',#2210);
#2210 = CLOSED_SHELL('',(#2211,#2331,#2431,#2478,#2525,#2532));
#2211 = ADVANCED_FACE('',(#2212),#2226,.F.);
#2212 = FACE_BOUND('',#2213,.F.);
#2213 = EDGE_LOOP('',(#2214,#2249,#2277,#2305));
#2214 = ORIENTED_EDGE('',*,*,#2215,.F.);
#2215 = EDGE_CURVE('',#2216,#2218,#2220,.T.);
#2216 = VERTEX_POINT('',#2217);
#2217 = CARTESIAN_POINT('',(-9.2,6.04,0.));
#2218 = VERTEX_POINT('',#2219);
#2219 = CARTESIAN_POINT('',(-9.2,6.04,4.5));
#2220 = SURFACE_CURVE('',#2221,(#2225,#2237),.PCURVE_S1.);
#2221 = LINE('',#2222,#2223);
#2222 = CARTESIAN_POINT('',(-9.2,6.04,0.));
#2223 = VECTOR('',#2224,1.);
#2224 = DIRECTION('',(0.,0.,1.));
#2225 = PCURVE('',#2226,#2231);
#2226 = PLANE('',#2227);
#2227 = AXIS2_PLACEMENT_3D('',#2228,#2229,#2230);
#2228 = CARTESIAN_POINT('',(-9.2,6.04,0.));
#2229 = DIRECTION('',(1.,0.,0.));
#2230 = DIRECTION('',(0.,0.,1.));
#2231 = DEFINITIONAL_REPRESENTATION('',(#2232),#2236);
#2232 = LINE('',#2233,#2234);
#2233 = CARTESIAN_POINT('',(0.,0.));
#2234 = VECTOR('',#2235,1.);
#2235 = DIRECTION('',(1.,0.));
#2236 = ( GEOMETRIC_REPRESENTATION_CONTEXT(2) 
PARAMETRIC_REPRESENTATION_CONTEXT() REPRESENTATION_CONTEXT('2D SPACE',''
  ) );
#2237 = PCURVE('',#2238,#2243);
#2238 = PLANE('',#2239);
#2239 = AXIS2_PLACEMENT_3D('',#2240,#2241,#2242);
#2240 = CARTESIAN_POINT('',(-9.2,6.04,0.));
#2241 = DIRECTION('',(0.,1.,0.));
#2242 = DIRECTION('',(0.,0.,1.));
#2243 = DEFINITIONAL_REPRESENTATION('',(#2244),#2248);
#2244 = LINE('',#2245,#2246);
#2245 = CARTESIAN_POINT('',(0.,0.));
#2246 = VECTOR('',#2247,1.);
#2247 = DIRECTION('',(1.,0.));
#2248 = ( GEOMETRIC_REPRESENTATION_CONTEXT(2) 
PARAMETRIC_REPRESENTATION_CONTEXT() REPRESENTATION_CONTEXT('2D SPACE',''
  ) );
#2249 = ORIENTED_EDGE('',*,*,#2250,.T.);
#2250 = EDGE_CURVE('',#2216,#2251,#2253,.T.);
#2251 = VERTEX_POINT('',#2252);
#2252 = CARTESIAN_POINT('',(-9.2,6.66,0.));
#2253 = SURFACE_CURVE('',#2254,(#2258,#2265),.PCURVE_S1.);
#2254 = LINE('',#2255,#2256);
#2255 = CARTESIAN_POINT('',(-9.2,6.04,0.));
#2256 = VECTOR('',#2257,1.);
#2257 = DIRECTION('',(0.,1.,0.));
#2258 = PCURVE('',#2226,#2259);
#2259 = DEFINITIONAL_REPRESENTATION('',(#2260),#2264);
#2260 = LINE('',#2261,#2262);
#2261 = CARTESIAN_POINT('',(0.,0.));
#2262 = VECTOR('',#2263,1.);
#2263 = DIRECTION('',(0.,-1.));
#2264 = ( GEOMETRIC_REPRESENTATION_CONTEXT(2) 
PARAMETRIC_REPRESENTATION_CONTEXT() REPRESENTATION_CONTEXT('2D SPACE',''
  ) );
#2265 = PCURVE('',#2266,#2271);
#2266 = PLANE('',#2267);
#2267 = AXIS2_PLACEMENT_3D('',#2268,#2269,#2270);
#2268 = CARTESIAN_POINT('',(-9.2,6.04,0.));
#2269 = DIRECTION('',(0.,0.,1.));
#2270 = DIRECTION('',(1.,0.,0.));
#2271 = DEFINITIONAL_REPRESENTATION('',(#2272),#2276);
#2272 = LINE('',#2273,#2274);
#2273 = CARTESIAN_POINT('',(0.,0.));
#2274 = VECTOR('',#2275,1.);
#2275 = DIRECTION('',(0.,1.));
#2276 = ( GEOMETRIC_REPRESENTATION_CONTEXT(2) 
PARAMETRIC_REPRESENTATION_CONTEXT() REPRESENTATION_CONTEXT('2D SPACE',''
  ) );
#2277 = ORIENTED_EDGE('',*,*,#2278,.T.);
#2278 = EDGE_CURVE('',#2251,#2279,#2281,.T.);
#2279 = VERTEX_POINT('',#2280);
#2280 = CARTESIAN_POINT('',(-9.2,6.66,4.5));
#2281 = SURFACE_CURVE('',#2282,(#2286,#2293),.PCURVE_S1.);
#2282 = LINE('',#2283,#2284);
#2283 = CARTESIAN_POINT('',(-9.2,6.66,0.));
#2284 = VECTOR('',#2285,1.);
#2285 = DIRECTION('',(0.,0.,1.));
#2286 = PCURVE('',#2226,#2287);
#2287 = DEFINITIONAL_REPRESENTATION('',(#2288),#2292);
#2288 = LINE('',#2289,#2290);
#2289 = CARTESIAN_POINT('',(0.,-0.62));
#2290 = VECTOR('',#2291,1.);
#2291 = DIRECTION('',(1.,0.));
#2292 = ( GEOMETRIC_REPRESENTATION_CONTEXT(2) 
PARAMETRIC_REPRESENTATION_CONTEXT() REPRESENTATION_CONTEXT('2D SPACE',''
  ) );
#2293 = PCURVE('',#2294,#2299);
#2294 = PLANE('',#2295);
#2295 = AXIS2_PLACEMENT_3D('',#2296,#2297,#2298);
#2296 = CARTESIAN_POINT('',(-9.2,6.66,0.));
#2297 = DIRECTION('',(0.,1.,0.));
#2298 = DIRECTION('',(0.,0.,1.));
#2299 = DEFINITIONAL_REPRESENTATION('',(#2300),#2304);
#2300 = LINE('',#2301,#2302);
#2301 = CARTESIAN_POINT('',(0.,0.));
#2302 = VECTOR('',#2303,1.);
#2303 = DIRECTION('',(1.,0.));
#2304 = ( GEOMETRIC_REPRESENTATION_CONTEXT(2) 
PARAMETRIC_REPRESENTATION_CONTEXT() REPRESENTATION_CONTEXT('2D SPACE',''
  ) );
#2305 = ORIENTED_EDGE('',*,*,#2306,.F.);
#2306 = EDGE_CURVE('',#2218,#2279,#2307,.T.);
#2307 = SURFACE_CURVE('',#2308,(#2312,#2319),.PCURVE_S1.);
#2308 = LINE('',#2309,#2310);
#2309 = CARTESIAN_POINT('',(-9.2,6.04,4.5));
#2310 = VECTOR('',#2311,1.);
#2311 = DIRECTION('',(0.,1.,0.));
#2312 = PCURVE('',#2226,#2313);
#2313 = DEFINITIONAL_REPRESENTATION('',(#2314),#2318);
#2314 = LINE('',#2315,#2316);
#2315 = CARTESIAN_POINT('',(4.5,0.));
#2316 = VECTOR('',#2317,1.);
#2317 = DIRECTION('',(0.,-1.));
#2318 = ( GEOMETRIC_REPRESENTATION_CONTEXT(2) 
PARAMETRIC_REPRESENTATION_CONTEXT() REPRESENTATION_CONTEXT('2D SPACE',''
  ) );
#2319 = PCURVE('',#2320,#2325);
#2320 = PLANE('',#2321);
#2321 = AXIS2_PLACEMENT_3D('',#2322,#2323,#2324);
#2322 = CARTESIAN_POINT('',(-9.2,6.04,4.5));
#2323 = DIRECTION('',(0.,0.,1.));
#2324 = DIRECTION('',(1.,0.,0.));
#2325 = DEFINITIONAL_REPRESENTATION('',(#2326),#2330);
#2326 = LINE('',#2327,#2328);
#2327 = CARTESIAN_POINT('',(0.,0.));
#2328 = VECTOR('',#2329,1.);
#2329 = DIRECTION('',(0.,1.));
#2330 = ( GEOMETRIC_REPRESENTATION_CONTEXT(2) 
PARAMETRIC_REPRESENTATION_CONTEXT() REPRESENTATION_CONTEXT('2D SPACE',''
  ) );
#2331 = ADVANCED_FACE('',(#2332),#2346,.T.);
#2332 = FACE_BOUND('',#2333,.T.);
#2333 = EDGE_LOOP('',(#2334,#2364,#2387,#2410));
#2334 = ORIENTED_EDGE('',*,*,#2335,.F.);
#2335 = EDGE_CURVE('',#2336,#2338,#2340,.T.);
#2336 = VERTEX_POINT('',#2337);
#2337 = CARTESIAN_POINT('',(-8.58,6.04,0.));
#2338 = VERTEX_POINT('',#2339);
#2339 = CARTESIAN_POINT('',(-8.58,6.04,4.5));
#2340 = SURFACE_CURVE('',#2341,(#2345,#2357),.PCURVE_S1.);
#2341 = LINE('',#2342,#2343);
#2342 = CARTESIAN_POINT('',(-8.58,6.04,0.));
#2343 = VECTOR('',#2344,1.);
#2344 = DIRECTION('',(0.,0.,1.));
#2345 = PCURVE('',#2346,#2351);
#2346 = PLANE('',#2347);
#2347 = AXIS2_PLACEMENT_3D('',#2348,#2349,#2350);
#2348 = CARTESIAN_POINT('',(-8.58,6.04,0.));
#2349 = DIRECTION('',(1.,0.,0.));
#2350 = DIRECTION('',(0.,0.,1.));
#2351 = DEFINITIONAL_REPRESENTATION('',(#2352),#2356);
#2352 = LINE('',#2353,#2354);
#2353 = CARTESIAN_POINT('',(0.,0.));
#2354 = VECTOR('',#2355,1.);
#2355 = DIRECTION('',(1.,0.));
#2356 = ( GEOMETRIC_REPRESENTATION_CONTEXT(2) 
PARAMETRIC_REPRESENTATION_CONTEXT() REPRESENTATION_CONTEXT('2D SPACE',''
  ) );
#2357 = PCURVE('',#2238,#2358);
#2358 = DEFINITIONAL_REPRESENTATION('',(#2359),#2363);
#2359 = LINE('',#2360,#2361);
#2360 = CARTESIAN_POINT('',(0.,0.62));
#2361 = VECTOR('',#2362,1.);
#2362 = DIRECTION('',(1.,0.));
#2363 = ( GEOMETRIC_REPRESENTATION_CONTEXT(2) 
PARAMETRIC_REPRESENTATION_CONTEXT() REPRESENTATION_CONTEXT('2D SPACE',''
  ) );
#2364 = ORIENTED_EDGE('',*,*,#2365,.T.);
#2365 = EDGE_CURVE('',#2336,#2366,#2368,.T.);
#2366 = VERTEX_POINT('',#2367);
#2367 = CARTESIAN_POINT('',(-8.58,6.66,0.));
#2368 = SURFACE_CURVE('',#2369,(#2373,#2380),.PCURVE_S1.);
#2369 = LINE('',#2370,#2371);
#2370 = CARTESIAN_POINT('',(-8.58,6.04,0.));
#2371 = VECTOR('',#2372,1.);
#2372 = DIRECTION('',(0.,1.,0.));
#2373 = PCURVE('',#2346,#2374);
#2374 = DEFINITIONAL_REPRESENTATION('',(#2375),#2379);
#2375 = LINE('',#2376,#2377);
#2376 = CARTESIAN_POINT('',(0.,0.));
#2377 = VECTOR('',#2378,1.);
#2378 = DIRECTION('',(0.,-1.));
#2379 = ( GEOMETRIC_REPRESENTATION_CONTEXT(2) 
PARAMETRIC_REPRESENTATION_CONTEXT() REPRESENTATION_CONTEXT('2D SPACE',''
  ) );
#2380 = PCURVE('',#2266,#2381);
#2381 = DEFINITIONAL_REPRESENTATION('',(#2382),#2386);
#2382 = LINE('',#2383,#2384);
#2383 = CARTESIAN_POINT('',(0.62,0.));
#2384 = VECTOR('',#2385,1.);
#2385 = DIRECTION('',(0.,1.));
#2386 = ( GEOMETRIC_REPRESENTATION_CONTEXT(2) 
PARAMETRIC_REPRESENTATION_CONTEXT() REPRESENTATION_CONTEXT('2D SPACE',''
  ) );
#2387 = ORIENTED_EDGE('',*,*,#2388,.T.);
#2388 = EDGE_CURVE('',#2366,#2389,#2391,.T.);
#2389 = VERTEX_POINT('',#2390);
#2390 = CARTESIAN_POINT('',(-8.58,6.66,4.5));
#2391 = SURFACE_CURVE('',#2392,(#2396,#2403),.PCURVE_S1.);
#2392 = LINE('',#2393,#2394);
#2393 = CARTESIAN_POINT('',(-8.58,6.66,0.));
#2394 = VECTOR('',#2395,1.);
#2395 = DIRECTION('',(0.,0.,1.));
#2396 = PCURVE('',#2346,#2397);
#2397 = DEFINITIONAL_REPRESENTATION('',(#2398),#2402);
#2398 = LINE('',#2399,#2400);
#2399 = CARTESIAN_POINT('',(0.,-0.62));
#2400 = VECTOR('',#2401,1.);
#2401 = DIRECTION('',(1.,0.));
#2402 = ( GEOMETRIC_REPRESENTATION_CONTEXT(2) 
PARAMETRIC_REPRESENTATION_CONTEXT() REPRESENTATION_CONTEXT('2D SPACE',''
  ) );
#2403 = PCURVE('',#2294,#2404);
#2404 = DEFINITIONAL_REPRESENTATION('',(#2405),#2409);
#2405 = LINE('',#2406,#2407);
#2406 = CARTESIAN_POINT('',(0.,0.62));
#2407 = VECTOR('',#2408,1.);
#2408 = DIRECTION('',(1.,0.));
#2409 = ( GEOMETRIC_REPRESENTATION_CONTEXT(2) 
PARAMETRIC_REPRESENTATION_CONTEXT() REPRESENTATION_CONTEXT('2D SPACE',''
  ) );
#2410 = ORIENTED_EDGE('',*,*,#2411,.F.);
#2411 = EDGE_CURVE('',#2338,#2389,#2412,.T.);
#2412 = SURFACE_CURVE('',#2413,(#2417,#2424),.PCURVE_S1.);
#2413 = LINE('',#2414,#2415);
#2414 = CARTESIAN_POINT('',(-8.58,6.04,4.5));
#2415 = VECTOR('',#2416,1.);
#2416 = DIRECTION('',(0.,1.,0.));
#2417 = PCURVE('',#2346,#2418);
#2418 = DEFINITIONAL_REPRESENTATION('',(#2419),#2423);
#2419 = LINE('',#2420,#2421);
#2420 = CARTESIAN_POINT('',(4.5,0.));
#2421 = VECTOR('',#2422,1.);
#2422 = DIRECTION('',(0.,-1.));
#2423 = ( GEOMETRIC_REPRESENTATION_CONTEXT(2) 
PARAMETRIC_REPRESENTATION_CONTEXT() REPRESENTATION_CONTEXT('2D SPACE',''
  ) );
#2424 = PCURVE('',#2320,#2425);
#2425 = DEFINITIONAL_REPRESENTATION('',(#2426),#2430);
#2426 = LINE('',#2427,#2428);
#2427 = CARTESIAN_POINT('',(0.62,0.));
#2428 = VECTOR('',#2429,1.);
#2429 = DIRECTION('',(0.,1.));
#2430 = ( GEOMETRIC_REPRESENTATION_CONTEXT(2) 
PARAMETRIC_REPRESENTATION_CONTEXT() REPRESENTATION_CONTEXT('2D SPACE',''
  ) );
#2431 = ADVANCED_FACE('',(#2432),#2238,.F.);
#2432 = FACE_BOUND('',#2433,.F.);
#2433 = EDGE_LOOP('',(#2434,#2455,#2456,#2477));
#2434 = ORIENTED_EDGE('',*,*,#2435,.F.);
#2435 = EDGE_CURVE('',#2216,#2336,#2436,.T.);
#2436 = SURFACE_CURVE('',#2437,(#2441,#2448),.PCURVE_S1.);
#2437 = LINE('',#2438,#2439);
#2438 = CARTESIAN_POINT('',(-9.2,6.04,0.));
#2439 = VECTOR('',#2440,1.);
#2440 = DIRECTION('',(1.,0.,0.));
#2441 = PCURVE('',#2238,#2442);
#2442 = DEFINITIONAL_REPRESENTATION('',(#2443),#2447);
#2443 = LINE('',#2444,#2445);
#2444 = CARTESIAN_POINT('',(0.,0.));
#2445 = VECTOR('',#2446,1.);
#2446 = DIRECTION('',(0.,1.));
#2447 = ( GEOMETRIC_REPRESENTATION_CONTEXT(2) 
PARAMETRIC_REPRESENTATION_CONTEXT() REPRESENTATION_CONTEXT('2D SPACE',''
  ) );
#2448 = PCURVE('',#2266,#2449);
#2449 = DEFINITIONAL_REPRESENTATION('',(#2450),#2454);
#2450 = LINE('',#2451,#2452);
#2451 = CARTESIAN_POINT('',(0.,0.));
#2452 = VECTOR('',#2453,1.);
#2453 = DIRECTION('',(1.,0.));
#2454 = ( GEOMETRIC_REPRESENTATION_CONTEXT(2) 
PARAMETRIC_REPRESENTATION_CONTEXT() REPRESENTATION_CONTEXT('2D SPACE',''
  ) );
#2455 = ORIENTED_EDGE('',*,*,#2215,.T.);
#2456 = ORIENTED_EDGE('',*,*,#2457,.T.);
#2457 = EDGE_CURVE('',#2218,#2338,#2458,.T.);
#2458 = SURFACE_CURVE('',#2459,(#2463,#2470),.PCURVE_S1.);
#2459 = LINE('',#2460,#2461);
#2460 = CARTESIAN_POINT('',(-9.2,6.04,4.5));
#2461 = VECTOR('',#2462,1.);
#2462 = DIRECTION('',(1.,0.,0.));
#2463 = PCURVE('',#2238,#2464);
#2464 = DEFINITIONAL_REPRESENTATION('',(#2465),#2469);
#2465 = LINE('',#2466,#2467);
#2466 = CARTESIAN_POINT('',(4.5,0.));
#2467 = VECTOR('',#2468,1.);
#2468 = DIRECTION('',(0.,1.));
#2469 = ( GEOMETRIC_REPRESENTATION_CONTEXT(2) 
PARAMETRIC_REPRESENTATION_CONTEXT() REPRESENTATION_CONTEXT('2D SPACE',''
  ) );
#2470 = PCURVE('',#2320,#2471);
#2471 = DEFINITIONAL_REPRESENTATION('',(#2472),#2476);
#2472 = LINE('',#2473,#2474);
#2473 = CARTESIAN_POINT('',(0.,0.));
#2474 = VECTOR('',#2475,1.);
#2475 = DIRECTION('',(1.,0.));
#2476 = ( GEOMETRIC_REPRESENTATION_CONTEXT(2) 
PARAMETRIC_REPRESENTATION_CONTEXT() REPRESENTATION_CONTEXT('2D SPACE',''
  ) );
#2477 = ORIENTED_EDGE('',*,*,#2335,.F.);
#2478 = ADVANCED_FACE('',(#2479),#2294,.T.);
#2479 = FACE_BOUND('',#2480,.T.);
#2480 = EDGE_LOOP('',(#2481,#2502,#2503,#2524));
#2481 = ORIENTED_EDGE('',*,*,#2482,.F.);
#2482 = EDGE_CURVE('',#2251,#2366,#2483,.T.);
#2483 = SURFACE_CURVE('',#2484,(#2488,#2495),.PCURVE_S1.);
#2484 = LINE('',#2485,#2486);
#2485 = CARTESIAN_POINT('',(-9.2,6.66,0.));
#2486 = VECTOR('',#2487,1.);
#2487 = DIRECTION('',(1.,0.,0.));
#2488 = PCURVE('',#2294,#2489);
#2489 = DEFINITIONAL_REPRESENTATION('',(#2490),#2494);
#2490 = LINE('',#2491,#2492);
#2491 = CARTESIAN_POINT('',(0.,0.));
#2492 = VECTOR('',#2493,1.);
#2493 = DIRECTION('',(0.,1.));
#2494 = ( GEOMETRIC_REPRESENTATION_CONTEXT(2) 
PARAMETRIC_REPRESENTATION_CONTEXT() REPRESENTATION_CONTEXT('2D SPACE',''
  ) );
#2495 = PCURVE('',#2266,#2496);
#2496 = DEFINITIONAL_REPRESENTATION('',(#2497),#2501);
#2497 = LINE('',#2498,#2499);
#2498 = CARTESIAN_POINT('',(0.,0.62));
#2499 = VECTOR('',#2500,1.);
#2500 = DIRECTION('',(1.,0.));
#2501 = ( GEOMETRIC_REPRESENTATION_CONTEXT(2) 
PARAMETRIC_REPRESENTATION_CONTEXT() REPRESENTATION_CONTEXT('2D SPACE',''
  ) );
#2502 = ORIENTED_EDGE('',*,*,#2278,.T.);
#2503 = ORIENTED_EDGE('',*,*,#2504,.T.);
#2504 = EDGE_CURVE('',#2279,#2389,#2505,.T.);
#2505 = SURFACE_CURVE('',#2506,(#2510,#2517),.PCURVE_S1.);
#2506 = LINE('',#2507,#2508);
#2507 = CARTESIAN_POINT('',(-9.2,6.66,4.5));
#2508 = VECTOR('',#2509,1.);
#2509 = DIRECTION('',(1.,0.,0.));
#2510 = PCURVE('',#2294,#2511);
#2511 = DEFINITIONAL_REPRESENTATION('',(#2512),#2516);
#2512 = LINE('',#2513,#2514);
#2513 = CARTESIAN_POINT('',(4.5,0.));
#2514 = VECTOR('',#2515,1.);
#2515 = DIRECTION('',(0.,1.));
#2516 = ( GEOMETRIC_REPRESENTATION_CONTEXT(2) 
PARAMETRIC_REPRESENTATION_CONTEXT() REPRESENTATION_CONTEXT('2D SPACE',''
  ) );
#2517 = PCURVE('',#2320,#2518);
#2518 = DEFINITIONAL_REPRESENTATION('',(#2519),#2523);
#2519 = LINE('',#2520,#2521);
#2520 = CARTESIAN_POINT('',(0.,0.62));
#2521 = VECTOR('',#2522,1.);
#2522 = DIRECTION('',(1.,0.));
#2523 = ( GEOMETRIC_REPRESENTATION_CONTEXT(2) 
PARAMETRIC_REPRESENTATION_CONTEXT() REPRESENTATION_CONTEXT('2D SPACE',''
  ) );
#2524 = ORIENTED_EDGE('',*,*,#2388,.F.);
#2525 = ADVANCED_FACE('',(#2526),#2266,.F.);
#2526 = FACE_BOUND('',#2527,.F.);
#2527 = EDGE_LOOP('',(#2528,#2529,#2530,#2531));
#2528 = ORIENTED_EDGE('',*,*,#2250,.F.);
#2529 = ORIENTED_EDGE('',*,*,#2435,.T.);
#2530 = ORIENTED_EDGE('',*,*,#2365,.T.);
#2531 = ORIENTED_EDGE('',*,*,#2482,.F.);
#2532 = ADVANCED_FACE('',(#2533),#2320,.T.);
#2533 = FACE_BOUND('',#2534,.T.);
#2534 = EDGE_LOOP('',(#2535,#2536,#2537,#2538));
#2535 = ORIENTED_EDGE('',*,*,#2306,.F.);
#2536 = ORIENTED_EDGE('',*,*,#2457,.T.);
#2537 = ORIENTED_EDGE('',*,*,#2411,.T.);
#2538 = ORIENTED_EDGE('',*,*,#2504,.F.);
#2539 = ( GEOMETRIC_REPRESENTATION_CONTEXT(3) 
GLOBAL_UNCERTAINTY_ASSIGNED_CONTEXT((#2543)) 
GLOBAL_UNIT_ASSIGNED_CONTEXT((#2540,#2541,#2542)) REPRESENTATION_CONTEXT
('Context #1','3D Context with UNIT and UNCERTAINTY') );
#2540 = ( LENGTH_UNIT() NAMED_UNIT(*) SI_UNIT(.MILLI.,.METRE.) );
#2541 = ( NAMED_UNIT(*) PLANE_ANGLE_UNIT() SI_UNIT($,.RADIAN.) );
#2542 = ( NAMED_UNIT(*) SI_UNIT($,.STERADIAN.) SOLID_ANGLE_UNIT() );
#2543 = UNCERTAINTY_MEASURE_WITH_UNIT(LENGTH_MEASURE(1.E-07),#2540,
  'distance_accuracy_value','confusion accuracy');
#2544 = CONTEXT_DEPENDENT_SHAPE_REPRESENTATION(#2545,#2547);
#2545 = ( REPRESENTATION_RELATIONSHIP('','',#2208,#10) 
REPRESENTATION_RELATIONSHIP_WITH_TRANSFORMATION(#2546) 
SHAPE_REPRESENTATION_RELATIONSHIP() );
#2546 = ITEM_DEFINED_TRANSFORMATION('','',#11,#31);
#2547 = PRODUCT_DEFINITION_SHAPE('Placement','Placement of an item',
  #2548);
#2548 = NEXT_ASSEMBLY_USAGE_OCCURRENCE('96','pin_left_3','',#5,#2203,$);
#2549 = PRODUCT_RELATED_PRODUCT_CATEGORY('part',$,(#2205));
#2550 = SHAPE_DEFINITION_REPRESENTATION(#2551,#2557);
#2551 = PRODUCT_DEFINITION_SHAPE('','',#2552);
#2552 = PRODUCT_DEFINITION('design','',#2553,#2556);
#2553 = PRODUCT_DEFINITION_FORMATION('','',#2554);
#2554 = PRODUCT('pin_left_4','pin_left_4','',(#2555));
#2555 = PRODUCT_CONTEXT('',#2,'mechanical');
#2556 = PRODUCT_DEFINITION_CONTEXT('part definition',#2,'design');
#2557 = ADVANCED_BREP_SHAPE_REPRESENTATION('',(#11,#2558),#2888);
#2558 = MANIFOLD_SOLID_BREP('',#2559);
#2559 = CLOSED_SHELL('',(#2560,#2680,#2780,#2827,#2874,#2881));
#2560 = ADVANCED_FACE('',(#2561),#2575,.F.);
#2561 = FACE_BOUND('',#2562,.F.);
#2562 = EDGE_LOOP('',(#2563,#2598,#2626,#2654));
#2563 = ORIENTED_EDGE('',*,*,#2564,.F.);
#2564 = EDGE_CURVE('',#2565,#2567,#2569,.T.);
#2565 = VERTEX_POINT('',#2566);
#2566 = CARTESIAN_POINT('',(-9.2,3.5,0.));
#2567 = VERTEX_POINT('',#2568);
#2568 = CARTESIAN_POINT('',(-9.2,3.5,4.5));
#2569 = SURFACE_CURVE('',#2570,(#2574,#2586),.PCURVE_S1.);
#2570 = LINE('',#2571,#2572);
#2571 = CARTESIAN_POINT('',(-9.2,3.5,0.));
#2572 = VECTOR('',#2573,1.);
#2573 = DIRECTION('',(0.,0.,1.));
#2574 = PCURVE('',#2575,#2580);
#2575 = PLANE('',#2576);
#2576 = AXIS2_PLACEMENT_3D('',#2577,#2578,#2579);
#2577 = CARTESIAN_POINT('',(-9.2,3.5,0.));
#2578 = DIRECTION('',(1.,0.,0.));
#2579 = DIRECTION('',(0.,0.,1.));
#2580 = DEFINITIONAL_REPRESENTATION('',(#2581),#2585);
#2581 = LINE('',#2582,#2583);
#2582 = CARTESIAN_POINT('',(0.,0.));
#2583 = VECTOR('',#2584,1.);
#2584 = DIRECTION('',(1.,0.));
#2585 = ( GEOMETRIC_REPRESENTATION_CONTEXT(2) 
PARAMETRIC_REPRESENTATION_CONTEXT() REPRESENTATION_CONTEXT('2D SPACE',''
  ) );
#2586 = PCURVE('',#2587,#2592);
#2587 = PLANE('',#2588);
#2588 = AXIS2_PLACEMENT_3D('',#2589,#2590,#2591);
#2589 = CARTESIAN_POINT('',(-9.2,3.5,0.));
#2590 = DIRECTION('',(0.,1.,0.));
#2591 = DIRECTION('',(0.,0.,1.));
#2592 = DEFINITIONAL_REPRESENTATION('',(#2593),#2597);
#2593 = LINE('',#2594,#2595);
#2594 = CARTESIAN_POINT('',(0.,0.));
#2595 = VECTOR('',#2596,1.);
#2596 = DIRECTION('',(1.,0.));
#2597 = ( GEOMETRIC_REPRESENTATION_CONTEXT(2) 
PARAMETRIC_REPRESENTATION_CONTEXT() REPRESENTATION_CONTEXT('2D SPACE',''
  ) );
#2598 = ORIENTED_EDGE('',*,*,#2599,.T.);
#2599 = EDGE_CURVE('',#2565,#2600,#2602,.T.);
#2600 = VERTEX_POINT('',#2601);
#2601 = CARTESIAN_POINT('',(-9.2,4.12,0.));
#2602 = SURFACE_CURVE('',#2603,(#2607,#2614),.PCURVE_S1.);
#2603 = LINE('',#2604,#2605);
#2604 = CARTESIAN_POINT('',(-9.2,3.5,0.));
#2605 = VECTOR('',#2606,1.);
#2606 = DIRECTION('',(0.,1.,0.));
#2607 = PCURVE('',#2575,#2608);
#2608 = DEFINITIONAL_REPRESENTATION('',(#2609),#2613);
#2609 = LINE('',#2610,#2611);
#2610 = CARTESIAN_POINT('',(0.,0.));
#2611 = VECTOR('',#2612,1.);
#2612 = DIRECTION('',(0.,-1.));
#2613 = ( GEOMETRIC_REPRESENTATION_CONTEXT(2) 
PARAMETRIC_REPRESENTATION_CONTEXT() REPRESENTATION_CONTEXT('2D SPACE',''
  ) );
#2614 = PCURVE('',#2615,#2620);
#2615 = PLANE('',#2616);
#2616 = AXIS2_PLACEMENT_3D('',#2617,#2618,#2619);
#2617 = CARTESIAN_POINT('',(-9.2,3.5,0.));
#2618 = DIRECTION('',(0.,0.,1.));
#2619 = DIRECTION('',(1.,0.,0.));
#2620 = DEFINITIONAL_REPRESENTATION('',(#2621),#2625);
#2621 = LINE('',#2622,#2623);
#2622 = CARTESIAN_POINT('',(0.,0.));
#2623 = VECTOR('',#2624,1.);
#2624 = DIRECTION('',(0.,1.));
#2625 = ( GEOMETRIC_REPRESENTATION_CONTEXT(2) 
PARAMETRIC_REPRESENTATION_CONTEXT() REPRESENTATION_CONTEXT('2D SPACE',''
  ) );
#2626 = ORIENTED_EDGE('',*,*,#2627,.T.);
#2627 = EDGE_CURVE('',#2600,#2628,#2630,.T.);
#2628 = VERTEX_POINT('',#2629);
#2629 = CARTESIAN_POINT('',(-9.2,4.12,4.5));
#2630 = SURFACE_CURVE('',#2631,(#2635,#2642),.PCURVE_S1.);
#2631 = LINE('',#2632,#2633);
#2632 = CARTESIAN_POINT('',(-9.2,4.12,0.));
#2633 = VECTOR('',#2634,1.);
#2634 = DIRECTION('',(0.,0.,1.));
#2635 = PCURVE('',#2575,#2636);
#2636 = DEFINITIONAL_REPRESENTATION('',(#2637),#2641);
#2637 = LINE('',#2638,#2639);
#2638 = CARTESIAN_POINT('',(0.,-0.62));
#2639 = VECTOR('',#2640,1.);
#2640 = DIRECTION('',(1.,0.));
#2641 = ( GEOMETRIC_REPRESENTATION_CONTEXT(2) 
PARAMETRIC_REPRESENTATION_CONTEXT() REPRESENTATION_CONTEXT('2D SPACE',''
  ) );
#2642 = PCURVE('',#2643,#2648);
#2643 = PLANE('',#2644);
#2644 = AXIS2_PLACEMENT_3D('',#2645,#2646,#2647);
#2645 = CARTESIAN_POINT('',(-9.2,4.12,0.));
#2646 = DIRECTION('',(0.,1.,0.));
#2647 = DIRECTION('',(0.,0.,1.));
#2648 = DEFINITIONAL_REPRESENTATION('',(#2649),#2653);
#2649 = LINE('',#2650,#2651);
#2650 = CARTESIAN_POINT('',(0.,0.));
#2651 = VECTOR('',#2652,1.);
#2652 = DIRECTION('',(1.,0.));
#2653 = ( GEOMETRIC_REPRESENTATION_CONTEXT(2) 
PARAMETRIC_REPRESENTATION_CONTEXT() REPRESENTATION_CONTEXT('2D SPACE',''
  ) );
#2654 = ORIENTED_EDGE('',*,*,#2655,.F.);
#2655 = EDGE_CURVE('',#2567,#2628,#2656,.T.);
#2656 = SURFACE_CURVE('',#2657,(#2661,#2668),.PCURVE_S1.);
#2657 = LINE('',#2658,#2659);
#2658 = CARTESIAN_POINT('',(-9.2,3.5,4.5));
#2659 = VECTOR('',#2660,1.);
#2660 = DIRECTION('',(0.,1.,0.));
#2661 = PCURVE('',#2575,#2662);
#2662 = DEFINITIONAL_REPRESENTATION('',(#2663),#2667);
#2663 = LINE('',#2664,#2665);
#2664 = CARTESIAN_POINT('',(4.5,0.));
#2665 = VECTOR('',#2666,1.);
#2666 = DIRECTION('',(0.,-1.));
#2667 = ( GEOMETRIC_REPRESENTATION_CONTEXT(2) 
PARAMETRIC_REPRESENTATION_CONTEXT() REPRESENTATION_CONTEXT('2D SPACE',''
  ) );
#2668 = PCURVE('',#2669,#2674);
#2669 = PLANE('',#2670);
#2670 = AXIS2_PLACEMENT_3D('',#2671,#2672,#2673);
#2671 = CARTESIAN_POINT('',(-9.2,3.5,4.5));
#2672 = DIRECTION('',(0.,0.,1.));
#2673 = DIRECTION('',(1.,0.,0.));
#2674 = DEFINITIONAL_REPRESENTATION('',(#2675),#2679);
#2675 = LINE('',#2676,#2677);
#2676 = CARTESIAN_POINT('',(0.,0.));
#2677 = VECTOR('',#2678,1.);
#2678 = DIRECTION('',(0.,1.));
#2679 = ( GEOMETRIC_REPRESENTATION_CONTEXT(2) 
PARAMETRIC_REPRESENTATION_CONTEXT() REPRESENTATION_CONTEXT('2D SPACE',''
  ) );
#2680 = ADVANCED_FACE('',(#2681),#2695,.T.);
#2681 = FACE_BOUND('',#2682,.T.);
#2682 = EDGE_LOOP('',(#2683,#2713,#2736,#2759));
#2683 = ORIENTED_EDGE('',*,*,#2684,.F.);
#2684 = EDGE_CURVE('',#2685,#2687,#2689,.T.);
#2685 = VERTEX_POINT('',#2686);
#2686 = CARTESIAN_POINT('',(-8.58,3.5,0.));
#2687 = VERTEX_POINT('',#2688);
#2688 = CARTESIAN_POINT('',(-8.58,3.5,4.5));
#2689 = SURFACE_CURVE('',#2690,(#2694,#2706),.PCURVE_S1.);
#2690 = LINE('',#2691,#2692);
#2691 = CARTESIAN_POINT('',(-8.58,3.5,0.));
#2692 = VECTOR('',#2693,1.);
#2693 = DIRECTION('',(0.,0.,1.));
#2694 = PCURVE('',#2695,#2700);
#2695 = PLANE('',#2696);
#2696 = AXIS2_PLACEMENT_3D('',#2697,#2698,#2699);
#2697 = CARTESIAN_POINT('',(-8.58,3.5,0.));
#2698 = DIRECTION('',(1.,0.,0.));
#2699 = DIRECTION('',(0.,0.,1.));
#2700 = DEFINITIONAL_REPRESENTATION('',(#2701),#2705);
#2701 = LINE('',#2702,#2703);
#2702 = CARTESIAN_POINT('',(0.,0.));
#2703 = VECTOR('',#2704,1.);
#2704 = DIRECTION('',(1.,0.));
#2705 = ( GEOMETRIC_REPRESENTATION_CONTEXT(2) 
PARAMETRIC_REPRESENTATION_CONTEXT() REPRESENTATION_CONTEXT('2D SPACE',''
  ) );
#2706 = PCURVE('',#2587,#2707);
#2707 = DEFINITIONAL_REPRESENTATION('',(#2708),#2712);
#2708 = LINE('',#2709,#2710);
#2709 = CARTESIAN_POINT('',(0.,0.62));
#2710 = VECTOR('',#2711,1.);
#2711 = DIRECTION('',(1.,0.));
#2712 = ( GEOMETRIC_REPRESENTATION_CONTEXT(2) 
PARAMETRIC_REPRESENTATION_CONTEXT() REPRESENTATION_CONTEXT('2D SPACE',''
  ) );
#2713 = ORIENTED_EDGE('',*,*,#2714,.T.);
#2714 = EDGE_CURVE('',#2685,#2715,#2717,.T.);
#2715 = VERTEX_POINT('',#2716);
#2716 = CARTESIAN_POINT('',(-8.58,4.12,0.));
#2717 = SURFACE_CURVE('',#2718,(#2722,#2729),.PCURVE_S1.);
#2718 = LINE('',#2719,#2720);
#2719 = CARTESIAN_POINT('',(-8.58,3.5,0.));
#2720 = VECTOR('',#2721,1.);
#2721 = DIRECTION('',(0.,1.,0.));
#2722 = PCURVE('',#2695,#2723);
#2723 = DEFINITIONAL_REPRESENTATION('',(#2724),#2728);
#2724 = LINE('',#2725,#2726);
#2725 = CARTESIAN_POINT('',(0.,0.));
#2726 = VECTOR('',#2727,1.);
#2727 = DIRECTION('',(0.,-1.));
#2728 = ( GEOMETRIC_REPRESENTATION_CONTEXT(2) 
PARAMETRIC_REPRESENTATION_CONTEXT() REPRESENTATION_CONTEXT('2D SPACE',''
  ) );
#2729 = PCURVE('',#2615,#2730);
#2730 = DEFINITIONAL_REPRESENTATION('',(#2731),#2735);
#2731 = LINE('',#2732,#2733);
#2732 = CARTESIAN_POINT('',(0.62,0.));
#2733 = VECTOR('',#2734,1.);
#2734 = DIRECTION('',(0.,1.));
#2735 = ( GEOMETRIC_REPRESENTATION_CONTEXT(2) 
PARAMETRIC_REPRESENTATION_CONTEXT() REPRESENTATION_CONTEXT('2D SPACE',''
  ) );
#2736 = ORIENTED_EDGE('',*,*,#2737,.T.);
#2737 = EDGE_CURVE('',#2715,#2738,#2740,.T.);
#2738 = VERTEX_POINT('',#2739);
#2739 = CARTESIAN_POINT('',(-8.58,4.12,4.5));
#2740 = SURFACE_CURVE('',#2741,(#2745,#2752),.PCURVE_S1.);
#2741 = LINE('',#2742,#2743);
#2742 = CARTESIAN_POINT('',(-8.58,4.12,0.));
#2743 = VECTOR('',#2744,1.);
#2744 = DIRECTION('',(0.,0.,1.));
#2745 = PCURVE('',#2695,#2746);
#2746 = DEFINITIONAL_REPRESENTATION('',(#2747),#2751);
#2747 = LINE('',#2748,#2749);
#2748 = CARTESIAN_POINT('',(0.,-0.62));
#2749 = VECTOR('',#2750,1.);
#2750 = DIRECTION('',(1.,0.));
#2751 = ( GEOMETRIC_REPRESENTATION_CONTEXT(2) 
PARAMETRIC_REPRESENTATION_CONTEXT() REPRESENTATION_CONTEXT('2D SPACE',''
  ) );
#2752 = PCURVE('',#2643,#2753);
#2753 = DEFINITIONAL_REPRESENTATION('',(#2754),#2758);
#2754 = LINE('',#2755,#2756);
#2755 = CARTESIAN_POINT('',(0.,0.62));
#2756 = VECTOR('',#2757,1.);
#2757 = DIRECTION('',(1.,0.));
#2758 = ( GEOMETRIC_REPRESENTATION_CONTEXT(2) 
PARAMETRIC_REPRESENTATION_CONTEXT() REPRESENTATION_CONTEXT('2D SPACE',''
  ) );
#2759 = ORIENTED_EDGE('',*,*,#2760,.F.);
#2760 = EDGE_CURVE('',#2687,#2738,#2761,.T.);
#2761 = SURFACE_CURVE('',#2762,(#2766,#2773),.PCURVE_S1.);
#2762 = LINE('',#2763,#2764);
#2763 = CARTESIAN_POINT('',(-8.58,3.5,4.5));
#2764 = VECTOR('',#2765,1.);
#2765 = DIRECTION('',(0.,1.,0.));
#2766 = PCURVE('',#2695,#2767);
#2767 = DEFINITIONAL_REPRESENTATION('',(#2768),#2772);
#2768 = LINE('',#2769,#2770);
#2769 = CARTESIAN_POINT('',(4.5,0.));
#2770 = VECTOR('',#2771,1.);
#2771 = DIRECTION('',(0.,-1.));
#2772 = ( GEOMETRIC_REPRESENTATION_CONTEXT(2) 
PARAMETRIC_REPRESENTATION_CONTEXT() REPRESENTATION_CONTEXT('2D SPACE',''
  ) );
#2773 = PCURVE('',#2669,#2774);
#2774 = DEFINITIONAL_REPRESENTATION('',(#2775),#2779);
#2775 = LINE('',#2776,#2777);
#2776 = CARTESIAN_POINT('',(0.62,0.));
#2777 = VECTOR('',#2778,1.);
#2778 = DIRECTION('',(0.,1.));
#2779 = ( GEOMETRIC_REPRESENTATION_CONTEXT(2) 
PARAMETRIC_REPRESENTATION_CONTEXT() REPRESENTATION_CONTEXT('2D SPACE',''
  ) );
#2780 = ADVANCED_FACE('',(#2781),#2587,.F.);
#2781 = FACE_BOUND('',#2782,.F.);
#2782 = EDGE_LOOP('',(#2783,#2804,#2805,#2826));
#2783 = ORIENTED_EDGE('',*,*,#2784,.F.);
#2784 = EDGE_CURVE('',#2565,#2685,#2785,.T.);
#2785 = SURFACE_CURVE('',#2786,(#2790,#2797),.PCURVE_S1.);
#2786 = LINE('',#2787,#2788);
#2787 = CARTESIAN_POINT('',(-9.2,3.5,0.));
#2788 = VECTOR('',#2789,1.);
#2789 = DIRECTION('',(1.,0.,0.));
#2790 = PCURVE('',#2587,#2791);
#2791 = DEFINITIONAL_REPRESENTATION('',(#2792),#2796);
#2792 = LINE('',#2793,#2794);
#2793 = CARTESIAN_POINT('',(0.,0.));
#2794 = VECTOR('',#2795,1.);
#2795 = DIRECTION('',(0.,1.));
#2796 = ( GEOMETRIC_REPRESENTATION_CONTEXT(2) 
PARAMETRIC_REPRESENTATION_CONTEXT() REPRESENTATION_CONTEXT('2D SPACE',''
  ) );
#2797 = PCURVE('',#2615,#2798);
#2798 = DEFINITIONAL_REPRESENTATION('',(#2799),#2803);
#2799 = LINE('',#2800,#2801);
#2800 = CARTESIAN_POINT('',(0.,0.));
#2801 = VECTOR('',#2802,1.);
#2802 = DIRECTION('',(1.,0.));
#2803 = ( GEOMETRIC_REPRESENTATION_CONTEXT(2) 
PARAMETRIC_REPRESENTATION_CONTEXT() REPRESENTATION_CONTEXT('2D SPACE',''
  ) );
#2804 = ORIENTED_EDGE('',*,*,#2564,.T.);
#2805 = ORIENTED_EDGE('',*,*,#2806,.T.);
#2806 = EDGE_CURVE('',#2567,#2687,#2807,.T.);
#2807 = SURFACE_CURVE('',#2808,(#2812,#2819),.PCURVE_S1.);
#2808 = LINE('',#2809,#2810);
#2809 = CARTESIAN_POINT('',(-9.2,3.5,4.5));
#2810 = VECTOR('',#2811,1.);
#2811 = DIRECTION('',(1.,0.,0.));
#2812 = PCURVE('',#2587,#2813);
#2813 = DEFINITIONAL_REPRESENTATION('',(#2814),#2818);
#2814 = LINE('',#2815,#2816);
#2815 = CARTESIAN_POINT('',(4.5,0.));
#2816 = VECTOR('',#2817,1.);
#2817 = DIRECTION('',(0.,1.));
#2818 = ( GEOMETRIC_REPRESENTATION_CONTEXT(2) 
PARAMETRIC_REPRESENTATION_CONTEXT() REPRESENTATION_CONTEXT('2D SPACE',''
  ) );
#2819 = PCURVE('',#2669,#2820);
#2820 = DEFINITIONAL_REPRESENTATION('',(#2821),#2825);
#2821 = LINE('',#2822,#2823);
#2822 = CARTESIAN_POINT('',(0.,0.));
#2823 = VECTOR('',#2824,1.);
#2824 = DIRECTION('',(1.,0.));
#2825 = ( GEOMETRIC_REPRESENTATION_CONTEXT(2) 
PARAMETRIC_REPRESENTATION_CONTEXT() REPRESENTATION_CONTEXT('2D SPACE',''
  ) );
#2826 = ORIENTED_EDGE('',*,*,#2684,.F.);
#2827 = ADVANCED_FACE('',(#2828),#2643,.T.);
#2828 = FACE_BOUND('',#2829,.T.);
#2829 = EDGE_LOOP('',(#2830,#2851,#2852,#2873));
#2830 = ORIENTED_EDGE('',*,*,#2831,.F.);
#2831 = EDGE_CURVE('',#2600,#2715,#2832,.T.);
#2832 = SURFACE_CURVE('',#2833,(#2837,#2844),.PCURVE_S1.);
#2833 = LINE('',#2834,#2835);
#2834 = CARTESIAN_POINT('',(-9.2,4.12,0.));
#2835 = VECTOR('',#2836,1.);
#2836 = DIRECTION('',(1.,0.,0.));
#2837 = PCURVE('',#2643,#2838);
#2838 = DEFINITIONAL_REPRESENTATION('',(#2839),#2843);
#2839 = LINE('',#2840,#2841);
#2840 = CARTESIAN_POINT('',(0.,0.));
#2841 = VECTOR('',#2842,1.);
#2842 = DIRECTION('',(0.,1.));
#2843 = ( GEOMETRIC_REPRESENTATION_CONTEXT(2) 
PARAMETRIC_REPRESENTATION_CONTEXT() REPRESENTATION_CONTEXT('2D SPACE',''
  ) );
#2844 = PCURVE('',#2615,#2845);
#2845 = DEFINITIONAL_REPRESENTATION('',(#2846),#2850);
#2846 = LINE('',#2847,#2848);
#2847 = CARTESIAN_POINT('',(0.,0.62));
#2848 = VECTOR('',#2849,1.);
#2849 = DIRECTION('',(1.,0.));
#2850 = ( GEOMETRIC_REPRESENTATION_CONTEXT(2) 
PARAMETRIC_REPRESENTATION_CONTEXT() REPRESENTATION_CONTEXT('2D SPACE',''
  ) );
#2851 = ORIENTED_EDGE('',*,*,#2627,.T.);
#2852 = ORIENTED_EDGE('',*,*,#2853,.T.);
#2853 = EDGE_CURVE('',#2628,#2738,#2854,.T.);
#2854 = SURFACE_CURVE('',#2855,(#2859,#2866),.PCURVE_S1.);
#2855 = LINE('',#2856,#2857);
#2856 = CARTESIAN_POINT('',(-9.2,4.12,4.5));
#2857 = VECTOR('',#2858,1.);
#2858 = DIRECTION('',(1.,0.,0.));
#2859 = PCURVE('',#2643,#2860);
#2860 = DEFINITIONAL_REPRESENTATION('',(#2861),#2865);
#2861 = LINE('',#2862,#2863);
#2862 = CARTESIAN_POINT('',(4.5,0.));
#2863 = VECTOR('',#2864,1.);
#2864 = DIRECTION('',(0.,1.));
#2865 = ( GEOMETRIC_REPRESENTATION_CONTEXT(2) 
PARAMETRIC_REPRESENTATION_CONTEXT() REPRESENTATION_CONTEXT('2D SPACE',''
  ) );
#2866 = PCURVE('',#2669,#2867);
#2867 = DEFINITIONAL_REPRESENTATION('',(#2868),#2872);
#2868 = LINE('',#2869,#2870);
#2869 = CARTESIAN_POINT('',(0.,0.62));
#2870 = VECTOR('',#2871,1.);
#2871 = DIRECTION('',(1.,0.));
#2872 = ( GEOMETRIC_REPRESENTATION_CONTEXT(2) 
PARAMETRIC_REPRESENTATION_CONTEXT() REPRESENTATION_CONTEXT('2D SPACE',''
  ) );
#2873 = ORIENTED_EDGE('',*,*,#2737,.F.);
#2874 = ADVANCED_FACE('',(#2875),#2615,.F.);
#2875 = FACE_BOUND('',#2876,.F.);
#2876 = EDGE_LOOP('',(#2877,#2878,#2879,#2880));
#2877 = ORIENTED_EDGE('',*,*,#2599,.F.);
#2878 = ORIENTED_EDGE('',*,*,#2784,.T.);
#2879 = ORIENTED_EDGE('',*,*,#2714,.T.);
#2880 = ORIENTED_EDGE('',*,*,#2831,.F.);
#2881 = ADVANCED_FACE('',(#2882),#2669,.T.);
#2882 = FACE_BOUND('',#2883,.T.);
#2883 = EDGE_LOOP('',(#2884,#2885,#2886,#2887));
#2884 = ORIENTED_EDGE('',*,*,#2655,.F.);
#2885 = ORIENTED_EDGE('',*,*,#2806,.T.);
#2886 = ORIENTED_EDGE('',*,*,#2760,.T.);
#2887 = ORIENTED_EDGE('',*,*,#2853,.F.);
#2888 = ( GEOMETRIC_REPRESENTATION_CONTEXT(3) 
GLOBAL_UNCERTAINTY_ASSIGNED_CONTEXT((#2892)) 
GLOBAL_UNIT_ASSIGNED_CONTEXT((#2889,#2890,#2891)) REPRESENTATION_CONTEXT
('Context #1','3D Context with UNIT and UNCERTAINTY') );
#2889 = ( LENGTH_UNIT() NAMED_UNIT(*) SI_UNIT(.MILLI.,.METRE.) );
#2890 = ( NAMED_UNIT(*) PLANE_ANGLE_UNIT() SI_UNIT($,.RADIAN.) );
#2891 = ( NAMED_UNIT(*) SI_UNIT($,.STERADIAN.) SOLID_ANGLE_UNIT() );
#2892 = UNCERTAINTY_MEASURE_WITH_UNIT(LENGTH_MEASURE(1.E-07),#2889,
  'distance_accuracy_value','confusion accuracy');
#2893 = CONTEXT_DEPENDENT_SHAPE_REPRESENTATION(#2894,#2896);
#2894 = ( REPRESENTATION_RELATIONSHIP('','',#2557,#10) 
REPRESENTATION_RELATIONSHIP_WITH_TRANSFORMATION(#2895) 
SHAPE_REPRESENTATION_RELATIONSHIP() );
#2895 = ITEM_DEFINED_TRANSFORMATION('','',#11,#35);
#2896 = PRODUCT_DEFINITION_SHAPE('Placement','Placement of an item',
  #2897);
#2897 = NEXT_ASSEMBLY_USAGE_OCCURRENCE('97','pin_left_4','',#5,#2552,$);
#2898 = PRODUCT_RELATED_PRODUCT_CATEGORY('part',$,(#2554));
#2899 = SHAPE_DEFINITION_REPRESENTATION(#2900,#2906);
#2900 = PRODUCT_DEFINITION_SHAPE('','',#2901);
#2901 = PRODUCT_DEFINITION('design','',#2902,#2905);
#2902 = PRODUCT_DEFINITION_FORMATION('','',#2903);
#2903 = PRODUCT('pin_left_5','pin_left_5','',(#2904));
#2904 = PRODUCT_CONTEXT('',#2,'mechanical');
#2905 = PRODUCT_DEFINITION_CONTEXT('part definition',#2,'design');
#2906 = ADVANCED_BREP_SHAPE_REPRESENTATION('',(#11,#2907),#3237);
#2907 = MANIFOLD_SOLID_BREP('',#2908);
#2908 = CLOSED_SHELL('',(#2909,#3029,#3129,#3176,#3223,#3230));
#2909 = ADVANCED_FACE('',(#2910),#2924,.F.);
#2910 = FACE_BOUND('',#2911,.F.);
#2911 = EDGE_LOOP('',(#2912,#2947,#2975,#3003));
#2912 = ORIENTED_EDGE('',*,*,#2913,.F.);
#2913 = EDGE_CURVE('',#2914,#2916,#2918,.T.);
#2914 = VERTEX_POINT('',#2915);
#2915 = CARTESIAN_POINT('',(-9.2,0.96,0.));
#2916 = VERTEX_POINT('',#2917);
#2917 = CARTESIAN_POINT('',(-9.2,0.96,4.5));
#2918 = SURFACE_CURVE('',#2919,(#2923,#2935),.PCURVE_S1.);
#2919 = LINE('',#2920,#2921);
#2920 = CARTESIAN_POINT('',(-9.2,0.96,0.));
#2921 = VECTOR('',#2922,1.);
#2922 = DIRECTION('',(0.,0.,1.));
#2923 = PCURVE('',#2924,#2929);
#2924 = PLANE('',#2925);
#2925 = AXIS2_PLACEMENT_3D('',#2926,#2927,#2928);
#2926 = CARTESIAN_POINT('',(-9.2,0.96,0.));
#2927 = DIRECTION('',(1.,0.,0.));
#2928 = DIRECTION('',(0.,0.,1.));
#2929 = DEFINITIONAL_REPRESENTATION('',(#2930),#2934);
#2930 = LINE('',#2931,#2932);
#2931 = CARTESIAN_POINT('',(0.,0.));
#2932 = VECTOR('',#2933,1.);
#2933 = DIRECTION('',(1.,0.));
#2934 = ( GEOMETRIC_REPRESENTATION_CONTEXT(2) 
PARAMETRIC_REPRESENTATION_CONTEXT() REPRESENTATION_CONTEXT('2D SPACE',''
  ) );
#2935 = PCURVE('',#2936,#2941);
#2936 = PLANE('',#2937);
#2937 = AXIS2_PLACEMENT_3D('',#2938,#2939,#2940);
#2938 = CARTESIAN_POINT('',(-9.2,0.96,0.));
#2939 = DIRECTION('',(0.,1.,0.));
#2940 = DIRECTION('',(0.,0.,1.));
#2941 = DEFINITIONAL_REPRESENTATION('',(#2942),#2946);
#2942 = LINE('',#2943,#2944);
#2943 = CARTESIAN_POINT('',(0.,0.));
#2944 = VECTOR('',#2945,1.);
#2945 = DIRECTION('',(1.,0.));
#2946 = ( GEOMETRIC_REPRESENTATION_CONTEXT(2) 
PARAMETRIC_REPRESENTATION_CONTEXT() REPRESENTATION_CONTEXT('2D SPACE',''
  ) );
#2947 = ORIENTED_EDGE('',*,*,#2948,.T.);
#2948 = EDGE_CURVE('',#2914,#2949,#2951,.T.);
#2949 = VERTEX_POINT('',#2950);
#2950 = CARTESIAN_POINT('',(-9.2,1.58,0.));
#2951 = SURFACE_CURVE('',#2952,(#2956,#2963),.PCURVE_S1.);
#2952 = LINE('',#2953,#2954);
#2953 = CARTESIAN_POINT('',(-9.2,0.96,0.));
#2954 = VECTOR('',#2955,1.);
#2955 = DIRECTION('',(0.,1.,0.));
#2956 = PCURVE('',#2924,#2957);
#2957 = DEFINITIONAL_REPRESENTATION('',(#2958),#2962);
#2958 = LINE('',#2959,#2960);
#2959 = CARTESIAN_POINT('',(0.,0.));
#2960 = VECTOR('',#2961,1.);
#2961 = DIRECTION('',(0.,-1.));
#2962 = ( GEOMETRIC_REPRESENTATION_CONTEXT(2) 
PARAMETRIC_REPRESENTATION_CONTEXT() REPRESENTATION_CONTEXT('2D SPACE',''
  ) );
#2963 = PCURVE('',#2964,#2969);
#2964 = PLANE('',#2965);
#2965 = AXIS2_PLACEMENT_3D('',#2966,#2967,#2968);
#2966 = CARTESIAN_POINT('',(-9.2,0.96,0.));
#2967 = DIRECTION('',(0.,0.,1.));
#2968 = DIRECTION('',(1.,0.,0.));
#2969 = DEFINITIONAL_REPRESENTATION('',(#2970),#2974);
#2970 = LINE('',#2971,#2972);
#2971 = CARTESIAN_POINT('',(0.,0.));
#2972 = VECTOR('',#2973,1.);
#2973 = DIRECTION('',(0.,1.));
#2974 = ( GEOMETRIC_REPRESENTATION_CONTEXT(2) 
PARAMETRIC_REPRESENTATION_CONTEXT() REPRESENTATION_CONTEXT('2D SPACE',''
  ) );
#2975 = ORIENTED_EDGE('',*,*,#2976,.T.);
#2976 = EDGE_CURVE('',#2949,#2977,#2979,.T.);
#2977 = VERTEX_POINT('',#2978);
#2978 = CARTESIAN_POINT('',(-9.2,1.58,4.5));
#2979 = SURFACE_CURVE('',#2980,(#2984,#2991),.PCURVE_S1.);
#2980 = LINE('',#2981,#2982);
#2981 = CARTESIAN_POINT('',(-9.2,1.58,0.));
#2982 = VECTOR('',#2983,1.);
#2983 = DIRECTION('',(0.,0.,1.));
#2984 = PCURVE('',#2924,#2985);
#2985 = DEFINITIONAL_REPRESENTATION('',(#2986),#2990);
#2986 = LINE('',#2987,#2988);
#2987 = CARTESIAN_POINT('',(0.,-0.62));
#2988 = VECTOR('',#2989,1.);
#2989 = DIRECTION('',(1.,0.));
#2990 = ( GEOMETRIC_REPRESENTATION_CONTEXT(2) 
PARAMETRIC_REPRESENTATION_CONTEXT() REPRESENTATION_CONTEXT('2D SPACE',''
  ) );
#2991 = PCURVE('',#2992,#2997);
#2992 = PLANE('',#2993);
#2993 = AXIS2_PLACEMENT_3D('',#2994,#2995,#2996);
#2994 = CARTESIAN_POINT('',(-9.2,1.58,0.));
#2995 = DIRECTION('',(0.,1.,0.));
#2996 = DIRECTION('',(0.,0.,1.));
#2997 = DEFINITIONAL_REPRESENTATION('',(#2998),#3002);
#2998 = LINE('',#2999,#3000);
#2999 = CARTESIAN_POINT('',(0.,0.));
#3000 = VECTOR('',#3001,1.);
#3001 = DIRECTION('',(1.,0.));
#3002 = ( GEOMETRIC_REPRESENTATION_CONTEXT(2) 
PARAMETRIC_REPRESENTATION_CONTEXT() REPRESENTATION_CONTEXT('2D SPACE',''
  ) );
#3003 = ORIENTED_EDGE('',*,*,#3004,.F.);
#3004 = EDGE_CURVE('',#2916,#2977,#3005,.T.);
#3005 = SURFACE_CURVE('',#3006,(#3010,#3017),.PCURVE_S1.);
#3006 = LINE('',#3007,#3008);
#3007 = CARTESIAN_POINT('',(-9.2,0.96,4.5));
#3008 = VECTOR('',#3009,1.);
#3009 = DIRECTION('',(0.,1.,0.));
#3010 = PCURVE('',#2924,#3011);
#3011 = DEFINITIONAL_REPRESENTATION('',(#3012),#3016);
#3012 = LINE('',#3013,#3014);
#3013 = CARTESIAN_POINT('',(4.5,0.));
#3014 = VECTOR('',#3015,1.);
#3015 = DIRECTION('',(0.,-1.));
#3016 = ( GEOMETRIC_REPRESENTATION_CONTEXT(2) 
PARAMETRIC_REPRESENTATION_CONTEXT() REPRESENTATION_CONTEXT('2D SPACE',''
  ) );
#3017 = PCURVE('',#3018,#3023);
#3018 = PLANE('',#3019);
#3019 = AXIS2_PLACEMENT_3D('',#3020,#3021,#3022);
#3020 = CARTESIAN_POINT('',(-9.2,0.96,4.5));
#3021 = DIRECTION('',(0.,0.,1.));
#3022 = DIRECTION('',(1.,0.,0.));
#3023 = DEFINITIONAL_REPRESENTATION('',(#3024),#3028);
#3024 = LINE('',#3025,#3026);
#3025 = CARTESIAN_POINT('',(0.,0.));
#3026 = VECTOR('',#3027,1.);
#3027 = DIRECTION('',(0.,1.));
#3028 = ( GEOMETRIC_REPRESENTATION_CONTEXT(2) 
PARAMETRIC_REPRESENTATION_CONTEXT() REPRESENTATION_CONTEXT('2D SPACE',''
  ) );
#3029 = ADVANCED_FACE('',(#3030),#3044,.T.);
#3030 = FACE_BOUND('',#3031,.T.);
#3031 = EDGE_LOOP('',(#3032,#3062,#3085,#3108));
#3032 = ORIENTED_EDGE('',*,*,#3033,.F.);
#3033 = EDGE_CURVE('',#3034,#3036,#3038,.T.);
#3034 = VERTEX_POINT('',#3035);
#3035 = CARTESIAN_POINT('',(-8.58,0.96,0.));
#3036 = VERTEX_POINT('',#3037);
#3037 = CARTESIAN_POINT('',(-8.58,0.96,4.5));
#3038 = SURFACE_CURVE('',#3039,(#3043,#3055),.PCURVE_S1.);
#3039 = LINE('',#3040,#3041);
#3040 = CARTESIAN_POINT('',(-8.58,0.96,0.));
#3041 = VECTOR('',#3042,1.);
#3042 = DIRECTION('',(0.,0.,1.));
#3043 = PCURVE('',#3044,#3049);
#3044 = PLANE('',#3045);
#3045 = AXIS2_PLACEMENT_3D('',#3046,#3047,#3048);
#3046 = CARTESIAN_POINT('',(-8.58,0.96,0.));
#3047 = DIRECTION('',(1.,0.,0.));
#3048 = DIRECTION('',(0.,0.,1.));
#3049 = DEFINITIONAL_REPRESENTATION('',(#3050),#3054);
#3050 = LINE('',#3051,#3052);
#3051 = CARTESIAN_POINT('',(0.,0.));
#3052 = VECTOR('',#3053,1.);
#3053 = DIRECTION('',(1.,0.));
#3054 = ( GEOMETRIC_REPRESENTATION_CONTEXT(2) 
PARAMETRIC_REPRESENTATION_CONTEXT() REPRESENTATION_CONTEXT('2D SPACE',''
  ) );
#3055 = PCURVE('',#2936,#3056);
#3056 = DEFINITIONAL_REPRESENTATION('',(#3057),#3061);
#3057 = LINE('',#3058,#3059);
#3058 = CARTESIAN_POINT('',(0.,0.62));
#3059 = VECTOR('',#3060,1.);
#3060 = DIRECTION('',(1.,0.));
#3061 = ( GEOMETRIC_REPRESENTATION_CONTEXT(2) 
PARAMETRIC_REPRESENTATION_CONTEXT() REPRESENTATION_CONTEXT('2D SPACE',''
  ) );
#3062 = ORIENTED_EDGE('',*,*,#3063,.T.);
#3063 = EDGE_CURVE('',#3034,#3064,#3066,.T.);
#3064 = VERTEX_POINT('',#3065);
#3065 = CARTESIAN_POINT('',(-8.58,1.58,0.));
#3066 = SURFACE_CURVE('',#3067,(#3071,#3078),.PCURVE_S1.);
#3067 = LINE('',#3068,#3069);
#3068 = CARTESIAN_POINT('',(-8.58,0.96,0.));
#3069 = VECTOR('',#3070,1.);
#3070 = DIRECTION('',(0.,1.,0.));
#3071 = PCURVE('',#3044,#3072);
#3072 = DEFINITIONAL_REPRESENTATION('',(#3073),#3077);
#3073 = LINE('',#3074,#3075);
#3074 = CARTESIAN_POINT('',(0.,0.));
#3075 = VECTOR('',#3076,1.);
#3076 = DIRECTION('',(0.,-1.));
#3077 = ( GEOMETRIC_REPRESENTATION_CONTEXT(2) 
PARAMETRIC_REPRESENTATION_CONTEXT() REPRESENTATION_CONTEXT('2D SPACE',''
  ) );
#3078 = PCURVE('',#2964,#3079);
#3079 = DEFINITIONAL_REPRESENTATION('',(#3080),#3084);
#3080 = LINE('',#3081,#3082);
#3081 = CARTESIAN_POINT('',(0.62,0.));
#3082 = VECTOR('',#3083,1.);
#3083 = DIRECTION('',(0.,1.));
#3084 = ( GEOMETRIC_REPRESENTATION_CONTEXT(2) 
PARAMETRIC_REPRESENTATION_CONTEXT() REPRESENTATION_CONTEXT('2D SPACE',''
  ) );
#3085 = ORIENTED_EDGE('',*,*,#3086,.T.);
#3086 = EDGE_CURVE('',#3064,#3087,#3089,.T.);
#3087 = VERTEX_POINT('',#3088);
#3088 = CARTESIAN_POINT('',(-8.58,1.58,4.5));
#3089 = SURFACE_CURVE('',#3090,(#3094,#3101),.PCURVE_S1.);
#3090 = LINE('',#3091,#3092);
#3091 = CARTESIAN_POINT('',(-8.58,1.58,0.));
#3092 = VECTOR('',#3093,1.);
#3093 = DIRECTION('',(0.,0.,1.));
#3094 = PCURVE('',#3044,#3095);
#3095 = DEFINITIONAL_REPRESENTATION('',(#3096),#3100);
#3096 = LINE('',#3097,#3098);
#3097 = CARTESIAN_POINT('',(0.,-0.62));
#3098 = VECTOR('',#3099,1.);
#3099 = DIRECTION('',(1.,0.));
#3100 = ( GEOMETRIC_REPRESENTATION_CONTEXT(2) 
PARAMETRIC_REPRESENTATION_CONTEXT() REPRESENTATION_CONTEXT('2D SPACE',''
  ) );
#3101 = PCURVE('',#2992,#3102);
#3102 = DEFINITIONAL_REPRESENTATION('',(#3103),#3107);
#3103 = LINE('',#3104,#3105);
#3104 = CARTESIAN_POINT('',(0.,0.62));
#3105 = VECTOR('',#3106,1.);
#3106 = DIRECTION('',(1.,0.));
#3107 = ( GEOMETRIC_REPRESENTATION_CONTEXT(2) 
PARAMETRIC_REPRESENTATION_CONTEXT() REPRESENTATION_CONTEXT('2D SPACE',''
  ) );
#3108 = ORIENTED_EDGE('',*,*,#3109,.F.);
#3109 = EDGE_CURVE('',#3036,#3087,#3110,.T.);
#3110 = SURFACE_CURVE('',#3111,(#3115,#3122),.PCURVE_S1.);
#3111 = LINE('',#3112,#3113);
#3112 = CARTESIAN_POINT('',(-8.58,0.96,4.5));
#3113 = VECTOR('',#3114,1.);
#3114 = DIRECTION('',(0.,1.,0.));
#3115 = PCURVE('',#3044,#3116);
#3116 = DEFINITIONAL_REPRESENTATION('',(#3117),#3121);
#3117 = LINE('',#3118,#3119);
#3118 = CARTESIAN_POINT('',(4.5,0.));
#3119 = VECTOR('',#3120,1.);
#3120 = DIRECTION('',(0.,-1.));
#3121 = ( GEOMETRIC_REPRESENTATION_CONTEXT(2) 
PARAMETRIC_REPRESENTATION_CONTEXT() REPRESENTATION_CONTEXT('2D SPACE',''
  ) );
#3122 = PCURVE('',#3018,#3123);
#3123 = DEFINITIONAL_REPRESENTATION('',(#3124),#3128);
#3124 = LINE('',#3125,#3126);
#3125 = CARTESIAN_POINT('',(0.62,0.));
#3126 = VECTOR('',#3127,1.);
#3127 = DIRECTION('',(0.,1.));
#3128 = ( GEOMETRIC_REPRESENTATION_CONTEXT(2) 
PARAMETRIC_REPRESENTATION_CONTEXT() REPRESENTATION_CONTEXT('2D SPACE',''
  ) );
#3129 = ADVANCED_FACE('',(#3130),#2936,.F.);
#3130 = FACE_BOUND('',#3131,.F.);
#3131 = EDGE_LOOP('',(#3132,#3153,#3154,#3175));
#3132 = ORIENTED_EDGE('',*,*,#3133,.F.);
#3133 = EDGE_CURVE('',#2914,#3034,#3134,.T.);
#3134 = SURFACE_CURVE('',#3135,(#3139,#3146),.PCURVE_S1.);
#3135 = LINE('',#3136,#3137);
#3136 = CARTESIAN_POINT('',(-9.2,0.96,0.));
#3137 = VECTOR('',#3138,1.);
#3138 = DIRECTION('',(1.,0.,0.));
#3139 = PCURVE('',#2936,#3140);
#3140 = DEFINITIONAL_REPRESENTATION('',(#3141),#3145);
#3141 = LINE('',#3142,#3143);
#3142 = CARTESIAN_POINT('',(0.,0.));
#3143 = VECTOR('',#3144,1.);
#3144 = DIRECTION('',(0.,1.));
#3145 = ( GEOMETRIC_REPRESENTATION_CONTEXT(2) 
PARAMETRIC_REPRESENTATION_CONTEXT() REPRESENTATION_CONTEXT('2D SPACE',''
  ) );
#3146 = PCURVE('',#2964,#3147);
#3147 = DEFINITIONAL_REPRESENTATION('',(#3148),#3152);
#3148 = LINE('',#3149,#3150);
#3149 = CARTESIAN_POINT('',(0.,0.));
#3150 = VECTOR('',#3151,1.);
#3151 = DIRECTION('',(1.,0.));
#3152 = ( GEOMETRIC_REPRESENTATION_CONTEXT(2) 
PARAMETRIC_REPRESENTATION_CONTEXT() REPRESENTATION_CONTEXT('2D SPACE',''
  ) );
#3153 = ORIENTED_EDGE('',*,*,#2913,.T.);
#3154 = ORIENTED_EDGE('',*,*,#3155,.T.);
#3155 = EDGE_CURVE('',#2916,#3036,#3156,.T.);
#3156 = SURFACE_CURVE('',#3157,(#3161,#3168),.PCURVE_S1.);
#3157 = LINE('',#3158,#3159);
#3158 = CARTESIAN_POINT('',(-9.2,0.96,4.5));
#3159 = VECTOR('',#3160,1.);
#3160 = DIRECTION('',(1.,0.,0.));
#3161 = PCURVE('',#2936,#3162);
#3162 = DEFINITIONAL_REPRESENTATION('',(#3163),#3167);
#3163 = LINE('',#3164,#3165);
#3164 = CARTESIAN_POINT('',(4.5,0.));
#3165 = VECTOR('',#3166,1.);
#3166 = DIRECTION('',(0.,1.));
#3167 = ( GEOMETRIC_REPRESENTATION_CONTEXT(2) 
PARAMETRIC_REPRESENTATION_CONTEXT() REPRESENTATION_CONTEXT('2D SPACE',''
  ) );
#3168 = PCURVE('',#3018,#3169);
#3169 = DEFINITIONAL_REPRESENTATION('',(#3170),#3174);
#3170 = LINE('',#3171,#3172);
#3171 = CARTESIAN_POINT('',(0.,0.));
#3172 = VECTOR('',#3173,1.);
#3173 = DIRECTION('',(1.,0.));
#3174 = ( GEOMETRIC_REPRESENTATION_CONTEXT(2) 
PARAMETRIC_REPRESENTATION_CONTEXT() REPRESENTATION_CONTEXT('2D SPACE',''
  ) );
#3175 = ORIENTED_EDGE('',*,*,#3033,.F.);
#3176 = ADVANCED_FACE('',(#3177),#2992,.T.);
#3177 = FACE_BOUND('',#3178,.T.);
#3178 = EDGE_LOOP('',(#3179,#3200,#3201,#3222));
#3179 = ORIENTED_EDGE('',*,*,#3180,.F.);
#3180 = EDGE_CURVE('',#2949,#3064,#3181,.T.);
#3181 = SURFACE_CURVE('',#3182,(#3186,#3193),.PCURVE_S1.);
#3182 = LINE('',#3183,#3184);
#3183 = CARTESIAN_POINT('',(-9.2,1.58,0.));
#3184 = VECTOR('',#3185,1.);
#3185 = DIRECTION('',(1.,0.,0.));
#3186 = PCURVE('',#2992,#3187);
#3187 = DEFINITIONAL_REPRESENTATION('',(#3188),#3192);
#3188 = LINE('',#3189,#3190);
#3189 = CARTESIAN_POINT('',(0.,0.));
#3190 = VECTOR('',#3191,1.);
#3191 = DIRECTION('',(0.,1.));
#3192 = ( GEOMETRIC_REPRESENTATION_CONTEXT(2) 
PARAMETRIC_REPRESENTATION_CONTEXT() REPRESENTATION_CONTEXT('2D SPACE',''
  ) );
#3193 = PCURVE('',#2964,#3194);
#3194 = DEFINITIONAL_REPRESENTATION('',(#3195),#3199);
#3195 = LINE('',#3196,#3197);
#3196 = CARTESIAN_POINT('',(0.,0.62));
#3197 = VECTOR('',#3198,1.);
#3198 = DIRECTION('',(1.,0.));
#3199 = ( GEOMETRIC_REPRESENTATION_CONTEXT(2) 
PARAMETRIC_REPRESENTATION_CONTEXT() REPRESENTATION_CONTEXT('2D SPACE',''
  ) );
#3200 = ORIENTED_EDGE('',*,*,#2976,.T.);
#3201 = ORIENTED_EDGE('',*,*,#3202,.T.);
#3202 = EDGE_CURVE('',#2977,#3087,#3203,.T.);
#3203 = SURFACE_CURVE('',#3204,(#3208,#3215),.PCURVE_S1.);
#3204 = LINE('',#3205,#3206);
#3205 = CARTESIAN_POINT('',(-9.2,1.58,4.5));
#3206 = VECTOR('',#3207,1.);
#3207 = DIRECTION('',(1.,0.,0.));
#3208 = PCURVE('',#2992,#3209);
#3209 = DEFINITIONAL_REPRESENTATION('',(#3210),#3214);
#3210 = LINE('',#3211,#3212);
#3211 = CARTESIAN_POINT('',(4.5,0.));
#3212 = VECTOR('',#3213,1.);
#3213 = DIRECTION('',(0.,1.));
#3214 = ( GEOMETRIC_REPRESENTATION_CONTEXT(2) 
PARAMETRIC_REPRESENTATION_CONTEXT() REPRESENTATION_CONTEXT('2D SPACE',''
  ) );
#3215 = PCURVE('',#3018,#3216);
#3216 = DEFINITIONAL_REPRESENTATION('',(#3217),#3221);
#3217 = LINE('',#3218,#3219);
#3218 = CARTESIAN_POINT('',(0.,0.62));
#3219 = VECTOR('',#3220,1.);
#3220 = DIRECTION('',(1.,0.));
#3221 = ( GEOMETRIC_REPRESENTATION_CONTEXT(2) 
PARAMETRIC_REPRESENTATION_CONTEXT() REPRESENTATION_CONTEXT('2D SPACE',''
  ) );
#3222 = ORIENTED_EDGE('',*,*,#3086,.F.);
#3223 = ADVANCED_FACE('',(#3224),#2964,.F.);
#3224 = FACE_BOUND('',#3225,.F.);
#3225 = EDGE_LOOP('',(#3226,#3227,#3228,#3229));
#3226 = ORIENTED_EDGE('',*,*,#2948,.F.);
#3227 = ORIENTED_EDGE('',*,*,#3133,.T.);
#3228 = ORIENTED_EDGE('',*,*,#3063,.T.);
#3229 = ORIENTED_EDGE('',*,*,#3180,.F.);
#3230 = ADVANCED_FACE('',(#3231),#3018,.T.);
#3231 = FACE_BOUND('',#3232,.T.);
#3232 = EDGE_LOOP('',(#3233,#3234,#3235,#3236));
#3233 = ORIENTED_EDGE('',*,*,#3004,.F.);
#3234 = ORIENTED_EDGE('',*,*,#3155,.T.);
#3235 = ORIENTED_EDGE('',*,*,#3109,.T.);
#3236 = ORIENTED_EDGE('',*,*,#3202,.F.);
#3237 = ( GEOMETRIC_REPRESENTATION_CONTEXT(3) 
GLOBAL_UNCERTAINTY_ASSIGNED_CONTEXT((#3241)) 
GLOBAL_UNIT_ASSIGNED_CONTEXT((#3238,#3239,#3240)) REPRESENTATION_CONTEXT
('Context #1','3D Context with UNIT and UNCERTAINTY') );
#3238 = ( LENGTH_UNIT() NAMED_UNIT(*) SI_UNIT(.MILLI.,.METRE.) );
#3239 = ( NAMED_UNIT(*) PLANE_ANGLE_UNIT() SI_UNIT($,.RADIAN.) );
#3240 = ( NAMED_UNIT(*) SI_UNIT($,.STERADIAN.) SOLID_ANGLE_UNIT() );
#3241 = UNCERTAINTY_MEASURE_WITH_UNIT(LENGTH_MEASURE(1.E-07),#3238,
  'distance_accuracy_value','confusion accuracy');
#3242 = CONTEXT_DEPENDENT_SHAPE_REPRESENTATION(#3243,#3245);
#3243 = ( REPRESENTATION_RELATIONSHIP('','',#2906,#10) 
REPRESENTATION_RELATIONSHIP_WITH_TRANSFORMATION(#3244) 
SHAPE_REPRESENTATION_RELATIONSHIP() );
#3244 = ITEM_DEFINED_TRANSFORMATION('','',#11,#39);
#3245 = PRODUCT_DEFINITION_SHAPE('Placement','Placement of an item',
  #3246);
#3246 = NEXT_ASSEMBLY_USAGE_OCCURRENCE('98','pin_left_5','',#5,#2901,$);
#3247 = PRODUCT_RELATED_PRODUCT_CATEGORY('part',$,(#2903));
#3248 = SHAPE_DEFINITION_REPRESENTATION(#3249,#3255);
#3249 = PRODUCT_DEFINITION_SHAPE('','',#3250);
#3250 = PRODUCT_DEFINITION('design','',#3251,#3254);
#3251 = PRODUCT_DEFINITION_FORMATION('','',#3252);
#3252 = PRODUCT('pin_left_6','pin_left_6','',(#3253));
#3253 = PRODUCT_CONTEXT('',#2,'mechanical');
#3254 = PRODUCT_DEFINITION_CONTEXT('part definition',#2,'design');
#3255 = ADVANCED_BREP_SHAPE_REPRESENTATION('',(#11,#3256),#3586);
#3256 = MANIFOLD_SOLID_BREP('',#3257);
#3257 = CLOSED_SHELL('',(#3258,#3378,#3478,#3525,#3572,#3579));
#3258 = ADVANCED_FACE('',(#3259),#3273,.F.);
#3259 = FACE_BOUND('',#3260,.F.);
#3260 = EDGE_LOOP('',(#3261,#3296,#3324,#3352));
#3261 = ORIENTED_EDGE('',*,*,#3262,.F.);
#3262 = EDGE_CURVE('',#3263,#3265,#3267,.T.);
#3263 = VERTEX_POINT('',#3264);
#3264 = CARTESIAN_POINT('',(-9.2,-1.58,0.));
#3265 = VERTEX_POINT('',#3266);
#3266 = CARTESIAN_POINT('',(-9.2,-1.58,4.5));
#3267 = SURFACE_CURVE('',#3268,(#3272,#3284),.PCURVE_S1.);
#3268 = LINE('',#3269,#3270);
#3269 = CARTESIAN_POINT('',(-9.2,-1.58,0.));
#3270 = VECTOR('',#3271,1.);
#3271 = DIRECTION('',(0.,0.,1.));
#3272 = PCURVE('',#3273,#3278);
#3273 = PLANE('',#3274);
#3274 = AXIS2_PLACEMENT_3D('',#3275,#3276,#3277);
#3275 = CARTESIAN_POINT('',(-9.2,-1.58,0.));
#3276 = DIRECTION('',(1.,0.,0.));
#3277 = DIRECTION('',(0.,0.,1.));
#3278 = DEFINITIONAL_REPRESENTATION('',(#3279),#3283);
#3279 = LINE('',#3280,#3281);
#3280 = CARTESIAN_POINT('',(0.,0.));
#3281 = VECTOR('',#3282,1.);
#3282 = DIRECTION('',(1.,0.));
#3283 = ( GEOMETRIC_REPRESENTATION_CONTEXT(2) 
PARAMETRIC_REPRESENTATION_CONTEXT() REPRESENTATION_CONTEXT('2D SPACE',''
  ) );
#3284 = PCURVE('',#3285,#3290);
#3285 = PLANE('',#3286);
#3286 = AXIS2_PLACEMENT_3D('',#3287,#3288,#3289);
#3287 = CARTESIAN_POINT('',(-9.2,-1.58,0.));
#3288 = DIRECTION('',(0.,1.,0.));
#3289 = DIRECTION('',(0.,0.,1.));
#3290 = DEFINITIONAL_REPRESENTATION('',(#3291),#3295);
#3291 = LINE('',#3292,#3293);
#3292 = CARTESIAN_POINT('',(0.,0.));
#3293 = VECTOR('',#3294,1.);
#3294 = DIRECTION('',(1.,0.));
#3295 = ( GEOMETRIC_REPRESENTATION_CONTEXT(2) 
PARAMETRIC_REPRESENTATION_CONTEXT() REPRESENTATION_CONTEXT('2D SPACE',''
  ) );
#3296 = ORIENTED_EDGE('',*,*,#3297,.T.);
#3297 = EDGE_CURVE('',#3263,#3298,#3300,.T.);
#3298 = VERTEX_POINT('',#3299);
#3299 = CARTESIAN_POINT('',(-9.2,-0.96,0.));
#3300 = SURFACE_CURVE('',#3301,(#3305,#3312),.PCURVE_S1.);
#3301 = LINE('',#3302,#3303);
#3302 = CARTESIAN_POINT('',(-9.2,-1.58,0.));
#3303 = VECTOR('',#3304,1.);
#3304 = DIRECTION('',(0.,1.,0.));
#3305 = PCURVE('',#3273,#3306);
#3306 = DEFINITIONAL_REPRESENTATION('',(#3307),#3311);
#3307 = LINE('',#3308,#3309);
#3308 = CARTESIAN_POINT('',(0.,0.));
#3309 = VECTOR('',#3310,1.);
#3310 = DIRECTION('',(0.,-1.));
#3311 = ( GEOMETRIC_REPRESENTATION_CONTEXT(2) 
PARAMETRIC_REPRESENTATION_CONTEXT() REPRESENTATION_CONTEXT('2D SPACE',''
  ) );
#3312 = PCURVE('',#3313,#3318);
#3313 = PLANE('',#3314);
#3314 = AXIS2_PLACEMENT_3D('',#3315,#3316,#3317);
#3315 = CARTESIAN_POINT('',(-9.2,-1.58,0.));
#3316 = DIRECTION('',(0.,0.,1.));
#3317 = DIRECTION('',(1.,0.,0.));
#3318 = DEFINITIONAL_REPRESENTATION('',(#3319),#3323);
#3319 = LINE('',#3320,#3321);
#3320 = CARTESIAN_POINT('',(0.,0.));
#3321 = VECTOR('',#3322,1.);
#3322 = DIRECTION('',(0.,1.));
#3323 = ( GEOMETRIC_REPRESENTATION_CONTEXT(2) 
PARAMETRIC_REPRESENTATION_CONTEXT() REPRESENTATION_CONTEXT('2D SPACE',''
  ) );
#3324 = ORIENTED_EDGE('',*,*,#3325,.T.);
#3325 = EDGE_CURVE('',#3298,#3326,#3328,.T.);
#3326 = VERTEX_POINT('',#3327);
#3327 = CARTESIAN_POINT('',(-9.2,-0.96,4.5));
#3328 = SURFACE_CURVE('',#3329,(#3333,#3340),.PCURVE_S1.);
#3329 = LINE('',#3330,#3331);
#3330 = CARTESIAN_POINT('',(-9.2,-0.96,0.));
#3331 = VECTOR('',#3332,1.);
#3332 = DIRECTION('',(0.,0.,1.));
#3333 = PCURVE('',#3273,#3334);
#3334 = DEFINITIONAL_REPRESENTATION('',(#3335),#3339);
#3335 = LINE('',#3336,#3337);
#3336 = CARTESIAN_POINT('',(0.,-0.62));
#3337 = VECTOR('',#3338,1.);
#3338 = DIRECTION('',(1.,0.));
#3339 = ( GEOMETRIC_REPRESENTATION_CONTEXT(2) 
PARAMETRIC_REPRESENTATION_CONTEXT() REPRESENTATION_CONTEXT('2D SPACE',''
  ) );
#3340 = PCURVE('',#3341,#3346);
#3341 = PLANE('',#3342);
#3342 = AXIS2_PLACEMENT_3D('',#3343,#3344,#3345);
#3343 = CARTESIAN_POINT('',(-9.2,-0.96,0.));
#3344 = DIRECTION('',(0.,1.,0.));
#3345 = DIRECTION('',(0.,0.,1.));
#3346 = DEFINITIONAL_REPRESENTATION('',(#3347),#3351);
#3347 = LINE('',#3348,#3349);
#3348 = CARTESIAN_POINT('',(0.,0.));
#3349 = VECTOR('',#3350,1.);
#3350 = DIRECTION('',(1.,0.));
#3351 = ( GEOMETRIC_REPRESENTATION_CONTEXT(2) 
PARAMETRIC_REPRESENTATION_CONTEXT() REPRESENTATION_CONTEXT('2D SPACE',''
  ) );
#3352 = ORIENTED_EDGE('',*,*,#3353,.F.);
#3353 = EDGE_CURVE('',#3265,#3326,#3354,.T.);
#3354 = SURFACE_CURVE('',#3355,(#3359,#3366),.PCURVE_S1.);
#3355 = LINE('',#3356,#3357);
#3356 = CARTESIAN_POINT('',(-9.2,-1.58,4.5));
#3357 = VECTOR('',#3358,1.);
#3358 = DIRECTION('',(0.,1.,0.));
#3359 = PCURVE('',#3273,#3360);
#3360 = DEFINITIONAL_REPRESENTATION('',(#3361),#3365);
#3361 = LINE('',#3362,#3363);
#3362 = CARTESIAN_POINT('',(4.5,0.));
#3363 = VECTOR('',#3364,1.);
#3364 = DIRECTION('',(0.,-1.));
#3365 = ( GEOMETRIC_REPRESENTATION_CONTEXT(2) 
PARAMETRIC_REPRESENTATION_CONTEXT() REPRESENTATION_CONTEXT('2D SPACE',''
  ) );
#3366 = PCURVE('',#3367,#3372);
#3367 = PLANE('',#3368);
#3368 = AXIS2_PLACEMENT_3D('',#3369,#3370,#3371);
#3369 = CARTESIAN_POINT('',(-9.2,-1.58,4.5));
#3370 = DIRECTION('',(0.,0.,1.));
#3371 = DIRECTION('',(1.,0.,0.));
#3372 = DEFINITIONAL_REPRESENTATION('',(#3373),#3377);
#3373 = LINE('',#3374,#3375);
#3374 = CARTESIAN_POINT('',(0.,0.));
#3375 = VECTOR('',#3376,1.);
#3376 = DIRECTION('',(0.,1.));
#3377 = ( GEOMETRIC_REPRESENTATION_CONTEXT(2) 
PARAMETRIC_REPRESENTATION_CONTEXT() REPRESENTATION_CONTEXT('2D SPACE',''
  ) );
#3378 = ADVANCED_FACE('',(#3379),#3393,.T.);
#3379 = FACE_BOUND('',#3380,.T.);
#3380 = EDGE_LOOP('',(#3381,#3411,#3434,#3457));
#3381 = ORIENTED_EDGE('',*,*,#3382,.F.);
#3382 = EDGE_CURVE('',#3383,#3385,#3387,.T.);
#3383 = VERTEX_POINT('',#3384);
#3384 = CARTESIAN_POINT('',(-8.58,-1.58,0.));
#3385 = VERTEX_POINT('',#3386);
#3386 = CARTESIAN_POINT('',(-8.58,-1.58,4.5));
#3387 = SURFACE_CURVE('',#3388,(#3392,#3404),.PCURVE_S1.);
#3388 = LINE('',#3389,#3390);
#3389 = CARTESIAN_POINT('',(-8.58,-1.58,0.));
#3390 = VECTOR('',#3391,1.);
#3391 = DIRECTION('',(0.,0.,1.));
#3392 = PCURVE('',#3393,#3398);
#3393 = PLANE('',#3394);
#3394 = AXIS2_PLACEMENT_3D('',#3395,#3396,#3397);
#3395 = CARTESIAN_POINT('',(-8.58,-1.58,0.));
#3396 = DIRECTION('',(1.,0.,0.));
#3397 = DIRECTION('',(0.,0.,1.));
#3398 = DEFINITIONAL_REPRESENTATION('',(#3399),#3403);
#3399 = LINE('',#3400,#3401);
#3400 = CARTESIAN_POINT('',(0.,0.));
#3401 = VECTOR('',#3402,1.);
#3402 = DIRECTION('',(1.,0.));
#3403 = ( GEOMETRIC_REPRESENTATION_CONTEXT(2) 
PARAMETRIC_REPRESENTATION_CONTEXT() REPRESENTATION_CONTEXT('2D SPACE',''
  ) );
#3404 = PCURVE('',#3285,#3405);
#3405 = DEFINITIONAL_REPRESENTATION('',(#3406),#3410);
#3406 = LINE('',#3407,#3408);
#3407 = CARTESIAN_POINT('',(0.,0.62));
#3408 = VECTOR('',#3409,1.);
#3409 = DIRECTION('',(1.,0.));
#3410 = ( GEOMETRIC_REPRESENTATION_CONTEXT(2) 
PARAMETRIC_REPRESENTATION_CONTEXT() REPRESENTATION_CONTEXT('2D SPACE',''
  ) );
#3411 = ORIENTED_EDGE('',*,*,#3412,.T.);
#3412 = EDGE_CURVE('',#3383,#3413,#3415,.T.);
#3413 = VERTEX_POINT('',#3414);
#3414 = CARTESIAN_POINT('',(-8.58,-0.96,0.));
#3415 = SURFACE_CURVE('',#3416,(#3420,#3427),.PCURVE_S1.);
#3416 = LINE('',#3417,#3418);
#3417 = CARTESIAN_POINT('',(-8.58,-1.58,0.));
#3418 = VECTOR('',#3419,1.);
#3419 = DIRECTION('',(0.,1.,0.));
#3420 = PCURVE('',#3393,#3421);
#3421 = DEFINITIONAL_REPRESENTATION('',(#3422),#3426);
#3422 = LINE('',#3423,#3424);
#3423 = CARTESIAN_POINT('',(0.,0.));
#3424 = VECTOR('',#3425,1.);
#3425 = DIRECTION('',(0.,-1.));
#3426 = ( GEOMETRIC_REPRESENTATION_CONTEXT(2) 
PARAMETRIC_REPRESENTATION_CONTEXT() REPRESENTATION_CONTEXT('2D SPACE',''
  ) );
#3427 = PCURVE('',#3313,#3428);
#3428 = DEFINITIONAL_REPRESENTATION('',(#3429),#3433);
#3429 = LINE('',#3430,#3431);
#3430 = CARTESIAN_POINT('',(0.62,0.));
#3431 = VECTOR('',#3432,1.);
#3432 = DIRECTION('',(0.,1.));
#3433 = ( GEOMETRIC_REPRESENTATION_CONTEXT(2) 
PARAMETRIC_REPRESENTATION_CONTEXT() REPRESENTATION_CONTEXT('2D SPACE',''
  ) );
#3434 = ORIENTED_EDGE('',*,*,#3435,.T.);
#3435 = EDGE_CURVE('',#3413,#3436,#3438,.T.);
#3436 = VERTEX_POINT('',#3437);
#3437 = CARTESIAN_POINT('',(-8.58,-0.96,4.5));
#3438 = SURFACE_CURVE('',#3439,(#3443,#3450),.PCURVE_S1.);
#3439 = LINE('',#3440,#3441);
#3440 = CARTESIAN_POINT('',(-8.58,-0.96,0.));
#3441 = VECTOR('',#3442,1.);
#3442 = DIRECTION('',(0.,0.,1.));
#3443 = PCURVE('',#3393,#3444);
#3444 = DEFINITIONAL_REPRESENTATION('',(#3445),#3449);
#3445 = LINE('',#3446,#3447);
#3446 = CARTESIAN_POINT('',(0.,-0.62));
#3447 = VECTOR('',#3448,1.);
#3448 = DIRECTION('',(1.,0.));
#3449 = ( GEOMETRIC_REPRESENTATION_CONTEXT(2) 
PARAMETRIC_REPRESENTATION_CONTEXT() REPRESENTATION_CONTEXT('2D SPACE',''
  ) );
#3450 = PCURVE('',#3341,#3451);
#3451 = DEFINITIONAL_REPRESENTATION('',(#3452),#3456);
#3452 = LINE('',#3453,#3454);
#3453 = CARTESIAN_POINT('',(0.,0.62));
#3454 = VECTOR('',#3455,1.);
#3455 = DIRECTION('',(1.,0.));
#3456 = ( GEOMETRIC_REPRESENTATION_CONTEXT(2) 
PARAMETRIC_REPRESENTATION_CONTEXT() REPRESENTATION_CONTEXT('2D SPACE',''
  ) );
#3457 = ORIENTED_EDGE('',*,*,#3458,.F.);
#3458 = EDGE_CURVE('',#3385,#3436,#3459,.T.);
#3459 = SURFACE_CURVE('',#3460,(#3464,#3471),.PCURVE_S1.);
#3460 = LINE('',#3461,#3462);
#3461 = CARTESIAN_POINT('',(-8.58,-1.58,4.5));
#3462 = VECTOR('',#3463,1.);
#3463 = DIRECTION('',(0.,1.,0.));
#3464 = PCURVE('',#3393,#3465);
#3465 = DEFINITIONAL_REPRESENTATION('',(#3466),#3470);
#3466 = LINE('',#3467,#3468);
#3467 = CARTESIAN_POINT('',(4.5,0.));
#3468 = VECTOR('',#3469,1.);
#3469 = DIRECTION('',(0.,-1.));
#3470 = ( GEOMETRIC_REPRESENTATION_CONTEXT(2) 
PARAMETRIC_REPRESENTATION_CONTEXT() REPRESENTATION_CONTEXT('2D SPACE',''
  ) );
#3471 = PCURVE('',#3367,#3472);
#3472 = DEFINITIONAL_REPRESENTATION('',(#3473),#3477);
#3473 = LINE('',#3474,#3475);
#3474 = CARTESIAN_POINT('',(0.62,0.));
#3475 = VECTOR('',#3476,1.);
#3476 = DIRECTION('',(0.,1.));
#3477 = ( GEOMETRIC_REPRESENTATION_CONTEXT(2) 
PARAMETRIC_REPRESENTATION_CONTEXT() REPRESENTATION_CONTEXT('2D SPACE',''
  ) );
#3478 = ADVANCED_FACE('',(#3479),#3285,.F.);
#3479 = FACE_BOUND('',#3480,.F.);
#3480 = EDGE_LOOP('',(#3481,#3502,#3503,#3524));
#3481 = ORIENTED_EDGE('',*,*,#3482,.F.);
#3482 = EDGE_CURVE('',#3263,#3383,#3483,.T.);
#3483 = SURFACE_CURVE('',#3484,(#3488,#3495),.PCURVE_S1.);
#3484 = LINE('',#3485,#3486);
#3485 = CARTESIAN_POINT('',(-9.2,-1.58,0.));
#3486 = VECTOR('',#3487,1.);
#3487 = DIRECTION('',(1.,0.,0.));
#3488 = PCURVE('',#3285,#3489);
#3489 = DEFINITIONAL_REPRESENTATION('',(#3490),#3494);
#3490 = LINE('',#3491,#3492);
#3491 = CARTESIAN_POINT('',(0.,0.));
#3492 = VECTOR('',#3493,1.);
#3493 = DIRECTION('',(0.,1.));
#3494 = ( GEOMETRIC_REPRESENTATION_CONTEXT(2) 
PARAMETRIC_REPRESENTATION_CONTEXT() REPRESENTATION_CONTEXT('2D SPACE',''
  ) );
#3495 = PCURVE('',#3313,#3496);
#3496 = DEFINITIONAL_REPRESENTATION('',(#3497),#3501);
#3497 = LINE('',#3498,#3499);
#3498 = CARTESIAN_POINT('',(0.,0.));
#3499 = VECTOR('',#3500,1.);
#3500 = DIRECTION('',(1.,0.));
#3501 = ( GEOMETRIC_REPRESENTATION_CONTEXT(2) 
PARAMETRIC_REPRESENTATION_CONTEXT() REPRESENTATION_CONTEXT('2D SPACE',''
  ) );
#3502 = ORIENTED_EDGE('',*,*,#3262,.T.);
#3503 = ORIENTED_EDGE('',*,*,#3504,.T.);
#3504 = EDGE_CURVE('',#3265,#3385,#3505,.T.);
#3505 = SURFACE_CURVE('',#3506,(#3510,#3517),.PCURVE_S1.);
#3506 = LINE('',#3507,#3508);
#3507 = CARTESIAN_POINT('',(-9.2,-1.58,4.5));
#3508 = VECTOR('',#3509,1.);
#3509 = DIRECTION('',(1.,0.,0.));
#3510 = PCURVE('',#3285,#3511);
#3511 = DEFINITIONAL_REPRESENTATION('',(#3512),#3516);
#3512 = LINE('',#3513,#3514);
#3513 = CARTESIAN_POINT('',(4.5,0.));
#3514 = VECTOR('',#3515,1.);
#3515 = DIRECTION('',(0.,1.));
#3516 = ( GEOMETRIC_REPRESENTATION_CONTEXT(2) 
PARAMETRIC_REPRESENTATION_CONTEXT() REPRESENTATION_CONTEXT('2D SPACE',''
  ) );
#3517 = PCURVE('',#3367,#3518);
#3518 = DEFINITIONAL_REPRESENTATION('',(#3519),#3523);
#3519 = LINE('',#3520,#3521);
#3520 = CARTESIAN_POINT('',(0.,0.));
#3521 = VECTOR('',#3522,1.);
#3522 = DIRECTION('',(1.,0.));
#3523 = ( GEOMETRIC_REPRESENTATION_CONTEXT(2) 
PARAMETRIC_REPRESENTATION_CONTEXT() REPRESENTATION_CONTEXT('2D SPACE',''
  ) );
#3524 = ORIENTED_EDGE('',*,*,#3382,.F.);
#3525 = ADVANCED_FACE('',(#3526),#3341,.T.);
#3526 = FACE_BOUND('',#3527,.T.);
#3527 = EDGE_LOOP('',(#3528,#3549,#3550,#3571));
#3528 = ORIENTED_EDGE('',*,*,#3529,.F.);
#3529 = EDGE_CURVE('',#3298,#3413,#3530,.T.);
#3530 = SURFACE_CURVE('',#3531,(#3535,#3542),.PCURVE_S1.);
#3531 = LINE('',#3532,#3533);
#3532 = CARTESIAN_POINT('',(-9.2,-0.96,0.));
#3533 = VECTOR('',#3534,1.);
#3534 = DIRECTION('',(1.,0.,0.));
#3535 = PCURVE('',#3341,#3536);
#3536 = DEFINITIONAL_REPRESENTATION('',(#3537),#3541);
#3537 = LINE('',#3538,#3539);
#3538 = CARTESIAN_POINT('',(0.,0.));
#3539 = VECTOR('',#3540,1.);
#3540 = DIRECTION('',(0.,1.));
#3541 = ( GEOMETRIC_REPRESENTATION_CONTEXT(2) 
PARAMETRIC_REPRESENTATION_CONTEXT() REPRESENTATION_CONTEXT('2D SPACE',''
  ) );
#3542 = PCURVE('',#3313,#3543);
#3543 = DEFINITIONAL_REPRESENTATION('',(#3544),#3548);
#3544 = LINE('',#3545,#3546);
#3545 = CARTESIAN_POINT('',(0.,0.62));
#3546 = VECTOR('',#3547,1.);
#3547 = DIRECTION('',(1.,0.));
#3548 = ( GEOMETRIC_REPRESENTATION_CONTEXT(2) 
PARAMETRIC_REPRESENTATION_CONTEXT() REPRESENTATION_CONTEXT('2D SPACE',''
  ) );
#3549 = ORIENTED_EDGE('',*,*,#3325,.T.);
#3550 = ORIENTED_EDGE('',*,*,#3551,.T.);
#3551 = EDGE_CURVE('',#3326,#3436,#3552,.T.);
#3552 = SURFACE_CURVE('',#3553,(#3557,#3564),.PCURVE_S1.);
#3553 = LINE('',#3554,#3555);
#3554 = CARTESIAN_POINT('',(-9.2,-0.96,4.5));
#3555 = VECTOR('',#3556,1.);
#3556 = DIRECTION('',(1.,0.,0.));
#3557 = PCURVE('',#3341,#3558);
#3558 = DEFINITIONAL_REPRESENTATION('',(#3559),#3563);
#3559 = LINE('',#3560,#3561);
#3560 = CARTESIAN_POINT('',(4.5,0.));
#3561 = VECTOR('',#3562,1.);
#3562 = DIRECTION('',(0.,1.));
#3563 = ( GEOMETRIC_REPRESENTATION_CONTEXT(2) 
PARAMETRIC_REPRESENTATION_CONTEXT() REPRESENTATION_CONTEXT('2D SPACE',''
  ) );
#3564 = PCURVE('',#3367,#3565);
#3565 = DEFINITIONAL_REPRESENTATION('',(#3566),#3570);
#3566 = LINE('',#3567,#3568);
#3567 = CARTESIAN_POINT('',(0.,0.62));
#3568 = VECTOR('',#3569,1.);
#3569 = DIRECTION('',(1.,0.));
#3570 = ( GEOMETRIC_REPRESENTATION_CONTEXT(2) 
PARAMETRIC_REPRESENTATION_CONTEXT() REPRESENTATION_CONTEXT('2D SPACE',''
  ) );
#3571 = ORIENTED_EDGE('',*,*,#3435,.F.);
#3572 = ADVANCED_FACE('',(#3573),#3313,.F.);
#3573 = FACE_BOUND('',#3574,.F.);
#3574 = EDGE_LOOP('',(#3575,#3576,#3577,#3578));
#3575 = ORIENTED_EDGE('',*,*,#3297,.F.);
#3576 = ORIENTED_EDGE('',*,*,#3482,.T.);
#3577 = ORIENTED_EDGE('',*,*,#3412,.T.);
#3578 = ORIENTED_EDGE('',*,*,#3529,.F.);
#3579 = ADVANCED_FACE('',(#3580),#3367,.T.);
#3580 = FACE_BOUND('',#3581,.T.);
#3581 = EDGE_LOOP('',(#3582,#3583,#3584,#3585));
#3582 = ORIENTED_EDGE('',*,*,#3353,.F.);
#3583 = ORIENTED_EDGE('',*,*,#3504,.T.);
#3584 = ORIENTED_EDGE('',*,*,#3458,.T.);
#3585 = ORIENTED_EDGE('',*,*,#3551,.F.);
#3586 = ( GEOMETRIC_REPRESENTATION_CONTEXT(3) 
GLOBAL_UNCERTAINTY_ASSIGNED_CONTEXT((#3590)) 
GLOBAL_UNIT_ASSIGNED_CONTEXT((#3587,#3588,#3589)) REPRESENTATION_CONTEXT
('Context #1','3D Context with UNIT and UNCERTAINTY') );
#3587 = ( LENGTH_UNIT() NAMED_UNIT(*) SI_UNIT(.MILLI.,.METRE.) );
#3588 = ( NAMED_UNIT(*) PLANE_ANGLE_UNIT() SI_UNIT($,.RADIAN.) );
#3589 = ( NAMED_UNIT(*) SI_UNIT($,.STERADIAN.) SOLID_ANGLE_UNIT() );
#3590 = UNCERTAINTY_MEASURE_WITH_UNIT(LENGTH_MEASURE(1.E-07),#3587,
  'distance_accuracy_value','confusion accuracy');
#3591 = CONTEXT_DEPENDENT_SHAPE_REPRESENTATION(#3592,#3594);
#3592 = ( REPRESENTATION_RELATIONSHIP('','',#3255,#10) 
REPRESENTATION_RELATIONSHIP_WITH_TRANSFORMATION(#3593) 
SHAPE_REPRESENTATION_RELATIONSHIP() );
#3593 = ITEM_DEFINED_TRANSFORMATION('','',#11,#43);
#3594 = PRODUCT_DEFINITION_SHAPE('Placement','Placement of an item',
  #3595);
#3595 = NEXT_ASSEMBLY_USAGE_OCCURRENCE('99','pin_left_6','',#5,#3250,$);
#3596 = PRODUCT_RELATED_PRODUCT_CATEGORY('part',$,(#3252));
#3597 = SHAPE_DEFINITION_REPRESENTATION(#3598,#3604);
#3598 = PRODUCT_DEFINITION_SHAPE('','',#3599);
#3599 = PRODUCT_DEFINITION('design','',#3600,#3603);
#3600 = PRODUCT_DEFINITION_FORMATION('','',#3601);
#3601 = PRODUCT('pin_left_7','pin_left_7','',(#3602));
#3602 = PRODUCT_CONTEXT('',#2,'mechanical');
#3603 = PRODUCT_DEFINITION_CONTEXT('part definition',#2,'design');
#3604 = ADVANCED_BREP_SHAPE_REPRESENTATION('',(#11,#3605),#3935);
#3605 = MANIFOLD_SOLID_BREP('',#3606);
#3606 = CLOSED_SHELL('',(#3607,#3727,#3827,#3874,#3921,#3928));
#3607 = ADVANCED_FACE('',(#3608),#3622,.F.);
#3608 = FACE_BOUND('',#3609,.F.);
#3609 = EDGE_LOOP('',(#3610,#3645,#3673,#3701));
#3610 = ORIENTED_EDGE('',*,*,#3611,.F.);
#3611 = EDGE_CURVE('',#3612,#3614,#3616,.T.);
#3612 = VERTEX_POINT('',#3613);
#3613 = CARTESIAN_POINT('',(-9.2,-4.12,0.));
#3614 = VERTEX_POINT('',#3615);
#3615 = CARTESIAN_POINT('',(-9.2,-4.12,4.5));
#3616 = SURFACE_CURVE('',#3617,(#3621,#3633),.PCURVE_S1.);
#3617 = LINE('',#3618,#3619);
#3618 = CARTESIAN_POINT('',(-9.2,-4.12,0.));
#3619 = VECTOR('',#3620,1.);
#3620 = DIRECTION('',(0.,0.,1.));
#3621 = PCURVE('',#3622,#3627);
#3622 = PLANE('',#3623);
#3623 = AXIS2_PLACEMENT_3D('',#3624,#3625,#3626);
#3624 = CARTESIAN_POINT('',(-9.2,-4.12,0.));
#3625 = DIRECTION('',(1.,0.,0.));
#3626 = DIRECTION('',(0.,0.,1.));
#3627 = DEFINITIONAL_REPRESENTATION('',(#3628),#3632);
#3628 = LINE('',#3629,#3630);
#3629 = CARTESIAN_POINT('',(0.,0.));
#3630 = VECTOR('',#3631,1.);
#3631 = DIRECTION('',(1.,0.));
#3632 = ( GEOMETRIC_REPRESENTATION_CONTEXT(2) 
PARAMETRIC_REPRESENTATION_CONTEXT() REPRESENTATION_CONTEXT('2D SPACE',''
  ) );
#3633 = PCURVE('',#3634,#3639);
#3634 = PLANE('',#3635);
#3635 = AXIS2_PLACEMENT_3D('',#3636,#3637,#3638);
#3636 = CARTESIAN_POINT('',(-9.2,-4.12,0.));
#3637 = DIRECTION('',(0.,1.,0.));
#3638 = DIRECTION('',(0.,0.,1.));
#3639 = DEFINITIONAL_REPRESENTATION('',(#3640),#3644);
#3640 = LINE('',#3641,#3642);
#3641 = CARTESIAN_POINT('',(0.,0.));
#3642 = VECTOR('',#3643,1.);
#3643 = DIRECTION('',(1.,0.));
#3644 = ( GEOMETRIC_REPRESENTATION_CONTEXT(2) 
PARAMETRIC_REPRESENTATION_CONTEXT() REPRESENTATION_CONTEXT('2D SPACE',''
  ) );
#3645 = ORIENTED_EDGE('',*,*,#3646,.T.);
#3646 = EDGE_CURVE('',#3612,#3647,#3649,.T.);
#3647 = VERTEX_POINT('',#3648);
#3648 = CARTESIAN_POINT('',(-9.2,-3.5,0.));
#3649 = SURFACE_CURVE('',#3650,(#3654,#3661),.PCURVE_S1.);
#3650 = LINE('',#3651,#3652);
#3651 = CARTESIAN_POINT('',(-9.2,-4.12,0.));
#3652 = VECTOR('',#3653,1.);
#3653 = DIRECTION('',(0.,1.,0.));
#3654 = PCURVE('',#3622,#3655);
#3655 = DEFINITIONAL_REPRESENTATION('',(#3656),#3660);
#3656 = LINE('',#3657,#3658);
#3657 = CARTESIAN_POINT('',(0.,0.));
#3658 = VECTOR('',#3659,1.);
#3659 = DIRECTION('',(0.,-1.));
#3660 = ( GEOMETRIC_REPRESENTATION_CONTEXT(2) 
PARAMETRIC_REPRESENTATION_CONTEXT() REPRESENTATION_CONTEXT('2D SPACE',''
  ) );
#3661 = PCURVE('',#3662,#3667);
#3662 = PLANE('',#3663);
#3663 = AXIS2_PLACEMENT_3D('',#3664,#3665,#3666);
#3664 = CARTESIAN_POINT('',(-9.2,-4.12,0.));
#3665 = DIRECTION('',(0.,0.,1.));
#3666 = DIRECTION('',(1.,0.,0.));
#3667 = DEFINITIONAL_REPRESENTATION('',(#3668),#3672);
#3668 = LINE('',#3669,#3670);
#3669 = CARTESIAN_POINT('',(0.,0.));
#3670 = VECTOR('',#3671,1.);
#3671 = DIRECTION('',(0.,1.));
#3672 = ( GEOMETRIC_REPRESENTATION_CONTEXT(2) 
PARAMETRIC_REPRESENTATION_CONTEXT() REPRESENTATION_CONTEXT('2D SPACE',''
  ) );
#3673 = ORIENTED_EDGE('',*,*,#3674,.T.);
#3674 = EDGE_CURVE('',#3647,#3675,#3677,.T.);
#3675 = VERTEX_POINT('',#3676);
#3676 = CARTESIAN_POINT('',(-9.2,-3.5,4.5));
#3677 = SURFACE_CURVE('',#3678,(#3682,#3689),.PCURVE_S1.);
#3678 = LINE('',#3679,#3680);
#3679 = CARTESIAN_POINT('',(-9.2,-3.5,0.));
#3680 = VECTOR('',#3681,1.);
#3681 = DIRECTION('',(0.,0.,1.));
#3682 = PCURVE('',#3622,#3683);
#3683 = DEFINITIONAL_REPRESENTATION('',(#3684),#3688);
#3684 = LINE('',#3685,#3686);
#3685 = CARTESIAN_POINT('',(0.,-0.62));
#3686 = VECTOR('',#3687,1.);
#3687 = DIRECTION('',(1.,0.));
#3688 = ( GEOMETRIC_REPRESENTATION_CONTEXT(2) 
PARAMETRIC_REPRESENTATION_CONTEXT() REPRESENTATION_CONTEXT('2D SPACE',''
  ) );
#3689 = PCURVE('',#3690,#3695);
#3690 = PLANE('',#3691);
#3691 = AXIS2_PLACEMENT_3D('',#3692,#3693,#3694);
#3692 = CARTESIAN_POINT('',(-9.2,-3.5,0.));
#3693 = DIRECTION('',(0.,1.,0.));
#3694 = DIRECTION('',(0.,0.,1.));
#3695 = DEFINITIONAL_REPRESENTATION('',(#3696),#3700);
#3696 = LINE('',#3697,#3698);
#3697 = CARTESIAN_POINT('',(0.,0.));
#3698 = VECTOR('',#3699,1.);
#3699 = DIRECTION('',(1.,0.));
#3700 = ( GEOMETRIC_REPRESENTATION_CONTEXT(2) 
PARAMETRIC_REPRESENTATION_CONTEXT() REPRESENTATION_CONTEXT('2D SPACE',''
  ) );
#3701 = ORIENTED_EDGE('',*,*,#3702,.F.);
#3702 = EDGE_CURVE('',#3614,#3675,#3703,.T.);
#3703 = SURFACE_CURVE('',#3704,(#3708,#3715),.PCURVE_S1.);
#3704 = LINE('',#3705,#3706);
#3705 = CARTESIAN_POINT('',(-9.2,-4.12,4.5));
#3706 = VECTOR('',#3707,1.);
#3707 = DIRECTION('',(0.,1.,0.));
#3708 = PCURVE('',#3622,#3709);
#3709 = DEFINITIONAL_REPRESENTATION('',(#3710),#3714);
#3710 = LINE('',#3711,#3712);
#3711 = CARTESIAN_POINT('',(4.5,0.));
#3712 = VECTOR('',#3713,1.);
#3713 = DIRECTION('',(0.,-1.));
#3714 = ( GEOMETRIC_REPRESENTATION_CONTEXT(2) 
PARAMETRIC_REPRESENTATION_CONTEXT() REPRESENTATION_CONTEXT('2D SPACE',''
  ) );
#3715 = PCURVE('',#3716,#3721);
#3716 = PLANE('',#3717);
#3717 = AXIS2_PLACEMENT_3D('',#3718,#3719,#3720);
#3718 = CARTESIAN_POINT('',(-9.2,-4.12,4.5));
#3719 = DIRECTION('',(0.,0.,1.));
#3720 = DIRECTION('',(1.,0.,0.));
#3721 = DEFINITIONAL_REPRESENTATION('',(#3722),#3726);
#3722 = LINE('',#3723,#3724);
#3723 = CARTESIAN_POINT('',(0.,0.));
#3724 = VECTOR('',#3725,1.);
#3725 = DIRECTION('',(0.,1.));
#3726 = ( GEOMETRIC_REPRESENTATION_CONTEXT(2) 
PARAMETRIC_REPRESENTATION_CONTEXT() REPRESENTATION_CONTEXT('2D SPACE',''
  ) );
#3727 = ADVANCED_FACE('',(#3728),#3742,.T.);
#3728 = FACE_BOUND('',#3729,.T.);
#3729 = EDGE_LOOP('',(#3730,#3760,#3783,#3806));
#3730 = ORIENTED_EDGE('',*,*,#3731,.F.);
#3731 = EDGE_CURVE('',#3732,#3734,#3736,.T.);
#3732 = VERTEX_POINT('',#3733);
#3733 = CARTESIAN_POINT('',(-8.58,-4.12,0.));
#3734 = VERTEX_POINT('',#3735);
#3735 = CARTESIAN_POINT('',(-8.58,-4.12,4.5));
#3736 = SURFACE_CURVE('',#3737,(#3741,#3753),.PCURVE_S1.);
#3737 = LINE('',#3738,#3739);
#3738 = CARTESIAN_POINT('',(-8.58,-4.12,0.));
#3739 = VECTOR('',#3740,1.);
#3740 = DIRECTION('',(0.,0.,1.));
#3741 = PCURVE('',#3742,#3747);
#3742 = PLANE('',#3743);
#3743 = AXIS2_PLACEMENT_3D('',#3744,#3745,#3746);
#3744 = CARTESIAN_POINT('',(-8.58,-4.12,0.));
#3745 = DIRECTION('',(1.,0.,0.));
#3746 = DIRECTION('',(0.,0.,1.));
#3747 = DEFINITIONAL_REPRESENTATION('',(#3748),#3752);
#3748 = LINE('',#3749,#3750);
#3749 = CARTESIAN_POINT('',(0.,0.));
#3750 = VECTOR('',#3751,1.);
#3751 = DIRECTION('',(1.,0.));
#3752 = ( GEOMETRIC_REPRESENTATION_CONTEXT(2) 
PARAMETRIC_REPRESENTATION_CONTEXT() REPRESENTATION_CONTEXT('2D SPACE',''
  ) );
#3753 = PCURVE('',#3634,#3754);
#3754 = DEFINITIONAL_REPRESENTATION('',(#3755),#3759);
#3755 = LINE('',#3756,#3757);
#3756 = CARTESIAN_POINT('',(0.,0.62));
#3757 = VECTOR('',#3758,1.);
#3758 = DIRECTION('',(1.,0.));
#3759 = ( GEOMETRIC_REPRESENTATION_CONTEXT(2) 
PARAMETRIC_REPRESENTATION_CONTEXT() REPRESENTATION_CONTEXT('2D SPACE',''
  ) );
#3760 = ORIENTED_EDGE('',*,*,#3761,.T.);
#3761 = EDGE_CURVE('',#3732,#3762,#3764,.T.);
#3762 = VERTEX_POINT('',#3763);
#3763 = CARTESIAN_POINT('',(-8.58,-3.5,0.));
#3764 = SURFACE_CURVE('',#3765,(#3769,#3776),.PCURVE_S1.);
#3765 = LINE('',#3766,#3767);
#3766 = CARTESIAN_POINT('',(-8.58,-4.12,0.));
#3767 = VECTOR('',#3768,1.);
#3768 = DIRECTION('',(0.,1.,0.));
#3769 = PCURVE('',#3742,#3770);
#3770 = DEFINITIONAL_REPRESENTATION('',(#3771),#3775);
#3771 = LINE('',#3772,#3773);
#3772 = CARTESIAN_POINT('',(0.,0.));
#3773 = VECTOR('',#3774,1.);
#3774 = DIRECTION('',(0.,-1.));
#3775 = ( GEOMETRIC_REPRESENTATION_CONTEXT(2) 
PARAMETRIC_REPRESENTATION_CONTEXT() REPRESENTATION_CONTEXT('2D SPACE',''
  ) );
#3776 = PCURVE('',#3662,#3777);
#3777 = DEFINITIONAL_REPRESENTATION('',(#3778),#3782);
#3778 = LINE('',#3779,#3780);
#3779 = CARTESIAN_POINT('',(0.62,0.));
#3780 = VECTOR('',#3781,1.);
#3781 = DIRECTION('',(0.,1.));
#3782 = ( GEOMETRIC_REPRESENTATION_CONTEXT(2) 
PARAMETRIC_REPRESENTATION_CONTEXT() REPRESENTATION_CONTEXT('2D SPACE',''
  ) );
#3783 = ORIENTED_EDGE('',*,*,#3784,.T.);
#3784 = EDGE_CURVE('',#3762,#3785,#3787,.T.);
#3785 = VERTEX_POINT('',#3786);
#3786 = CARTESIAN_POINT('',(-8.58,-3.5,4.5));
#3787 = SURFACE_CURVE('',#3788,(#3792,#3799),.PCURVE_S1.);
#3788 = LINE('',#3789,#3790);
#3789 = CARTESIAN_POINT('',(-8.58,-3.5,0.));
#3790 = VECTOR('',#3791,1.);
#3791 = DIRECTION('',(0.,0.,1.));
#3792 = PCURVE('',#3742,#3793);
#3793 = DEFINITIONAL_REPRESENTATION('',(#3794),#3798);
#3794 = LINE('',#3795,#3796);
#3795 = CARTESIAN_POINT('',(0.,-0.62));
#3796 = VECTOR('',#3797,1.);
#3797 = DIRECTION('',(1.,0.));
#3798 = ( GEOMETRIC_REPRESENTATION_CONTEXT(2) 
PARAMETRIC_REPRESENTATION_CONTEXT() REPRESENTATION_CONTEXT('2D SPACE',''
  ) );
#3799 = PCURVE('',#3690,#3800);
#3800 = DEFINITIONAL_REPRESENTATION('',(#3801),#3805);
#3801 = LINE('',#3802,#3803);
#3802 = CARTESIAN_POINT('',(0.,0.62));
#3803 = VECTOR('',#3804,1.);
#3804 = DIRECTION('',(1.,0.));
#3805 = ( GEOMETRIC_REPRESENTATION_CONTEXT(2) 
PARAMETRIC_REPRESENTATION_CONTEXT() REPRESENTATION_CONTEXT('2D SPACE',''
  ) );
#3806 = ORIENTED_EDGE('',*,*,#3807,.F.);
#3807 = EDGE_CURVE('',#3734,#3785,#3808,.T.);
#3808 = SURFACE_CURVE('',#3809,(#3813,#3820),.PCURVE_S1.);
#3809 = LINE('',#3810,#3811);
#3810 = CARTESIAN_POINT('',(-8.58,-4.12,4.5));
#3811 = VECTOR('',#3812,1.);
#3812 = DIRECTION('',(0.,1.,0.));
#3813 = PCURVE('',#3742,#3814);
#3814 = DEFINITIONAL_REPRESENTATION('',(#3815),#3819);
#3815 = LINE('',#3816,#3817);
#3816 = CARTESIAN_POINT('',(4.5,0.));
#3817 = VECTOR('',#3818,1.);
#3818 = DIRECTION('',(0.,-1.));
#3819 = ( GEOMETRIC_REPRESENTATION_CONTEXT(2) 
PARAMETRIC_REPRESENTATION_CONTEXT() REPRESENTATION_CONTEXT('2D SPACE',''
  ) );
#3820 = PCURVE('',#3716,#3821);
#3821 = DEFINITIONAL_REPRESENTATION('',(#3822),#3826);
#3822 = LINE('',#3823,#3824);
#3823 = CARTESIAN_POINT('',(0.62,0.));
#3824 = VECTOR('',#3825,1.);
#3825 = DIRECTION('',(0.,1.));
#3826 = ( GEOMETRIC_REPRESENTATION_CONTEXT(2) 
PARAMETRIC_REPRESENTATION_CONTEXT() REPRESENTATION_CONTEXT('2D SPACE',''
  ) );
#3827 = ADVANCED_FACE('',(#3828),#3634,.F.);
#3828 = FACE_BOUND('',#3829,.F.);
#3829 = EDGE_LOOP('',(#3830,#3851,#3852,#3873));
#3830 = ORIENTED_EDGE('',*,*,#3831,.F.);
#3831 = EDGE_CURVE('',#3612,#3732,#3832,.T.);
#3832 = SURFACE_CURVE('',#3833,(#3837,#3844),.PCURVE_S1.);
#3833 = LINE('',#3834,#3835);
#3834 = CARTESIAN_POINT('',(-9.2,-4.12,0.));
#3835 = VECTOR('',#3836,1.);
#3836 = DIRECTION('',(1.,0.,0.));
#3837 = PCURVE('',#3634,#3838);
#3838 = DEFINITIONAL_REPRESENTATION('',(#3839),#3843);
#3839 = LINE('',#3840,#3841);
#3840 = CARTESIAN_POINT('',(0.,0.));
#3841 = VECTOR('',#3842,1.);
#3842 = DIRECTION('',(0.,1.));
#3843 = ( GEOMETRIC_REPRESENTATION_CONTEXT(2) 
PARAMETRIC_REPRESENTATION_CONTEXT() REPRESENTATION_CONTEXT('2D SPACE',''
  ) );
#3844 = PCURVE('',#3662,#3845);
#3845 = DEFINITIONAL_REPRESENTATION('',(#3846),#3850);
#3846 = LINE('',#3847,#3848);
#3847 = CARTESIAN_POINT('',(0.,0.));
#3848 = VECTOR('',#3849,1.);
#3849 = DIRECTION('',(1.,0.));
#3850 = ( GEOMETRIC_REPRESENTATION_CONTEXT(2) 
PARAMETRIC_REPRESENTATION_CONTEXT() REPRESENTATION_CONTEXT('2D SPACE',''
  ) );
#3851 = ORIENTED_EDGE('',*,*,#3611,.T.);
#3852 = ORIENTED_EDGE('',*,*,#3853,.T.);
#3853 = EDGE_CURVE('',#3614,#3734,#3854,.T.);
#3854 = SURFACE_CURVE('',#3855,(#3859,#3866),.PCURVE_S1.);
#3855 = LINE('',#3856,#3857);
#3856 = CARTESIAN_POINT('',(-9.2,-4.12,4.5));
#3857 = VECTOR('',#3858,1.);
#3858 = DIRECTION('',(1.,0.,0.));
#3859 = PCURVE('',#3634,#3860);
#3860 = DEFINITIONAL_REPRESENTATION('',(#3861),#3865);
#3861 = LINE('',#3862,#3863);
#3862 = CARTESIAN_POINT('',(4.5,0.));
#3863 = VECTOR('',#3864,1.);
#3864 = DIRECTION('',(0.,1.));
#3865 = ( GEOMETRIC_REPRESENTATION_CONTEXT(2) 
PARAMETRIC_REPRESENTATION_CONTEXT() REPRESENTATION_CONTEXT('2D SPACE',''
  ) );
#3866 = PCURVE('',#3716,#3867);
#3867 = DEFINITIONAL_REPRESENTATION('',(#3868),#3872);
#3868 = LINE('',#3869,#3870);
#3869 = CARTESIAN_POINT('',(0.,0.));
#3870 = VECTOR('',#3871,1.);
#3871 = DIRECTION('',(1.,0.));
#3872 = ( GEOMETRIC_REPRESENTATION_CONTEXT(2) 
PARAMETRIC_REPRESENTATION_CONTEXT() REPRESENTATION_CONTEXT('2D SPACE',''
  ) );
#3873 = ORIENTED_EDGE('',*,*,#3731,.F.);
#3874 = ADVANCED_FACE('',(#3875),#3690,.T.);
#3875 = FACE_BOUND('',#3876,.T.);
#3876 = EDGE_LOOP('',(#3877,#3898,#3899,#3920));
#3877 = ORIENTED_EDGE('',*,*,#3878,.F.);
#3878 = EDGE_CURVE('',#3647,#3762,#3879,.T.);
#3879 = SURFACE_CURVE('',#3880,(#3884,#3891),.PCURVE_S1.);
#3880 = LINE('',#3881,#3882);
#3881 = CARTESIAN_POINT('',(-9.2,-3.5,0.));
#3882 = VECTOR('',#3883,1.);
#3883 = DIRECTION('',(1.,0.,0.));
#3884 = PCURVE('',#3690,#3885);
#3885 = DEFINITIONAL_REPRESENTATION('',(#3886),#3890);
#3886 = LINE('',#3887,#3888);
#3887 = CARTESIAN_POINT('',(0.,0.));
#3888 = VECTOR('',#3889,1.);
#3889 = DIRECTION('',(0.,1.));
#3890 = ( GEOMETRIC_REPRESENTATION_CONTEXT(2) 
PARAMETRIC_REPRESENTATION_CONTEXT() REPRESENTATION_CONTEXT('2D SPACE',''
  ) );
#3891 = PCURVE('',#3662,#3892);
#3892 = DEFINITIONAL_REPRESENTATION('',(#3893),#3897);
#3893 = LINE('',#3894,#3895);
#3894 = CARTESIAN_POINT('',(0.,0.62));
#3895 = VECTOR('',#3896,1.);
#3896 = DIRECTION('',(1.,0.));
#3897 = ( GEOMETRIC_REPRESENTATION_CONTEXT(2) 
PARAMETRIC_REPRESENTATION_CONTEXT() REPRESENTATION_CONTEXT('2D SPACE',''
  ) );
#3898 = ORIENTED_EDGE('',*,*,#3674,.T.);
#3899 = ORIENTED_EDGE('',*,*,#3900,.T.);
#3900 = EDGE_CURVE('',#3675,#3785,#3901,.T.);
#3901 = SURFACE_CURVE('',#3902,(#3906,#3913),.PCURVE_S1.);
#3902 = LINE('',#3903,#3904);
#3903 = CARTESIAN_POINT('',(-9.2,-3.5,4.5));
#3904 = VECTOR('',#3905,1.);
#3905 = DIRECTION('',(1.,0.,0.));
#3906 = PCURVE('',#3690,#3907);
#3907 = DEFINITIONAL_REPRESENTATION('',(#3908),#3912);
#3908 = LINE('',#3909,#3910);
#3909 = CARTESIAN_POINT('',(4.5,0.));
#3910 = VECTOR('',#3911,1.);
#3911 = DIRECTION('',(0.,1.));
#3912 = ( GEOMETRIC_REPRESENTATION_CONTEXT(2) 
PARAMETRIC_REPRESENTATION_CONTEXT() REPRESENTATION_CONTEXT('2D SPACE',''
  ) );
#3913 = PCURVE('',#3716,#3914);
#3914 = DEFINITIONAL_REPRESENTATION('',(#3915),#3919);
#3915 = LINE('',#3916,#3917);
#3916 = CARTESIAN_POINT('',(0.,0.62));
#3917 = VECTOR('',#3918,1.);
#3918 = DIRECTION('',(1.,0.));
#3919 = ( GEOMETRIC_REPRESENTATION_CONTEXT(2) 
PARAMETRIC_REPRESENTATION_CONTEXT() REPRESENTATION_CONTEXT('2D SPACE',''
  ) );
#3920 = ORIENTED_EDGE('',*,*,#3784,.F.);
#3921 = ADVANCED_FACE('',(#3922),#3662,.F.);
#3922 = FACE_BOUND('',#3923,.F.);
#3923 = EDGE_LOOP('',(#3924,#3925,#3926,#3927));
#3924 = ORIENTED_EDGE('',*,*,#3646,.F.);
#3925 = ORIENTED_EDGE('',*,*,#3831,.T.);
#3926 = ORIENTED_EDGE('',*,*,#3761,.T.);
#3927 = ORIENTED_EDGE('',*,*,#3878,.F.);
#3928 = ADVANCED_FACE('',(#3929),#3716,.T.);
#3929 = FACE_BOUND('',#3930,.T.);
#3930 = EDGE_LOOP('',(#3931,#3932,#3933,#3934));
#3931 = ORIENTED_EDGE('',*,*,#3702,.F.);
#3932 = ORIENTED_EDGE('',*,*,#3853,.T.);
#3933 = ORIENTED_EDGE('',*,*,#3807,.T.);
#3934 = ORIENTED_EDGE('',*,*,#3900,.F.);
#3935 = ( GEOMETRIC_REPRESENTATION_CONTEXT(3) 
GLOBAL_UNCERTAINTY_ASSIGNED_CONTEXT((#3939)) 
GLOBAL_UNIT_ASSIGNED_CONTEXT((#3936,#3937,#3938)) REPRESENTATION_CONTEXT
('Context #1','3D Context with UNIT and UNCERTAINTY') );
#3936 = ( LENGTH_UNIT() NAMED_UNIT(*) SI_UNIT(.MILLI.,.METRE.) );
#3937 = ( NAMED_UNIT(*) PLANE_ANGLE_UNIT() SI_UNIT($,.RADIAN.) );
#3938 = ( NAMED_UNIT(*) SI_UNIT($,.STERADIAN.) SOLID_ANGLE_UNIT() );
#3939 = UNCERTAINTY_MEASURE_WITH_UNIT(LENGTH_MEASURE(1.E-07),#3936,
  'distance_accuracy_value','confusion accuracy');
#3940 = CONTEXT_DEPENDENT_SHAPE_REPRESENTATION(#3941,#3943);
#3941 = ( REPRESENTATION_RELATIONSHIP('','',#3604,#10) 
REPRESENTATION_RELATIONSHIP_WITH_TRANSFORMATION(#3942) 
SHAPE_REPRESENTATION_RELATIONSHIP() );
#3942 = ITEM_DEFINED_TRANSFORMATION('','',#11,#47);
#3943 = PRODUCT_DEFINITION_SHAPE('Placement','Placement of an item',
  #3944);
#3944 = NEXT_ASSEMBLY_USAGE_OCCURRENCE('100','pin_left_7','',#5,#3599,$
  );
#3945 = PRODUCT_RELATED_PRODUCT_CATEGORY('part',$,(#3601));
#3946 = SHAPE_DEFINITION_REPRESENTATION(#3947,#3953);
#3947 = PRODUCT_DEFINITION_SHAPE('','',#3948);
#3948 = PRODUCT_DEFINITION('design','',#3949,#3952);
#3949 = PRODUCT_DEFINITION_FORMATION('','',#3950);
#3950 = PRODUCT('pin_left_8','pin_left_8','',(#3951));
#3951 = PRODUCT_CONTEXT('',#2,'mechanical');
#3952 = PRODUCT_DEFINITION_CONTEXT('part definition',#2,'design');
#3953 = ADVANCED_BREP_SHAPE_REPRESENTATION('',(#11,#3954),#4284);
#3954 = MANIFOLD_SOLID_BREP('',#3955);
#3955 = CLOSED_SHELL('',(#3956,#4076,#4176,#4223,#4270,#4277));
#3956 = ADVANCED_FACE('',(#3957),#3971,.F.);
#3957 = FACE_BOUND('',#3958,.F.);
#3958 = EDGE_LOOP('',(#3959,#3994,#4022,#4050));
#3959 = ORIENTED_EDGE('',*,*,#3960,.F.);
#3960 = EDGE_CURVE('',#3961,#3963,#3965,.T.);
#3961 = VERTEX_POINT('',#3962);
#3962 = CARTESIAN_POINT('',(-9.2,-6.66,0.));
#3963 = VERTEX_POINT('',#3964);
#3964 = CARTESIAN_POINT('',(-9.2,-6.66,4.5));
#3965 = SURFACE_CURVE('',#3966,(#3970,#3982),.PCURVE_S1.);
#3966 = LINE('',#3967,#3968);
#3967 = CARTESIAN_POINT('',(-9.2,-6.66,0.));
#3968 = VECTOR('',#3969,1.);
#3969 = DIRECTION('',(0.,0.,1.));
#3970 = PCURVE('',#3971,#3976);
#3971 = PLANE('',#3972);
#3972 = AXIS2_PLACEMENT_3D('',#3973,#3974,#3975);
#3973 = CARTESIAN_POINT('',(-9.2,-6.66,0.));
#3974 = DIRECTION('',(1.,0.,0.));
#3975 = DIRECTION('',(0.,0.,1.));
#3976 = DEFINITIONAL_REPRESENTATION('',(#3977),#3981);
#3977 = LINE('',#3978,#3979);
#3978 = CARTESIAN_POINT('',(0.,0.));
#3979 = VECTOR('',#3980,1.);
#3980 = DIRECTION('',(1.,0.));
#3981 = ( GEOMETRIC_REPRESENTATION_CONTEXT(2) 
PARAMETRIC_REPRESENTATION_CONTEXT() REPRESENTATION_CONTEXT('2D SPACE',''
  ) );
#3982 = PCURVE('',#3983,#3988);
#3983 = PLANE('',#3984);
#3984 = AXIS2_PLACEMENT_3D('',#3985,#3986,#3987);
#3985 = CARTESIAN_POINT('',(-9.2,-6.66,0.));
#3986 = DIRECTION('',(0.,1.,0.));
#3987 = DIRECTION('',(0.,0.,1.));
#3988 = DEFINITIONAL_REPRESENTATION('',(#3989),#3993);
#3989 = LINE('',#3990,#3991);
#3990 = CARTESIAN_POINT('',(0.,0.));
#3991 = VECTOR('',#3992,1.);
#3992 = DIRECTION('',(1.,0.));
#3993 = ( GEOMETRIC_REPRESENTATION_CONTEXT(2) 
PARAMETRIC_REPRESENTATION_CONTEXT() REPRESENTATION_CONTEXT('2D SPACE',''
  ) );
#3994 = ORIENTED_EDGE('',*,*,#3995,.T.);
#3995 = EDGE_CURVE('',#3961,#3996,#3998,.T.);
#3996 = VERTEX_POINT('',#3997);
#3997 = CARTESIAN_POINT('',(-9.2,-6.04,0.));
#3998 = SURFACE_CURVE('',#3999,(#4003,#4010),.PCURVE_S1.);
#3999 = LINE('',#4000,#4001);
#4000 = CARTESIAN_POINT('',(-9.2,-6.66,0.));
#4001 = VECTOR('',#4002,1.);
#4002 = DIRECTION('',(0.,1.,0.));
#4003 = PCURVE('',#3971,#4004);
#4004 = DEFINITIONAL_REPRESENTATION('',(#4005),#4009);
#4005 = LINE('',#4006,#4007);
#4006 = CARTESIAN_POINT('',(0.,0.));
#4007 = VECTOR('',#4008,1.);
#4008 = DIRECTION('',(0.,-1.));
#4009 = ( GEOMETRIC_REPRESENTATION_CONTEXT(2) 
PARAMETRIC_REPRESENTATION_CONTEXT() REPRESENTATION_CONTEXT('2D SPACE',''
  ) );
#4010 = PCURVE('',#4011,#4016);
#4011 = PLANE('',#4012);
#4012 = AXIS2_PLACEMENT_3D('',#4013,#4014,#4015);
#4013 = CARTESIAN_POINT('',(-9.2,-6.66,0.));
#4014 = DIRECTION('',(0.,0.,1.));
#4015 = DIRECTION('',(1.,0.,0.));
#4016 = DEFINITIONAL_REPRESENTATION('',(#4017),#4021);
#4017 = LINE('',#4018,#4019);
#4018 = CARTESIAN_POINT('',(0.,0.));
#4019 = VECTOR('',#4020,1.);
#4020 = DIRECTION('',(0.,1.));
#4021 = ( GEOMETRIC_REPRESENTATION_CONTEXT(2) 
PARAMETRIC_REPRESENTATION_CONTEXT() REPRESENTATION_CONTEXT('2D SPACE',''
  ) );
#4022 = ORIENTED_EDGE('',*,*,#4023,.T.);
#4023 = EDGE_CURVE('',#3996,#4024,#4026,.T.);
#4024 = VERTEX_POINT('',#4025);
#4025 = CARTESIAN_POINT('',(-9.2,-6.04,4.5));
#4026 = SURFACE_CURVE('',#4027,(#4031,#4038),.PCURVE_S1.);
#4027 = LINE('',#4028,#4029);
#4028 = CARTESIAN_POINT('',(-9.2,-6.04,0.));
#4029 = VECTOR('',#4030,1.);
#4030 = DIRECTION('',(0.,0.,1.));
#4031 = PCURVE('',#3971,#4032);
#4032 = DEFINITIONAL_REPRESENTATION('',(#4033),#4037);
#4033 = LINE('',#4034,#4035);
#4034 = CARTESIAN_POINT('',(0.,-0.62));
#4035 = VECTOR('',#4036,1.);
#4036 = DIRECTION('',(1.,0.));
#4037 = ( GEOMETRIC_REPRESENTATION_CONTEXT(2) 
PARAMETRIC_REPRESENTATION_CONTEXT() REPRESENTATION_CONTEXT('2D SPACE',''
  ) );
#4038 = PCURVE('',#4039,#4044);
#4039 = PLANE('',#4040);
#4040 = AXIS2_PLACEMENT_3D('',#4041,#4042,#4043);
#4041 = CARTESIAN_POINT('',(-9.2,-6.04,0.));
#4042 = DIRECTION('',(0.,1.,0.));
#4043 = DIRECTION('',(0.,0.,1.));
#4044 = DEFINITIONAL_REPRESENTATION('',(#4045),#4049);
#4045 = LINE('',#4046,#4047);
#4046 = CARTESIAN_POINT('',(0.,0.));
#4047 = VECTOR('',#4048,1.);
#4048 = DIRECTION('',(1.,0.));
#4049 = ( GEOMETRIC_REPRESENTATION_CONTEXT(2) 
PARAMETRIC_REPRESENTATION_CONTEXT() REPRESENTATION_CONTEXT('2D SPACE',''
  ) );
#4050 = ORIENTED_EDGE('',*,*,#4051,.F.);
#4051 = EDGE_CURVE('',#3963,#4024,#4052,.T.);
#4052 = SURFACE_CURVE('',#4053,(#4057,#4064),.PCURVE_S1.);
#4053 = LINE('',#4054,#4055);
#4054 = CARTESIAN_POINT('',(-9.2,-6.66,4.5));
#4055 = VECTOR('',#4056,1.);
#4056 = DIRECTION('',(0.,1.,0.));
#4057 = PCURVE('',#3971,#4058);
#4058 = DEFINITIONAL_REPRESENTATION('',(#4059),#4063);
#4059 = LINE('',#4060,#4061);
#4060 = CARTESIAN_POINT('',(4.5,0.));
#4061 = VECTOR('',#4062,1.);
#4062 = DIRECTION('',(0.,-1.));
#4063 = ( GEOMETRIC_REPRESENTATION_CONTEXT(2) 
PARAMETRIC_REPRESENTATION_CONTEXT() REPRESENTATION_CONTEXT('2D SPACE',''
  ) );
#4064 = PCURVE('',#4065,#4070);
#4065 = PLANE('',#4066);
#4066 = AXIS2_PLACEMENT_3D('',#4067,#4068,#4069);
#4067 = CARTESIAN_POINT('',(-9.2,-6.66,4.5));
#4068 = DIRECTION('',(0.,0.,1.));
#4069 = DIRECTION('',(1.,0.,0.));
#4070 = DEFINITIONAL_REPRESENTATION('',(#4071),#4075);
#4071 = LINE('',#4072,#4073);
#4072 = CARTESIAN_POINT('',(0.,0.));
#4073 = VECTOR('',#4074,1.);
#4074 = DIRECTION('',(0.,1.));
#4075 = ( GEOMETRIC_REPRESENTATION_CONTEXT(2) 
PARAMETRIC_REPRESENTATION_CONTEXT() REPRESENTATION_CONTEXT('2D SPACE',''
  ) );
#4076 = ADVANCED_FACE('',(#4077),#4091,.T.);
#4077 = FACE_BOUND('',#4078,.T.);
#4078 = EDGE_LOOP('',(#4079,#4109,#4132,#4155));
#4079 = ORIENTED_EDGE('',*,*,#4080,.F.);
#4080 = EDGE_CURVE('',#4081,#4083,#4085,.T.);
#4081 = VERTEX_POINT('',#4082);
#4082 = CARTESIAN_POINT('',(-8.58,-6.66,0.));
#4083 = VERTEX_POINT('',#4084);
#4084 = CARTESIAN_POINT('',(-8.58,-6.66,4.5));
#4085 = SURFACE_CURVE('',#4086,(#4090,#4102),.PCURVE_S1.);
#4086 = LINE('',#4087,#4088);
#4087 = CARTESIAN_POINT('',(-8.58,-6.66,0.));
#4088 = VECTOR('',#4089,1.);
#4089 = DIRECTION('',(0.,0.,1.));
#4090 = PCURVE('',#4091,#4096);
#4091 = PLANE('',#4092);
#4092 = AXIS2_PLACEMENT_3D('',#4093,#4094,#4095);
#4093 = CARTESIAN_POINT('',(-8.58,-6.66,0.));
#4094 = DIRECTION('',(1.,0.,0.));
#4095 = DIRECTION('',(0.,0.,1.));
#4096 = DEFINITIONAL_REPRESENTATION('',(#4097),#4101);
#4097 = LINE('',#4098,#4099);
#4098 = CARTESIAN_POINT('',(0.,0.));
#4099 = VECTOR('',#4100,1.);
#4100 = DIRECTION('',(1.,0.));
#4101 = ( GEOMETRIC_REPRESENTATION_CONTEXT(2) 
PARAMETRIC_REPRESENTATION_CONTEXT() REPRESENTATION_CONTEXT('2D SPACE',''
  ) );
#4102 = PCURVE('',#3983,#4103);
#4103 = DEFINITIONAL_REPRESENTATION('',(#4104),#4108);
#4104 = LINE('',#4105,#4106);
#4105 = CARTESIAN_POINT('',(0.,0.62));
#4106 = VECTOR('',#4107,1.);
#4107 = DIRECTION('',(1.,0.));
#4108 = ( GEOMETRIC_REPRESENTATION_CONTEXT(2) 
PARAMETRIC_REPRESENTATION_CONTEXT() REPRESENTATION_CONTEXT('2D SPACE',''
  ) );
#4109 = ORIENTED_EDGE('',*,*,#4110,.T.);
#4110 = EDGE_CURVE('',#4081,#4111,#4113,.T.);
#4111 = VERTEX_POINT('',#4112);
#4112 = CARTESIAN_POINT('',(-8.58,-6.04,0.));
#4113 = SURFACE_CURVE('',#4114,(#4118,#4125),.PCURVE_S1.);
#4114 = LINE('',#4115,#4116);
#4115 = CARTESIAN_POINT('',(-8.58,-6.66,0.));
#4116 = VECTOR('',#4117,1.);
#4117 = DIRECTION('',(0.,1.,0.));
#4118 = PCURVE('',#4091,#4119);
#4119 = DEFINITIONAL_REPRESENTATION('',(#4120),#4124);
#4120 = LINE('',#4121,#4122);
#4121 = CARTESIAN_POINT('',(0.,0.));
#4122 = VECTOR('',#4123,1.);
#4123 = DIRECTION('',(0.,-1.));
#4124 = ( GEOMETRIC_REPRESENTATION_CONTEXT(2) 
PARAMETRIC_REPRESENTATION_CONTEXT() REPRESENTATION_CONTEXT('2D SPACE',''
  ) );
#4125 = PCURVE('',#4011,#4126);
#4126 = DEFINITIONAL_REPRESENTATION('',(#4127),#4131);
#4127 = LINE('',#4128,#4129);
#4128 = CARTESIAN_POINT('',(0.62,0.));
#4129 = VECTOR('',#4130,1.);
#4130 = DIRECTION('',(0.,1.));
#4131 = ( GEOMETRIC_REPRESENTATION_CONTEXT(2) 
PARAMETRIC_REPRESENTATION_CONTEXT() REPRESENTATION_CONTEXT('2D SPACE',''
  ) );
#4132 = ORIENTED_EDGE('',*,*,#4133,.T.);
#4133 = EDGE_CURVE('',#4111,#4134,#4136,.T.);
#4134 = VERTEX_POINT('',#4135);
#4135 = CARTESIAN_POINT('',(-8.58,-6.04,4.5));
#4136 = SURFACE_CURVE('',#4137,(#4141,#4148),.PCURVE_S1.);
#4137 = LINE('',#4138,#4139);
#4138 = CARTESIAN_POINT('',(-8.58,-6.04,0.));
#4139 = VECTOR('',#4140,1.);
#4140 = DIRECTION('',(0.,0.,1.));
#4141 = PCURVE('',#4091,#4142);
#4142 = DEFINITIONAL_REPRESENTATION('',(#4143),#4147);
#4143 = LINE('',#4144,#4145);
#4144 = CARTESIAN_POINT('',(0.,-0.62));
#4145 = VECTOR('',#4146,1.);
#4146 = DIRECTION('',(1.,0.));
#4147 = ( GEOMETRIC_REPRESENTATION_CONTEXT(2) 
PARAMETRIC_REPRESENTATION_CONTEXT() REPRESENTATION_CONTEXT('2D SPACE',''
  ) );
#4148 = PCURVE('',#4039,#4149);
#4149 = DEFINITIONAL_REPRESENTATION('',(#4150),#4154);
#4150 = LINE('',#4151,#4152);
#4151 = CARTESIAN_POINT('',(0.,0.62));
#4152 = VECTOR('',#4153,1.);
#4153 = DIRECTION('',(1.,0.));
#4154 = ( GEOMETRIC_REPRESENTATION_CONTEXT(2) 
PARAMETRIC_REPRESENTATION_CONTEXT() REPRESENTATION_CONTEXT('2D SPACE',''
  ) );
#4155 = ORIENTED_EDGE('',*,*,#4156,.F.);
#4156 = EDGE_CURVE('',#4083,#4134,#4157,.T.);
#4157 = SURFACE_CURVE('',#4158,(#4162,#4169),.PCURVE_S1.);
#4158 = LINE('',#4159,#4160);
#4159 = CARTESIAN_POINT('',(-8.58,-6.66,4.5));
#4160 = VECTOR('',#4161,1.);
#4161 = DIRECTION('',(0.,1.,0.));
#4162 = PCURVE('',#4091,#4163);
#4163 = DEFINITIONAL_REPRESENTATION('',(#4164),#4168);
#4164 = LINE('',#4165,#4166);
#4165 = CARTESIAN_POINT('',(4.5,0.));
#4166 = VECTOR('',#4167,1.);
#4167 = DIRECTION('',(0.,-1.));
#4168 = ( GEOMETRIC_REPRESENTATION_CONTEXT(2) 
PARAMETRIC_REPRESENTATION_CONTEXT() REPRESENTATION_CONTEXT('2D SPACE',''
  ) );
#4169 = PCURVE('',#4065,#4170);
#4170 = DEFINITIONAL_REPRESENTATION('',(#4171),#4175);
#4171 = LINE('',#4172,#4173);
#4172 = CARTESIAN_POINT('',(0.62,0.));
#4173 = VECTOR('',#4174,1.);
#4174 = DIRECTION('',(0.,1.));
#4175 = ( GEOMETRIC_REPRESENTATION_CONTEXT(2) 
PARAMETRIC_REPRESENTATION_CONTEXT() REPRESENTATION_CONTEXT('2D SPACE',''
  ) );
#4176 = ADVANCED_FACE('',(#4177),#3983,.F.);
#4177 = FACE_BOUND('',#4178,.F.);
#4178 = EDGE_LOOP('',(#4179,#4200,#4201,#4222));
#4179 = ORIENTED_EDGE('',*,*,#4180,.F.);
#4180 = EDGE_CURVE('',#3961,#4081,#4181,.T.);
#4181 = SURFACE_CURVE('',#4182,(#4186,#4193),.PCURVE_S1.);
#4182 = LINE('',#4183,#4184);
#4183 = CARTESIAN_POINT('',(-9.2,-6.66,0.));
#4184 = VECTOR('',#4185,1.);
#4185 = DIRECTION('',(1.,0.,0.));
#4186 = PCURVE('',#3983,#4187);
#4187 = DEFINITIONAL_REPRESENTATION('',(#4188),#4192);
#4188 = LINE('',#4189,#4190);
#4189 = CARTESIAN_POINT('',(0.,0.));
#4190 = VECTOR('',#4191,1.);
#4191 = DIRECTION('',(0.,1.));
#4192 = ( GEOMETRIC_REPRESENTATION_CONTEXT(2) 
PARAMETRIC_REPRESENTATION_CONTEXT() REPRESENTATION_CONTEXT('2D SPACE',''
  ) );
#4193 = PCURVE('',#4011,#4194);
#4194 = DEFINITIONAL_REPRESENTATION('',(#4195),#4199);
#4195 = LINE('',#4196,#4197);
#4196 = CARTESIAN_POINT('',(0.,0.));
#4197 = VECTOR('',#4198,1.);
#4198 = DIRECTION('',(1.,0.));
#4199 = ( GEOMETRIC_REPRESENTATION_CONTEXT(2) 
PARAMETRIC_REPRESENTATION_CONTEXT() REPRESENTATION_CONTEXT('2D SPACE',''
  ) );
#4200 = ORIENTED_EDGE('',*,*,#3960,.T.);
#4201 = ORIENTED_EDGE('',*,*,#4202,.T.);
#4202 = EDGE_CURVE('',#3963,#4083,#4203,.T.);
#4203 = SURFACE_CURVE('',#4204,(#4208,#4215),.PCURVE_S1.);
#4204 = LINE('',#4205,#4206);
#4205 = CARTESIAN_POINT('',(-9.2,-6.66,4.5));
#4206 = VECTOR('',#4207,1.);
#4207 = DIRECTION('',(1.,0.,0.));
#4208 = PCURVE('',#3983,#4209);
#4209 = DEFINITIONAL_REPRESENTATION('',(#4210),#4214);
#4210 = LINE('',#4211,#4212);
#4211 = CARTESIAN_POINT('',(4.5,0.));
#4212 = VECTOR('',#4213,1.);
#4213 = DIRECTION('',(0.,1.));
#4214 = ( GEOMETRIC_REPRESENTATION_CONTEXT(2) 
PARAMETRIC_REPRESENTATION_CONTEXT() REPRESENTATION_CONTEXT('2D SPACE',''
  ) );
#4215 = PCURVE('',#4065,#4216);
#4216 = DEFINITIONAL_REPRESENTATION('',(#4217),#4221);
#4217 = LINE('',#4218,#4219);
#4218 = CARTESIAN_POINT('',(0.,0.));
#4219 = VECTOR('',#4220,1.);
#4220 = DIRECTION('',(1.,0.));
#4221 = ( GEOMETRIC_REPRESENTATION_CONTEXT(2) 
PARAMETRIC_REPRESENTATION_CONTEXT() REPRESENTATION_CONTEXT('2D SPACE',''
  ) );
#4222 = ORIENTED_EDGE('',*,*,#4080,.F.);
#4223 = ADVANCED_FACE('',(#4224),#4039,.T.);
#4224 = FACE_BOUND('',#4225,.T.);
#4225 = EDGE_LOOP('',(#4226,#4247,#4248,#4269));
#4226 = ORIENTED_EDGE('',*,*,#4227,.F.);
#4227 = EDGE_CURVE('',#3996,#4111,#4228,.T.);
#4228 = SURFACE_CURVE('',#4229,(#4233,#4240),.PCURVE_S1.);
#4229 = LINE('',#4230,#4231);
#4230 = CARTESIAN_POINT('',(-9.2,-6.04,0.));
#4231 = VECTOR('',#4232,1.);
#4232 = DIRECTION('',(1.,0.,0.));
#4233 = PCURVE('',#4039,#4234);
#4234 = DEFINITIONAL_REPRESENTATION('',(#4235),#4239);
#4235 = LINE('',#4236,#4237);
#4236 = CARTESIAN_POINT('',(0.,0.));
#4237 = VECTOR('',#4238,1.);
#4238 = DIRECTION('',(0.,1.));
#4239 = ( GEOMETRIC_REPRESENTATION_CONTEXT(2) 
PARAMETRIC_REPRESENTATION_CONTEXT() REPRESENTATION_CONTEXT('2D SPACE',''
  ) );
#4240 = PCURVE('',#4011,#4241);
#4241 = DEFINITIONAL_REPRESENTATION('',(#4242),#4246);
#4242 = LINE('',#4243,#4244);
#4243 = CARTESIAN_POINT('',(0.,0.62));
#4244 = VECTOR('',#4245,1.);
#4245 = DIRECTION('',(1.,0.));
#4246 = ( GEOMETRIC_REPRESENTATION_CONTEXT(2) 
PARAMETRIC_REPRESENTATION_CONTEXT() REPRESENTATION_CONTEXT('2D SPACE',''
  ) );
#4247 = ORIENTED_EDGE('',*,*,#4023,.T.);
#4248 = ORIENTED_EDGE('',*,*,#4249,.T.);
#4249 = EDGE_CURVE('',#4024,#4134,#4250,.T.);
#4250 = SURFACE_CURVE('',#4251,(#4255,#4262),.PCURVE_S1.);
#4251 = LINE('',#4252,#4253);
#4252 = CARTESIAN_POINT('',(-9.2,-6.04,4.5));
#4253 = VECTOR('',#4254,1.);
#4254 = DIRECTION('',(1.,0.,0.));
#4255 = PCURVE('',#4039,#4256);
#4256 = DEFINITIONAL_REPRESENTATION('',(#4257),#4261);
#4257 = LINE('',#4258,#4259);
#4258 = CARTESIAN_POINT('',(4.5,0.));
#4259 = VECTOR('',#4260,1.);
#4260 = DIRECTION('',(0.,1.));
#4261 = ( GEOMETRIC_REPRESENTATION_CONTEXT(2) 
PARAMETRIC_REPRESENTATION_CONTEXT() REPRESENTATION_CONTEXT('2D SPACE',''
  ) );
#4262 = PCURVE('',#4065,#4263);
#4263 = DEFINITIONAL_REPRESENTATION('',(#4264),#4268);
#4264 = LINE('',#4265,#4266);
#4265 = CARTESIAN_POINT('',(0.,0.62));
#4266 = VECTOR('',#4267,1.);
#4267 = DIRECTION('',(1.,0.));
#4268 = ( GEOMETRIC_REPRESENTATION_CONTEXT(2) 
PARAMETRIC_REPRESENTATION_CONTEXT() REPRESENTATION_CONTEXT('2D SPACE',''
  ) );
#4269 = ORIENTED_EDGE('',*,*,#4133,.F.);
#4270 = ADVANCED_FACE('',(#4271),#4011,.F.);
#4271 = FACE_BOUND('',#4272,.F.);
#4272 = EDGE_LOOP('',(#4273,#4274,#4275,#4276));
#4273 = ORIENTED_EDGE('',*,*,#3995,.F.);
#4274 = ORIENTED_EDGE('',*,*,#4180,.T.);
#4275 = ORIENTED_EDGE('',*,*,#4110,.T.);
#4276 = ORIENTED_EDGE('',*,*,#4227,.F.);
#4277 = ADVANCED_FACE('',(#4278),#4065,.T.);
#4278 = FACE_BOUND('',#4279,.T.);
#4279 = EDGE_LOOP('',(#4280,#4281,#4282,#4283));
#4280 = ORIENTED_EDGE('',*,*,#4051,.F.);
#4281 = ORIENTED_EDGE('',*,*,#4202,.T.);
#4282 = ORIENTED_EDGE('',*,*,#4156,.T.);
#4283 = ORIENTED_EDGE('',*,*,#4249,.F.);
#4284 = ( GEOMETRIC_REPRESENTATION_CONTEXT(3) 
GLOBAL_UNCERTAINTY_ASSIGNED_CONTEXT((#4288)) 
GLOBAL_UNIT_ASSIGNED_CONTEXT((#4285,#4286,#4287)) REPRESENTATION_CONTEXT
('Context #1','3D Context with UNIT and UNCERTAINTY') );
#4285 = ( LENGTH_UNIT() NAMED_UNIT(*) SI_UNIT(.MILLI.,.METRE.) );
#4286 = ( NAMED_UNIT(*) PLANE_ANGLE_UNIT() SI_UNIT($,.RADIAN.) );
#4287 = ( NAMED_UNIT(*) SI_UNIT($,.STERADIAN.) SOLID_ANGLE_UNIT() );
#4288 = UNCERTAINTY_MEASURE_WITH_UNIT(LENGTH_MEASURE(1.E-07),#4285,
  'distance_accuracy_value','confusion accuracy');
#4289 = CONTEXT_DEPENDENT_SHAPE_REPRESENTATION(#4290,#4292);
#4290 = ( REPRESENTATION_RELATIONSHIP('','',#3953,#10) 
REPRESENTATION_RELATIONSHIP_WITH_TRANSFORMATION(#4291) 
SHAPE_REPRESENTATION_RELATIONSHIP() );
#4291 = ITEM_DEFINED_TRANSFORMATION('','',#11,#51);
#4292 = PRODUCT_DEFINITION_SHAPE('Placement','Placement of an item',
  #4293);
#4293 = NEXT_ASSEMBLY_USAGE_OCCURRENCE('101','pin_left_8','',#5,#3948,$
  );
#4294 = PRODUCT_RELATED_PRODUCT_CATEGORY('part',$,(#3950));
#4295 = SHAPE_DEFINITION_REPRESENTATION(#4296,#4302);
#4296 = PRODUCT_DEFINITION_SHAPE('','',#4297);
#4297 = PRODUCT_DEFINITION('design','',#4298,#4301);
#4298 = PRODUCT_DEFINITION_FORMATION('','',#4299);
#4299 = PRODUCT('pin_left_9','pin_left_9','',(#4300));
#4300 = PRODUCT_CONTEXT('',#2,'mechanical');
#4301 = PRODUCT_DEFINITION_CONTEXT('part definition',#2,'design');
#4302 = ADVANCED_BREP_SHAPE_REPRESENTATION('',(#11,#4303),#4633);
#4303 = MANIFOLD_SOLID_BREP('',#4304);
#4304 = CLOSED_SHELL('',(#4305,#4425,#4525,#4572,#4619,#4626));
#4305 = ADVANCED_FACE('',(#4306),#4320,.F.);
#4306 = FACE_BOUND('',#4307,.F.);
#4307 = EDGE_LOOP('',(#4308,#4343,#4371,#4399));
#4308 = ORIENTED_EDGE('',*,*,#4309,.F.);
#4309 = EDGE_CURVE('',#4310,#4312,#4314,.T.);
#4310 = VERTEX_POINT('',#4311);
#4311 = CARTESIAN_POINT('',(-9.2,-9.2,0.));
#4312 = VERTEX_POINT('',#4313);
#4313 = CARTESIAN_POINT('',(-9.2,-9.2,4.5));
#4314 = SURFACE_CURVE('',#4315,(#4319,#4331),.PCURVE_S1.);
#4315 = LINE('',#4316,#4317);
#4316 = CARTESIAN_POINT('',(-9.2,-9.2,0.));
#4317 = VECTOR('',#4318,1.);
#4318 = DIRECTION('',(0.,0.,1.));
#4319 = PCURVE('',#4320,#4325);
#4320 = PLANE('',#4321);
#4321 = AXIS2_PLACEMENT_3D('',#4322,#4323,#4324);
#4322 = CARTESIAN_POINT('',(-9.2,-9.2,0.));
#4323 = DIRECTION('',(1.,0.,0.));
#4324 = DIRECTION('',(0.,0.,1.));
#4325 = DEFINITIONAL_REPRESENTATION('',(#4326),#4330);
#4326 = LINE('',#4327,#4328);
#4327 = CARTESIAN_POINT('',(0.,0.));
#4328 = VECTOR('',#4329,1.);
#4329 = DIRECTION('',(1.,0.));
#4330 = ( GEOMETRIC_REPRESENTATION_CONTEXT(2) 
PARAMETRIC_REPRESENTATION_CONTEXT() REPRESENTATION_CONTEXT('2D SPACE',''
  ) );
#4331 = PCURVE('',#4332,#4337);
#4332 = PLANE('',#4333);
#4333 = AXIS2_PLACEMENT_3D('',#4334,#4335,#4336);
#4334 = CARTESIAN_POINT('',(-9.2,-9.2,0.));
#4335 = DIRECTION('',(0.,1.,0.));
#4336 = DIRECTION('',(0.,0.,1.));
#4337 = DEFINITIONAL_REPRESENTATION('',(#4338),#4342);
#4338 = LINE('',#4339,#4340);
#4339 = CARTESIAN_POINT('',(0.,0.));
#4340 = VECTOR('',#4341,1.);
#4341 = DIRECTION('',(1.,0.));
#4342 = ( GEOMETRIC_REPRESENTATION_CONTEXT(2) 
PARAMETRIC_REPRESENTATION_CONTEXT() REPRESENTATION_CONTEXT('2D SPACE',''
  ) );
#4343 = ORIENTED_EDGE('',*,*,#4344,.T.);
#4344 = EDGE_CURVE('',#4310,#4345,#4347,.T.);
#4345 = VERTEX_POINT('',#4346);
#4346 = CARTESIAN_POINT('',(-9.2,-8.58,0.));
#4347 = SURFACE_CURVE('',#4348,(#4352,#4359),.PCURVE_S1.);
#4348 = LINE('',#4349,#4350);
#4349 = CARTESIAN_POINT('',(-9.2,-9.2,0.));
#4350 = VECTOR('',#4351,1.);
#4351 = DIRECTION('',(0.,1.,0.));
#4352 = PCURVE('',#4320,#4353);
#4353 = DEFINITIONAL_REPRESENTATION('',(#4354),#4358);
#4354 = LINE('',#4355,#4356);
#4355 = CARTESIAN_POINT('',(0.,0.));
#4356 = VECTOR('',#4357,1.);
#4357 = DIRECTION('',(0.,-1.));
#4358 = ( GEOMETRIC_REPRESENTATION_CONTEXT(2) 
PARAMETRIC_REPRESENTATION_CONTEXT() REPRESENTATION_CONTEXT('2D SPACE',''
  ) );
#4359 = PCURVE('',#4360,#4365);
#4360 = PLANE('',#4361);
#4361 = AXIS2_PLACEMENT_3D('',#4362,#4363,#4364);
#4362 = CARTESIAN_POINT('',(-9.2,-9.2,0.));
#4363 = DIRECTION('',(0.,0.,1.));
#4364 = DIRECTION('',(1.,0.,0.));
#4365 = DEFINITIONAL_REPRESENTATION('',(#4366),#4370);
#4366 = LINE('',#4367,#4368);
#4367 = CARTESIAN_POINT('',(0.,0.));
#4368 = VECTOR('',#4369,1.);
#4369 = DIRECTION('',(0.,1.));
#4370 = ( GEOMETRIC_REPRESENTATION_CONTEXT(2) 
PARAMETRIC_REPRESENTATION_CONTEXT() REPRESENTATION_CONTEXT('2D SPACE',''
  ) );
#4371 = ORIENTED_EDGE('',*,*,#4372,.T.);
#4372 = EDGE_CURVE('',#4345,#4373,#4375,.T.);
#4373 = VERTEX_POINT('',#4374);
#4374 = CARTESIAN_POINT('',(-9.2,-8.58,4.5));
#4375 = SURFACE_CURVE('',#4376,(#4380,#4387),.PCURVE_S1.);
#4376 = LINE('',#4377,#4378);
#4377 = CARTESIAN_POINT('',(-9.2,-8.58,0.));
#4378 = VECTOR('',#4379,1.);
#4379 = DIRECTION('',(0.,0.,1.));
#4380 = PCURVE('',#4320,#4381);
#4381 = DEFINITIONAL_REPRESENTATION('',(#4382),#4386);
#4382 = LINE('',#4383,#4384);
#4383 = CARTESIAN_POINT('',(0.,-0.62));
#4384 = VECTOR('',#4385,1.);
#4385 = DIRECTION('',(1.,0.));
#4386 = ( GEOMETRIC_REPRESENTATION_CONTEXT(2) 
PARAMETRIC_REPRESENTATION_CONTEXT() REPRESENTATION_CONTEXT('2D SPACE',''
  ) );
#4387 = PCURVE('',#4388,#4393);
#4388 = PLANE('',#4389);
#4389 = AXIS2_PLACEMENT_3D('',#4390,#4391,#4392);
#4390 = CARTESIAN_POINT('',(-9.2,-8.58,0.));
#4391 = DIRECTION('',(0.,1.,0.));
#4392 = DIRECTION('',(0.,0.,1.));
#4393 = DEFINITIONAL_REPRESENTATION('',(#4394),#4398);
#4394 = LINE('',#4395,#4396);
#4395 = CARTESIAN_POINT('',(0.,0.));
#4396 = VECTOR('',#4397,1.);
#4397 = DIRECTION('',(1.,0.));
#4398 = ( GEOMETRIC_REPRESENTATION_CONTEXT(2) 
PARAMETRIC_REPRESENTATION_CONTEXT() REPRESENTATION_CONTEXT('2D SPACE',''
  ) );
#4399 = ORIENTED_EDGE('',*,*,#4400,.F.);
#4400 = EDGE_CURVE('',#4312,#4373,#4401,.T.);
#4401 = SURFACE_CURVE('',#4402,(#4406,#4413),.PCURVE_S1.);
#4402 = LINE('',#4403,#4404);
#4403 = CARTESIAN_POINT('',(-9.2,-9.2,4.5));
#4404 = VECTOR('',#4405,1.);
#4405 = DIRECTION('',(0.,1.,0.));
#4406 = PCURVE('',#4320,#4407);
#4407 = DEFINITIONAL_REPRESENTATION('',(#4408),#4412);
#4408 = LINE('',#4409,#4410);
#4409 = CARTESIAN_POINT('',(4.5,0.));
#4410 = VECTOR('',#4411,1.);
#4411 = DIRECTION('',(0.,-1.));
#4412 = ( GEOMETRIC_REPRESENTATION_CONTEXT(2) 
PARAMETRIC_REPRESENTATION_CONTEXT() REPRESENTATION_CONTEXT('2D SPACE',''
  ) );
#4413 = PCURVE('',#4414,#4419);
#4414 = PLANE('',#4415);
#4415 = AXIS2_PLACEMENT_3D('',#4416,#4417,#4418);
#4416 = CARTESIAN_POINT('',(-9.2,-9.2,4.5));
#4417 = DIRECTION('',(0.,0.,1.));
#4418 = DIRECTION('',(1.,0.,0.));
#4419 = DEFINITIONAL_REPRESENTATION('',(#4420),#4424);
#4420 = LINE('',#4421,#4422);
#4421 = CARTESIAN_POINT('',(0.,0.));
#4422 = VECTOR('',#4423,1.);
#4423 = DIRECTION('',(0.,1.));
#4424 = ( GEOMETRIC_REPRESENTATION_CONTEXT(2) 
PARAMETRIC_REPRESENTATION_CONTEXT() REPRESENTATION_CONTEXT('2D SPACE',''
  ) );
#4425 = ADVANCED_FACE('',(#4426),#4440,.T.);
#4426 = FACE_BOUND('',#4427,.T.);
#4427 = EDGE_LOOP('',(#4428,#4458,#4481,#4504));
#4428 = ORIENTED_EDGE('',*,*,#4429,.F.);
#4429 = EDGE_CURVE('',#4430,#4432,#4434,.T.);
#4430 = VERTEX_POINT('',#4431);
#4431 = CARTESIAN_POINT('',(-8.58,-9.2,0.));
#4432 = VERTEX_POINT('',#4433);
#4433 = CARTESIAN_POINT('',(-8.58,-9.2,4.5));
#4434 = SURFACE_CURVE('',#4435,(#4439,#4451),.PCURVE_S1.);
#4435 = LINE('',#4436,#4437);
#4436 = CARTESIAN_POINT('',(-8.58,-9.2,0.));
#4437 = VECTOR('',#4438,1.);
#4438 = DIRECTION('',(0.,0.,1.));
#4439 = PCURVE('',#4440,#4445);
#4440 = PLANE('',#4441);
#4441 = AXIS2_PLACEMENT_3D('',#4442,#4443,#4444);
#4442 = CARTESIAN_POINT('',(-8.58,-9.2,0.));
#4443 = DIRECTION('',(1.,0.,0.));
#4444 = DIRECTION('',(0.,0.,1.));
#4445 = DEFINITIONAL_REPRESENTATION('',(#4446),#4450);
#4446 = LINE('',#4447,#4448);
#4447 = CARTESIAN_POINT('',(0.,0.));
#4448 = VECTOR('',#4449,1.);
#4449 = DIRECTION('',(1.,0.));
#4450 = ( GEOMETRIC_REPRESENTATION_CONTEXT(2) 
PARAMETRIC_REPRESENTATION_CONTEXT() REPRESENTATION_CONTEXT('2D SPACE',''
  ) );
#4451 = PCURVE('',#4332,#4452);
#4452 = DEFINITIONAL_REPRESENTATION('',(#4453),#4457);
#4453 = LINE('',#4454,#4455);
#4454 = CARTESIAN_POINT('',(0.,0.62));
#4455 = VECTOR('',#4456,1.);
#4456 = DIRECTION('',(1.,0.));
#4457 = ( GEOMETRIC_REPRESENTATION_CONTEXT(2) 
PARAMETRIC_REPRESENTATION_CONTEXT() REPRESENTATION_CONTEXT('2D SPACE',''
  ) );
#4458 = ORIENTED_EDGE('',*,*,#4459,.T.);
#4459 = EDGE_CURVE('',#4430,#4460,#4462,.T.);
#4460 = VERTEX_POINT('',#4461);
#4461 = CARTESIAN_POINT('',(-8.58,-8.58,0.));
#4462 = SURFACE_CURVE('',#4463,(#4467,#4474),.PCURVE_S1.);
#4463 = LINE('',#4464,#4465);
#4464 = CARTESIAN_POINT('',(-8.58,-9.2,0.));
#4465 = VECTOR('',#4466,1.);
#4466 = DIRECTION('',(0.,1.,0.));
#4467 = PCURVE('',#4440,#4468);
#4468 = DEFINITIONAL_REPRESENTATION('',(#4469),#4473);
#4469 = LINE('',#4470,#4471);
#4470 = CARTESIAN_POINT('',(0.,0.));
#4471 = VECTOR('',#4472,1.);
#4472 = DIRECTION('',(0.,-1.));
#4473 = ( GEOMETRIC_REPRESENTATION_CONTEXT(2) 
PARAMETRIC_REPRESENTATION_CONTEXT() REPRESENTATION_CONTEXT('2D SPACE',''
  ) );
#4474 = PCURVE('',#4360,#4475);
#4475 = DEFINITIONAL_REPRESENTATION('',(#4476),#4480);
#4476 = LINE('',#4477,#4478);
#4477 = CARTESIAN_POINT('',(0.62,0.));
#4478 = VECTOR('',#4479,1.);
#4479 = DIRECTION('',(0.,1.));
#4480 = ( GEOMETRIC_REPRESENTATION_CONTEXT(2) 
PARAMETRIC_REPRESENTATION_CONTEXT() REPRESENTATION_CONTEXT('2D SPACE',''
  ) );
#4481 = ORIENTED_EDGE('',*,*,#4482,.T.);
#4482 = EDGE_CURVE('',#4460,#4483,#4485,.T.);
#4483 = VERTEX_POINT('',#4484);
#4484 = CARTESIAN_POINT('',(-8.58,-8.58,4.5));
#4485 = SURFACE_CURVE('',#4486,(#4490,#4497),.PCURVE_S1.);
#4486 = LINE('',#4487,#4488);
#4487 = CARTESIAN_POINT('',(-8.58,-8.58,0.));
#4488 = VECTOR('',#4489,1.);
#4489 = DIRECTION('',(0.,0.,1.));
#4490 = PCURVE('',#4440,#4491);
#4491 = DEFINITIONAL_REPRESENTATION('',(#4492),#4496);
#4492 = LINE('',#4493,#4494);
#4493 = CARTESIAN_POINT('',(0.,-0.62));
#4494 = VECTOR('',#4495,1.);
#4495 = DIRECTION('',(1.,0.));
#4496 = ( GEOMETRIC_REPRESENTATION_CONTEXT(2) 
PARAMETRIC_REPRESENTATION_CONTEXT() REPRESENTATION_CONTEXT('2D SPACE',''
  ) );
#4497 = PCURVE('',#4388,#4498);
#4498 = DEFINITIONAL_REPRESENTATION('',(#4499),#4503);
#4499 = LINE('',#4500,#4501);
#4500 = CARTESIAN_POINT('',(0.,0.62));
#4501 = VECTOR('',#4502,1.);
#4502 = DIRECTION('',(1.,0.));
#4503 = ( GEOMETRIC_REPRESENTATION_CONTEXT(2) 
PARAMETRIC_REPRESENTATION_CONTEXT() REPRESENTATION_CONTEXT('2D SPACE',''
  ) );
#4504 = ORIENTED_EDGE('',*,*,#4505,.F.);
#4505 = EDGE_CURVE('',#4432,#4483,#4506,.T.);
#4506 = SURFACE_CURVE('',#4507,(#4511,#4518),.PCURVE_S1.);
#4507 = LINE('',#4508,#4509);
#4508 = CARTESIAN_POINT('',(-8.58,-9.2,4.5));
#4509 = VECTOR('',#4510,1.);
#4510 = DIRECTION('',(0.,1.,0.));
#4511 = PCURVE('',#4440,#4512);
#4512 = DEFINITIONAL_REPRESENTATION('',(#4513),#4517);
#4513 = LINE('',#4514,#4515);
#4514 = CARTESIAN_POINT('',(4.5,0.));
#4515 = VECTOR('',#4516,1.);
#4516 = DIRECTION('',(0.,-1.));
#4517 = ( GEOMETRIC_REPRESENTATION_CONTEXT(2) 
PARAMETRIC_REPRESENTATION_CONTEXT() REPRESENTATION_CONTEXT('2D SPACE',''
  ) );
#4518 = PCURVE('',#4414,#4519);
#4519 = DEFINITIONAL_REPRESENTATION('',(#4520),#4524);
#4520 = LINE('',#4521,#4522);
#4521 = CARTESIAN_POINT('',(0.62,0.));
#4522 = VECTOR('',#4523,1.);
#4523 = DIRECTION('',(0.,1.));
#4524 = ( GEOMETRIC_REPRESENTATION_CONTEXT(2) 
PARAMETRIC_REPRESENTATION_CONTEXT() REPRESENTATION_CONTEXT('2D SPACE',''
  ) );
#4525 = ADVANCED_FACE('',(#4526),#4332,.F.);
#4526 = FACE_BOUND('',#4527,.F.);
#4527 = EDGE_LOOP('',(#4528,#4549,#4550,#4571));
#4528 = ORIENTED_EDGE('',*,*,#4529,.F.);
#4529 = EDGE_CURVE('',#4310,#4430,#4530,.T.);
#4530 = SURFACE_CURVE('',#4531,(#4535,#4542),.PCURVE_S1.);
#4531 = LINE('',#4532,#4533);
#4532 = CARTESIAN_POINT('',(-9.2,-9.2,0.));
#4533 = VECTOR('',#4534,1.);
#4534 = DIRECTION('',(1.,0.,0.));
#4535 = PCURVE('',#4332,#4536);
#4536 = DEFINITIONAL_REPRESENTATION('',(#4537),#4541);
#4537 = LINE('',#4538,#4539);
#4538 = CARTESIAN_POINT('',(0.,0.));
#4539 = VECTOR('',#4540,1.);
#4540 = DIRECTION('',(0.,1.));
#4541 = ( GEOMETRIC_REPRESENTATION_CONTEXT(2) 
PARAMETRIC_REPRESENTATION_CONTEXT() REPRESENTATION_CONTEXT('2D SPACE',''
  ) );
#4542 = PCURVE('',#4360,#4543);
#4543 = DEFINITIONAL_REPRESENTATION('',(#4544),#4548);
#4544 = LINE('',#4545,#4546);
#4545 = CARTESIAN_POINT('',(0.,0.));
#4546 = VECTOR('',#4547,1.);
#4547 = DIRECTION('',(1.,0.));
#4548 = ( GEOMETRIC_REPRESENTATION_CONTEXT(2) 
PARAMETRIC_REPRESENTATION_CONTEXT() REPRESENTATION_CONTEXT('2D SPACE',''
  ) );
#4549 = ORIENTED_EDGE('',*,*,#4309,.T.);
#4550 = ORIENTED_EDGE('',*,*,#4551,.T.);
#4551 = EDGE_CURVE('',#4312,#4432,#4552,.T.);
#4552 = SURFACE_CURVE('',#4553,(#4557,#4564),.PCURVE_S1.);
#4553 = LINE('',#4554,#4555);
#4554 = CARTESIAN_POINT('',(-9.2,-9.2,4.5));
#4555 = VECTOR('',#4556,1.);
#4556 = DIRECTION('',(1.,0.,0.));
#4557 = PCURVE('',#4332,#4558);
#4558 = DEFINITIONAL_REPRESENTATION('',(#4559),#4563);
#4559 = LINE('',#4560,#4561);
#4560 = CARTESIAN_POINT('',(4.5,0.));
#4561 = VECTOR('',#4562,1.);
#4562 = DIRECTION('',(0.,1.));
#4563 = ( GEOMETRIC_REPRESENTATION_CONTEXT(2) 
PARAMETRIC_REPRESENTATION_CONTEXT() REPRESENTATION_CONTEXT('2D SPACE',''
  ) );
#4564 = PCURVE('',#4414,#4565);
#4565 = DEFINITIONAL_REPRESENTATION('',(#4566),#4570);
#4566 = LINE('',#4567,#4568);
#4567 = CARTESIAN_POINT('',(0.,0.));
#4568 = VECTOR('',#4569,1.);
#4569 = DIRECTION('',(1.,0.));
#4570 = ( GEOMETRIC_REPRESENTATION_CONTEXT(2) 
PARAMETRIC_REPRESENTATION_CONTEXT() REPRESENTATION_CONTEXT('2D SPACE',''
  ) );
#4571 = ORIENTED_EDGE('',*,*,#4429,.F.);
#4572 = ADVANCED_FACE('',(#4573),#4388,.T.);
#4573 = FACE_BOUND('',#4574,.T.);
#4574 = EDGE_LOOP('',(#4575,#4596,#4597,#4618));
#4575 = ORIENTED_EDGE('',*,*,#4576,.F.);
#4576 = EDGE_CURVE('',#4345,#4460,#4577,.T.);
#4577 = SURFACE_CURVE('',#4578,(#4582,#4589),.PCURVE_S1.);
#4578 = LINE('',#4579,#4580);
#4579 = CARTESIAN_POINT('',(-9.2,-8.58,0.));
#4580 = VECTOR('',#4581,1.);
#4581 = DIRECTION('',(1.,0.,0.));
#4582 = PCURVE('',#4388,#4583);
#4583 = DEFINITIONAL_REPRESENTATION('',(#4584),#4588);
#4584 = LINE('',#4585,#4586);
#4585 = CARTESIAN_POINT('',(0.,0.));
#4586 = VECTOR('',#4587,1.);
#4587 = DIRECTION('',(0.,1.));
#4588 = ( GEOMETRIC_REPRESENTATION_CONTEXT(2) 
PARAMETRIC_REPRESENTATION_CONTEXT() REPRESENTATION_CONTEXT('2D SPACE',''
  ) );
#4589 = PCURVE('',#4360,#4590);
#4590 = DEFINITIONAL_REPRESENTATION('',(#4591),#4595);
#4591 = LINE('',#4592,#4593);
#4592 = CARTESIAN_POINT('',(0.,0.62));
#4593 = VECTOR('',#4594,1.);
#4594 = DIRECTION('',(1.,0.));
#4595 = ( GEOMETRIC_REPRESENTATION_CONTEXT(2) 
PARAMETRIC_REPRESENTATION_CONTEXT() REPRESENTATION_CONTEXT('2D SPACE',''
  ) );
#4596 = ORIENTED_EDGE('',*,*,#4372,.T.);
#4597 = ORIENTED_EDGE('',*,*,#4598,.T.);
#4598 = EDGE_CURVE('',#4373,#4483,#4599,.T.);
#4599 = SURFACE_CURVE('',#4600,(#4604,#4611),.PCURVE_S1.);
#4600 = LINE('',#4601,#4602);
#4601 = CARTESIAN_POINT('',(-9.2,-8.58,4.5));
#4602 = VECTOR('',#4603,1.);
#4603 = DIRECTION('',(1.,0.,0.));
#4604 = PCURVE('',#4388,#4605);
#4605 = DEFINITIONAL_REPRESENTATION('',(#4606),#4610);
#4606 = LINE('',#4607,#4608);
#4607 = CARTESIAN_POINT('',(4.5,0.));
#4608 = VECTOR('',#4609,1.);
#4609 = DIRECTION('',(0.,1.));
#4610 = ( GEOMETRIC_REPRESENTATION_CONTEXT(2) 
PARAMETRIC_REPRESENTATION_CONTEXT() REPRESENTATION_CONTEXT('2D SPACE',''
  ) );
#4611 = PCURVE('',#4414,#4612);
#4612 = DEFINITIONAL_REPRESENTATION('',(#4613),#4617);
#4613 = LINE('',#4614,#4615);
#4614 = CARTESIAN_POINT('',(0.,0.62));
#4615 = VECTOR('',#4616,1.);
#4616 = DIRECTION('',(1.,0.));
#4617 = ( GEOMETRIC_REPRESENTATION_CONTEXT(2) 
PARAMETRIC_REPRESENTATION_CONTEXT() REPRESENTATION_CONTEXT('2D SPACE',''
  ) );
#4618 = ORIENTED_EDGE('',*,*,#4482,.F.);
#4619 = ADVANCED_FACE('',(#4620),#4360,.F.);
#4620 = FACE_BOUND('',#4621,.F.);
#4621 = EDGE_LOOP('',(#4622,#4623,#4624,#4625));
#4622 = ORIENTED_EDGE('',*,*,#4344,.F.);
#4623 = ORIENTED_EDGE('',*,*,#4529,.T.);
#4624 = ORIENTED_EDGE('',*,*,#4459,.T.);
#4625 = ORIENTED_EDGE('',*,*,#4576,.F.);
#4626 = ADVANCED_FACE('',(#4627),#4414,.T.);
#4627 = FACE_BOUND('',#4628,.T.);
#4628 = EDGE_LOOP('',(#4629,#4630,#4631,#4632));
#4629 = ORIENTED_EDGE('',*,*,#4400,.F.);
#4630 = ORIENTED_EDGE('',*,*,#4551,.T.);
#4631 = ORIENTED_EDGE('',*,*,#4505,.T.);
#4632 = ORIENTED_EDGE('',*,*,#4598,.F.);
#4633 = ( GEOMETRIC_REPRESENTATION_CONTEXT(3) 
GLOBAL_UNCERTAINTY_ASSIGNED_CONTEXT((#4637)) 
GLOBAL_UNIT_ASSIGNED_CONTEXT((#4634,#4635,#4636)) REPRESENTATION_CONTEXT
('Context #1','3D Context with UNIT and UNCERTAINTY') );
#4634 = ( LENGTH_UNIT() NAMED_UNIT(*) SI_UNIT(.MILLI.,.METRE.) );
#4635 = ( NAMED_UNIT(*) PLANE_ANGLE_UNIT() SI_UNIT($,.RADIAN.) );
#4636 = ( NAMED_UNIT(*) SI_UNIT($,.STERADIAN.) SOLID_ANGLE_UNIT() );
#4637 = UNCERTAINTY_MEASURE_WITH_UNIT(LENGTH_MEASURE(1.E-07),#4634,
  'distance_accuracy_value','confusion accuracy');
#4638 = CONTEXT_DEPENDENT_SHAPE_REPRESENTATION(#4639,#4641);
#4639 = ( REPRESENTATION_RELATIONSHIP('','',#4302,#10) 
REPRESENTATION_RELATIONSHIP_WITH_TRANSFORMATION(#4640) 
SHAPE_REPRESENTATION_RELATIONSHIP() );
#4640 = ITEM_DEFINED_TRANSFORMATION('','',#11,#55);
#4641 = PRODUCT_DEFINITION_SHAPE('Placement','Placement of an item',
  #4642);
#4642 = NEXT_ASSEMBLY_USAGE_OCCURRENCE('102','pin_left_9','',#5,#4297,$
  );
#4643 = PRODUCT_RELATED_PRODUCT_CATEGORY('part',$,(#4299));
#4644 = SHAPE_DEFINITION_REPRESENTATION(#4645,#4651);
#4645 = PRODUCT_DEFINITION_SHAPE('','',#4646);
#4646 = PRODUCT_DEFINITION('design','',#4647,#4650);
#4647 = PRODUCT_DEFINITION_FORMATION('','',#4648);
#4648 = PRODUCT('pin_left_10','pin_left_10','',(#4649));
#4649 = PRODUCT_CONTEXT('',#2,'mechanical');
#4650 = PRODUCT_DEFINITION_CONTEXT('part definition',#2,'design');
#4651 = ADVANCED_BREP_SHAPE_REPRESENTATION('',(#11,#4652),#4982);
#4652 = MANIFOLD_SOLID_BREP('',#4653);
#4653 = CLOSED_SHELL('',(#4654,#4774,#4874,#4921,#4968,#4975));
#4654 = ADVANCED_FACE('',(#4655),#4669,.F.);
#4655 = FACE_BOUND('',#4656,.F.);
#4656 = EDGE_LOOP('',(#4657,#4692,#4720,#4748));
#4657 = ORIENTED_EDGE('',*,*,#4658,.F.);
#4658 = EDGE_CURVE('',#4659,#4661,#4663,.T.);
#4659 = VERTEX_POINT('',#4660);
#4660 = CARTESIAN_POINT('',(-9.2,-11.74,0.));
#4661 = VERTEX_POINT('',#4662);
#4662 = CARTESIAN_POINT('',(-9.2,-11.74,4.5));
#4663 = SURFACE_CURVE('',#4664,(#4668,#4680),.PCURVE_S1.);
#4664 = LINE('',#4665,#4666);
#4665 = CARTESIAN_POINT('',(-9.2,-11.74,0.));
#4666 = VECTOR('',#4667,1.);
#4667 = DIRECTION('',(0.,0.,1.));
#4668 = PCURVE('',#4669,#4674);
#4669 = PLANE('',#4670);
#4670 = AXIS2_PLACEMENT_3D('',#4671,#4672,#4673);
#4671 = CARTESIAN_POINT('',(-9.2,-11.74,0.));
#4672 = DIRECTION('',(1.,0.,0.));
#4673 = DIRECTION('',(0.,0.,1.));
#4674 = DEFINITIONAL_REPRESENTATION('',(#4675),#4679);
#4675 = LINE('',#4676,#4677);
#4676 = CARTESIAN_POINT('',(0.,0.));
#4677 = VECTOR('',#4678,1.);
#4678 = DIRECTION('',(1.,0.));
#4679 = ( GEOMETRIC_REPRESENTATION_CONTEXT(2) 
PARAMETRIC_REPRESENTATION_CONTEXT() REPRESENTATION_CONTEXT('2D SPACE',''
  ) );
#4680 = PCURVE('',#4681,#4686);
#4681 = PLANE('',#4682);
#4682 = AXIS2_PLACEMENT_3D('',#4683,#4684,#4685);
#4683 = CARTESIAN_POINT('',(-9.2,-11.74,0.));
#4684 = DIRECTION('',(0.,1.,0.));
#4685 = DIRECTION('',(0.,0.,1.));
#4686 = DEFINITIONAL_REPRESENTATION('',(#4687),#4691);
#4687 = LINE('',#4688,#4689);
#4688 = CARTESIAN_POINT('',(0.,0.));
#4689 = VECTOR('',#4690,1.);
#4690 = DIRECTION('',(1.,0.));
#4691 = ( GEOMETRIC_REPRESENTATION_CONTEXT(2) 
PARAMETRIC_REPRESENTATION_CONTEXT() REPRESENTATION_CONTEXT('2D SPACE',''
  ) );
#4692 = ORIENTED_EDGE('',*,*,#4693,.T.);
#4693 = EDGE_CURVE('',#4659,#4694,#4696,.T.);
#4694 = VERTEX_POINT('',#4695);
#4695 = CARTESIAN_POINT('',(-9.2,-11.12,0.));
#4696 = SURFACE_CURVE('',#4697,(#4701,#4708),.PCURVE_S1.);
#4697 = LINE('',#4698,#4699);
#4698 = CARTESIAN_POINT('',(-9.2,-11.74,0.));
#4699 = VECTOR('',#4700,1.);
#4700 = DIRECTION('',(0.,1.,0.));
#4701 = PCURVE('',#4669,#4702);
#4702 = DEFINITIONAL_REPRESENTATION('',(#4703),#4707);
#4703 = LINE('',#4704,#4705);
#4704 = CARTESIAN_POINT('',(0.,0.));
#4705 = VECTOR('',#4706,1.);
#4706 = DIRECTION('',(0.,-1.));
#4707 = ( GEOMETRIC_REPRESENTATION_CONTEXT(2) 
PARAMETRIC_REPRESENTATION_CONTEXT() REPRESENTATION_CONTEXT('2D SPACE',''
  ) );
#4708 = PCURVE('',#4709,#4714);
#4709 = PLANE('',#4710);
#4710 = AXIS2_PLACEMENT_3D('',#4711,#4712,#4713);
#4711 = CARTESIAN_POINT('',(-9.2,-11.74,0.));
#4712 = DIRECTION('',(0.,0.,1.));
#4713 = DIRECTION('',(1.,0.,0.));
#4714 = DEFINITIONAL_REPRESENTATION('',(#4715),#4719);
#4715 = LINE('',#4716,#4717);
#4716 = CARTESIAN_POINT('',(0.,0.));
#4717 = VECTOR('',#4718,1.);
#4718 = DIRECTION('',(0.,1.));
#4719 = ( GEOMETRIC_REPRESENTATION_CONTEXT(2) 
PARAMETRIC_REPRESENTATION_CONTEXT() REPRESENTATION_CONTEXT('2D SPACE',''
  ) );
#4720 = ORIENTED_EDGE('',*,*,#4721,.T.);
#4721 = EDGE_CURVE('',#4694,#4722,#4724,.T.);
#4722 = VERTEX_POINT('',#4723);
#4723 = CARTESIAN_POINT('',(-9.2,-11.12,4.5));
#4724 = SURFACE_CURVE('',#4725,(#4729,#4736),.PCURVE_S1.);
#4725 = LINE('',#4726,#4727);
#4726 = CARTESIAN_POINT('',(-9.2,-11.12,0.));
#4727 = VECTOR('',#4728,1.);
#4728 = DIRECTION('',(0.,0.,1.));
#4729 = PCURVE('',#4669,#4730);
#4730 = DEFINITIONAL_REPRESENTATION('',(#4731),#4735);
#4731 = LINE('',#4732,#4733);
#4732 = CARTESIAN_POINT('',(0.,-0.62));
#4733 = VECTOR('',#4734,1.);
#4734 = DIRECTION('',(1.,0.));
#4735 = ( GEOMETRIC_REPRESENTATION_CONTEXT(2) 
PARAMETRIC_REPRESENTATION_CONTEXT() REPRESENTATION_CONTEXT('2D SPACE',''
  ) );
#4736 = PCURVE('',#4737,#4742);
#4737 = PLANE('',#4738);
#4738 = AXIS2_PLACEMENT_3D('',#4739,#4740,#4741);
#4739 = CARTESIAN_POINT('',(-9.2,-11.12,0.));
#4740 = DIRECTION('',(0.,1.,0.));
#4741 = DIRECTION('',(0.,0.,1.));
#4742 = DEFINITIONAL_REPRESENTATION('',(#4743),#4747);
#4743 = LINE('',#4744,#4745);
#4744 = CARTESIAN_POINT('',(0.,0.));
#4745 = VECTOR('',#4746,1.);
#4746 = DIRECTION('',(1.,0.));
#4747 = ( GEOMETRIC_REPRESENTATION_CONTEXT(2) 
PARAMETRIC_REPRESENTATION_CONTEXT() REPRESENTATION_CONTEXT('2D SPACE',''
  ) );
#4748 = ORIENTED_EDGE('',*,*,#4749,.F.);
#4749 = EDGE_CURVE('',#4661,#4722,#4750,.T.);
#4750 = SURFACE_CURVE('',#4751,(#4755,#4762),.PCURVE_S1.);
#4751 = LINE('',#4752,#4753);
#4752 = CARTESIAN_POINT('',(-9.2,-11.74,4.5));
#4753 = VECTOR('',#4754,1.);
#4754 = DIRECTION('',(0.,1.,0.));
#4755 = PCURVE('',#4669,#4756);
#4756 = DEFINITIONAL_REPRESENTATION('',(#4757),#4761);
#4757 = LINE('',#4758,#4759);
#4758 = CARTESIAN_POINT('',(4.5,0.));
#4759 = VECTOR('',#4760,1.);
#4760 = DIRECTION('',(0.,-1.));
#4761 = ( GEOMETRIC_REPRESENTATION_CONTEXT(2) 
PARAMETRIC_REPRESENTATION_CONTEXT() REPRESENTATION_CONTEXT('2D SPACE',''
  ) );
#4762 = PCURVE('',#4763,#4768);
#4763 = PLANE('',#4764);
#4764 = AXIS2_PLACEMENT_3D('',#4765,#4766,#4767);
#4765 = CARTESIAN_POINT('',(-9.2,-11.74,4.5));
#4766 = DIRECTION('',(0.,0.,1.));
#4767 = DIRECTION('',(1.,0.,0.));
#4768 = DEFINITIONAL_REPRESENTATION('',(#4769),#4773);
#4769 = LINE('',#4770,#4771);
#4770 = CARTESIAN_POINT('',(0.,0.));
#4771 = VECTOR('',#4772,1.);
#4772 = DIRECTION('',(0.,1.));
#4773 = ( GEOMETRIC_REPRESENTATION_CONTEXT(2) 
PARAMETRIC_REPRESENTATION_CONTEXT() REPRESENTATION_CONTEXT('2D SPACE',''
  ) );
#4774 = ADVANCED_FACE('',(#4775),#4789,.T.);
#4775 = FACE_BOUND('',#4776,.T.);
#4776 = EDGE_LOOP('',(#4777,#4807,#4830,#4853));
#4777 = ORIENTED_EDGE('',*,*,#4778,.F.);
#4778 = EDGE_CURVE('',#4779,#4781,#4783,.T.);
#4779 = VERTEX_POINT('',#4780);
#4780 = CARTESIAN_POINT('',(-8.58,-11.74,0.));
#4781 = VERTEX_POINT('',#4782);
#4782 = CARTESIAN_POINT('',(-8.58,-11.74,4.5));
#4783 = SURFACE_CURVE('',#4784,(#4788,#4800),.PCURVE_S1.);
#4784 = LINE('',#4785,#4786);
#4785 = CARTESIAN_POINT('',(-8.58,-11.74,0.));
#4786 = VECTOR('',#4787,1.);
#4787 = DIRECTION('',(0.,0.,1.));
#4788 = PCURVE('',#4789,#4794);
#4789 = PLANE('',#4790);
#4790 = AXIS2_PLACEMENT_3D('',#4791,#4792,#4793);
#4791 = CARTESIAN_POINT('',(-8.58,-11.74,0.));
#4792 = DIRECTION('',(1.,0.,0.));
#4793 = DIRECTION('',(0.,0.,1.));
#4794 = DEFINITIONAL_REPRESENTATION('',(#4795),#4799);
#4795 = LINE('',#4796,#4797);
#4796 = CARTESIAN_POINT('',(0.,0.));
#4797 = VECTOR('',#4798,1.);
#4798 = DIRECTION('',(1.,0.));
#4799 = ( GEOMETRIC_REPRESENTATION_CONTEXT(2) 
PARAMETRIC_REPRESENTATION_CONTEXT() REPRESENTATION_CONTEXT('2D SPACE',''
  ) );
#4800 = PCURVE('',#4681,#4801);
#4801 = DEFINITIONAL_REPRESENTATION('',(#4802),#4806);
#4802 = LINE('',#4803,#4804);
#4803 = CARTESIAN_POINT('',(0.,0.62));
#4804 = VECTOR('',#4805,1.);
#4805 = DIRECTION('',(1.,0.));
#4806 = ( GEOMETRIC_REPRESENTATION_CONTEXT(2) 
PARAMETRIC_REPRESENTATION_CONTEXT() REPRESENTATION_CONTEXT('2D SPACE',''
  ) );
#4807 = ORIENTED_EDGE('',*,*,#4808,.T.);
#4808 = EDGE_CURVE('',#4779,#4809,#4811,.T.);
#4809 = VERTEX_POINT('',#4810);
#4810 = CARTESIAN_POINT('',(-8.58,-11.12,0.));
#4811 = SURFACE_CURVE('',#4812,(#4816,#4823),.PCURVE_S1.);
#4812 = LINE('',#4813,#4814);
#4813 = CARTESIAN_POINT('',(-8.58,-11.74,0.));
#4814 = VECTOR('',#4815,1.);
#4815 = DIRECTION('',(0.,1.,0.));
#4816 = PCURVE('',#4789,#4817);
#4817 = DEFINITIONAL_REPRESENTATION('',(#4818),#4822);
#4818 = LINE('',#4819,#4820);
#4819 = CARTESIAN_POINT('',(0.,0.));
#4820 = VECTOR('',#4821,1.);
#4821 = DIRECTION('',(0.,-1.));
#4822 = ( GEOMETRIC_REPRESENTATION_CONTEXT(2) 
PARAMETRIC_REPRESENTATION_CONTEXT() REPRESENTATION_CONTEXT('2D SPACE',''
  ) );
#4823 = PCURVE('',#4709,#4824);
#4824 = DEFINITIONAL_REPRESENTATION('',(#4825),#4829);
#4825 = LINE('',#4826,#4827);
#4826 = CARTESIAN_POINT('',(0.62,0.));
#4827 = VECTOR('',#4828,1.);
#4828 = DIRECTION('',(0.,1.));
#4829 = ( GEOMETRIC_REPRESENTATION_CONTEXT(2) 
PARAMETRIC_REPRESENTATION_CONTEXT() REPRESENTATION_CONTEXT('2D SPACE',''
  ) );
#4830 = ORIENTED_EDGE('',*,*,#4831,.T.);
#4831 = EDGE_CURVE('',#4809,#4832,#4834,.T.);
#4832 = VERTEX_POINT('',#4833);
#4833 = CARTESIAN_POINT('',(-8.58,-11.12,4.5));
#4834 = SURFACE_CURVE('',#4835,(#4839,#4846),.PCURVE_S1.);
#4835 = LINE('',#4836,#4837);
#4836 = CARTESIAN_POINT('',(-8.58,-11.12,0.));
#4837 = VECTOR('',#4838,1.);
#4838 = DIRECTION('',(0.,0.,1.));
#4839 = PCURVE('',#4789,#4840);
#4840 = DEFINITIONAL_REPRESENTATION('',(#4841),#4845);
#4841 = LINE('',#4842,#4843);
#4842 = CARTESIAN_POINT('',(0.,-0.62));
#4843 = VECTOR('',#4844,1.);
#4844 = DIRECTION('',(1.,0.));
#4845 = ( GEOMETRIC_REPRESENTATION_CONTEXT(2) 
PARAMETRIC_REPRESENTATION_CONTEXT() REPRESENTATION_CONTEXT('2D SPACE',''
  ) );
#4846 = PCURVE('',#4737,#4847);
#4847 = DEFINITIONAL_REPRESENTATION('',(#4848),#4852);
#4848 = LINE('',#4849,#4850);
#4849 = CARTESIAN_POINT('',(0.,0.62));
#4850 = VECTOR('',#4851,1.);
#4851 = DIRECTION('',(1.,0.));
#4852 = ( GEOMETRIC_REPRESENTATION_CONTEXT(2) 
PARAMETRIC_REPRESENTATION_CONTEXT() REPRESENTATION_CONTEXT('2D SPACE',''
  ) );
#4853 = ORIENTED_EDGE('',*,*,#4854,.F.);
#4854 = EDGE_CURVE('',#4781,#4832,#4855,.T.);
#4855 = SURFACE_CURVE('',#4856,(#4860,#4867),.PCURVE_S1.);
#4856 = LINE('',#4857,#4858);
#4857 = CARTESIAN_POINT('',(-8.58,-11.74,4.5));
#4858 = VECTOR('',#4859,1.);
#4859 = DIRECTION('',(0.,1.,0.));
#4860 = PCURVE('',#4789,#4861);
#4861 = DEFINITIONAL_REPRESENTATION('',(#4862),#4866);
#4862 = LINE('',#4863,#4864);
#4863 = CARTESIAN_POINT('',(4.5,0.));
#4864 = VECTOR('',#4865,1.);
#4865 = DIRECTION('',(0.,-1.));
#4866 = ( GEOMETRIC_REPRESENTATION_CONTEXT(2) 
PARAMETRIC_REPRESENTATION_CONTEXT() REPRESENTATION_CONTEXT('2D SPACE',''
  ) );
#4867 = PCURVE('',#4763,#4868);
#4868 = DEFINITIONAL_REPRESENTATION('',(#4869),#4873);
#4869 = LINE('',#4870,#4871);
#4870 = CARTESIAN_POINT('',(0.62,0.));
#4871 = VECTOR('',#4872,1.);
#4872 = DIRECTION('',(0.,1.));
#4873 = ( GEOMETRIC_REPRESENTATION_CONTEXT(2) 
PARAMETRIC_REPRESENTATION_CONTEXT() REPRESENTATION_CONTEXT('2D SPACE',''
  ) );
#4874 = ADVANCED_FACE('',(#4875),#4681,.F.);
#4875 = FACE_BOUND('',#4876,.F.);
#4876 = EDGE_LOOP('',(#4877,#4898,#4899,#4920));
#4877 = ORIENTED_EDGE('',*,*,#4878,.F.);
#4878 = EDGE_CURVE('',#4659,#4779,#4879,.T.);
#4879 = SURFACE_CURVE('',#4880,(#4884,#4891),.PCURVE_S1.);
#4880 = LINE('',#4881,#4882);
#4881 = CARTESIAN_POINT('',(-9.2,-11.74,0.));
#4882 = VECTOR('',#4883,1.);
#4883 = DIRECTION('',(1.,0.,0.));
#4884 = PCURVE('',#4681,#4885);
#4885 = DEFINITIONAL_REPRESENTATION('',(#4886),#4890);
#4886 = LINE('',#4887,#4888);
#4887 = CARTESIAN_POINT('',(0.,0.));
#4888 = VECTOR('',#4889,1.);
#4889 = DIRECTION('',(0.,1.));
#4890 = ( GEOMETRIC_REPRESENTATION_CONTEXT(2) 
PARAMETRIC_REPRESENTATION_CONTEXT() REPRESENTATION_CONTEXT('2D SPACE',''
  ) );
#4891 = PCURVE('',#4709,#4892);
#4892 = DEFINITIONAL_REPRESENTATION('',(#4893),#4897);
#4893 = LINE('',#4894,#4895);
#4894 = CARTESIAN_POINT('',(0.,0.));
#4895 = VECTOR('',#4896,1.);
#4896 = DIRECTION('',(1.,0.));
#4897 = ( GEOMETRIC_REPRESENTATION_CONTEXT(2) 
PARAMETRIC_REPRESENTATION_CONTEXT() REPRESENTATION_CONTEXT('2D SPACE',''
  ) );
#4898 = ORIENTED_EDGE('',*,*,#4658,.T.);
#4899 = ORIENTED_EDGE('',*,*,#4900,.T.);
#4900 = EDGE_CURVE('',#4661,#4781,#4901,.T.);
#4901 = SURFACE_CURVE('',#4902,(#4906,#4913),.PCURVE_S1.);
#4902 = LINE('',#4903,#4904);
#4903 = CARTESIAN_POINT('',(-9.2,-11.74,4.5));
#4904 = VECTOR('',#4905,1.);
#4905 = DIRECTION('',(1.,0.,0.));
#4906 = PCURVE('',#4681,#4907);
#4907 = DEFINITIONAL_REPRESENTATION('',(#4908),#4912);
#4908 = LINE('',#4909,#4910);
#4909 = CARTESIAN_POINT('',(4.5,0.));
#4910 = VECTOR('',#4911,1.);
#4911 = DIRECTION('',(0.,1.));
#4912 = ( GEOMETRIC_REPRESENTATION_CONTEXT(2) 
PARAMETRIC_REPRESENTATION_CONTEXT() REPRESENTATION_CONTEXT('2D SPACE',''
  ) );
#4913 = PCURVE('',#4763,#4914);
#4914 = DEFINITIONAL_REPRESENTATION('',(#4915),#4919);
#4915 = LINE('',#4916,#4917);
#4916 = CARTESIAN_POINT('',(0.,0.));
#4917 = VECTOR('',#4918,1.);
#4918 = DIRECTION('',(1.,0.));
#4919 = ( GEOMETRIC_REPRESENTATION_CONTEXT(2) 
PARAMETRIC_REPRESENTATION_CONTEXT() REPRESENTATION_CONTEXT('2D SPACE',''
  ) );
#4920 = ORIENTED_EDGE('',*,*,#4778,.F.);
#4921 = ADVANCED_FACE('',(#4922),#4737,.T.);
#4922 = FACE_BOUND('',#4923,.T.);
#4923 = EDGE_LOOP('',(#4924,#4945,#4946,#4967));
#4924 = ORIENTED_EDGE('',*,*,#4925,.F.);
#4925 = EDGE_CURVE('',#4694,#4809,#4926,.T.);
#4926 = SURFACE_CURVE('',#4927,(#4931,#4938),.PCURVE_S1.);
#4927 = LINE('',#4928,#4929);
#4928 = CARTESIAN_POINT('',(-9.2,-11.12,0.));
#4929 = VECTOR('',#4930,1.);
#4930 = DIRECTION('',(1.,0.,0.));
#4931 = PCURVE('',#4737,#4932);
#4932 = DEFINITIONAL_REPRESENTATION('',(#4933),#4937);
#4933 = LINE('',#4934,#4935);
#4934 = CARTESIAN_POINT('',(0.,0.));
#4935 = VECTOR('',#4936,1.);
#4936 = DIRECTION('',(0.,1.));
#4937 = ( GEOMETRIC_REPRESENTATION_CONTEXT(2) 
PARAMETRIC_REPRESENTATION_CONTEXT() REPRESENTATION_CONTEXT('2D SPACE',''
  ) );
#4938 = PCURVE('',#4709,#4939);
#4939 = DEFINITIONAL_REPRESENTATION('',(#4940),#4944);
#4940 = LINE('',#4941,#4942);
#4941 = CARTESIAN_POINT('',(0.,0.62));
#4942 = VECTOR('',#4943,1.);
#4943 = DIRECTION('',(1.,0.));
#4944 = ( GEOMETRIC_REPRESENTATION_CONTEXT(2) 
PARAMETRIC_REPRESENTATION_CONTEXT() REPRESENTATION_CONTEXT('2D SPACE',''
  ) );
#4945 = ORIENTED_EDGE('',*,*,#4721,.T.);
#4946 = ORIENTED_EDGE('',*,*,#4947,.T.);
#4947 = EDGE_CURVE('',#4722,#4832,#4948,.T.);
#4948 = SURFACE_CURVE('',#4949,(#4953,#4960),.PCURVE_S1.);
#4949 = LINE('',#4950,#4951);
#4950 = CARTESIAN_POINT('',(-9.2,-11.12,4.5));
#4951 = VECTOR('',#4952,1.);
#4952 = DIRECTION('',(1.,0.,0.));
#4953 = PCURVE('',#4737,#4954);
#4954 = DEFINITIONAL_REPRESENTATION('',(#4955),#4959);
#4955 = LINE('',#4956,#4957);
#4956 = CARTESIAN_POINT('',(4.5,0.));
#4957 = VECTOR('',#4958,1.);
#4958 = DIRECTION('',(0.,1.));
#4959 = ( GEOMETRIC_REPRESENTATION_CONTEXT(2) 
PARAMETRIC_REPRESENTATION_CONTEXT() REPRESENTATION_CONTEXT('2D SPACE',''
  ) );
#4960 = PCURVE('',#4763,#4961);
#4961 = DEFINITIONAL_REPRESENTATION('',(#4962),#4966);
#4962 = LINE('',#4963,#4964);
#4963 = CARTESIAN_POINT('',(0.,0.62));
#4964 = VECTOR('',#4965,1.);
#4965 = DIRECTION('',(1.,0.));
#4966 = ( GEOMETRIC_REPRESENTATION_CONTEXT(2) 
PARAMETRIC_REPRESENTATION_CONTEXT() REPRESENTATION_CONTEXT('2D SPACE',''
  ) );
#4967 = ORIENTED_EDGE('',*,*,#4831,.F.);
#4968 = ADVANCED_FACE('',(#4969),#4709,.F.);
#4969 = FACE_BOUND('',#4970,.F.);
#4970 = EDGE_LOOP('',(#4971,#4972,#4973,#4974));
#4971 = ORIENTED_EDGE('',*,*,#4693,.F.);
#4972 = ORIENTED_EDGE('',*,*,#4878,.T.);
#4973 = ORIENTED_EDGE('',*,*,#4808,.T.);
#4974 = ORIENTED_EDGE('',*,*,#4925,.F.);
#4975 = ADVANCED_FACE('',(#4976),#4763,.T.);
#4976 = FACE_BOUND('',#4977,.T.);
#4977 = EDGE_LOOP('',(#4978,#4979,#4980,#4981));
#4978 = ORIENTED_EDGE('',*,*,#4749,.F.);
#4979 = ORIENTED_EDGE('',*,*,#4900,.T.);
#4980 = ORIENTED_EDGE('',*,*,#4854,.T.);
#4981 = ORIENTED_EDGE('',*,*,#4947,.F.);
#4982 = ( GEOMETRIC_REPRESENTATION_CONTEXT(3) 
GLOBAL_UNCERTAINTY_ASSIGNED_CONTEXT((#4986)) 
GLOBAL_UNIT_ASSIGNED_CONTEXT((#4983,#4984,#4985)) REPRESENTATION_CONTEXT
('Context #1','3D Context with UNIT and UNCERTAINTY') );
#4983 = ( LENGTH_UNIT() NAMED_UNIT(*) SI_UNIT(.MILLI.,.METRE.) );
#4984 = ( NAMED_UNIT(*) PLANE_ANGLE_UNIT() SI_UNIT($,.RADIAN.) );
#4985 = ( NAMED_UNIT(*) SI_UNIT($,.STERADIAN.) SOLID_ANGLE_UNIT() );
#4986 = UNCERTAINTY_MEASURE_WITH_UNIT(LENGTH_MEASURE(1.E-07),#4983,
  'distance_accuracy_value','confusion accuracy');
#4987 = CONTEXT_DEPENDENT_SHAPE_REPRESENTATION(#4988,#4990);
#4988 = ( REPRESENTATION_RELATIONSHIP('','',#4651,#10) 
REPRESENTATION_RELATIONSHIP_WITH_TRANSFORMATION(#4989) 
SHAPE_REPRESENTATION_RELATIONSHIP() );
#4989 = ITEM_DEFINED_TRANSFORMATION('','',#11,#59);
#4990 = PRODUCT_DEFINITION_SHAPE('Placement','Placement of an item',
  #4991);
#4991 = NEXT_ASSEMBLY_USAGE_OCCURRENCE('103','pin_left_10','',#5,#4646,$
  );
#4992 = PRODUCT_RELATED_PRODUCT_CATEGORY('part',$,(#4648));
#4993 = SHAPE_DEFINITION_REPRESENTATION(#4994,#5000);
#4994 = PRODUCT_DEFINITION_SHAPE('','',#4995);
#4995 = PRODUCT_DEFINITION('design','',#4996,#4999);
#4996 = PRODUCT_DEFINITION_FORMATION('','',#4997);
#4997 = PRODUCT('header_right','header_right','',(#4998));
#4998 = PRODUCT_CONTEXT('',#2,'mechanical');
#4999 = PRODUCT_DEFINITION_CONTEXT('part definition',#2,'design');
#5000 = ADVANCED_BREP_SHAPE_REPRESENTATION('',(#11,#5001),#5667);
#5001 = MANIFOLD_SOLID_BREP('',#5002);
#5002 = CLOSED_SHELL('',(#5003,#5123,#5323,#5373,#5427,#5552,#5579,#5606
    ,#5633,#5660));
#5003 = ADVANCED_FACE('',(#5004),#5018,.F.);
#5004 = FACE_BOUND('',#5005,.F.);
#5005 = EDGE_LOOP('',(#5006,#5041,#5069,#5097));
#5006 = ORIENTED_EDGE('',*,*,#5007,.F.);
#5007 = EDGE_CURVE('',#5008,#5010,#5012,.T.);
#5008 = VERTEX_POINT('',#5009);
#5009 = CARTESIAN_POINT('',(7.74,-11.9,2.5));
#5010 = VERTEX_POINT('',#5011);
#5011 = CARTESIAN_POINT('',(7.74,11.9,2.5));
#5012 = SURFACE_CURVE('',#5013,(#5017,#5029),.PCURVE_S1.);
#5013 = LINE('',#5014,#5015);
#5014 = CARTESIAN_POINT('',(7.74,-12.,2.5));
#5015 = VECTOR('',#5016,1.);
#5016 = DIRECTION('',(0.,1.,0.));
#5017 = PCURVE('',#5018,#5023);
#5018 = PLANE('',#5019);
#5019 = AXIS2_PLACEMENT_3D('',#5020,#5021,#5022);
#5020 = CARTESIAN_POINT('',(7.74,-12.,0.15));
#5021 = DIRECTION('',(1.,0.,0.));
#5022 = DIRECTION('',(0.,0.,1.));
#5023 = DEFINITIONAL_REPRESENTATION('',(#5024),#5028);
#5024 = LINE('',#5025,#5026);
#5025 = CARTESIAN_POINT('',(2.35,0.));
#5026 = VECTOR('',#5027,1.);
#5027 = DIRECTION('',(0.,-1.));
#5028 = ( GEOMETRIC_REPRESENTATION_CONTEXT(2) 
PARAMETRIC_REPRESENTATION_CONTEXT() REPRESENTATION_CONTEXT('2D SPACE',''
  ) );
#5029 = PCURVE('',#5030,#5035);
#5030 = PLANE('',#5031);
#5031 = AXIS2_PLACEMENT_3D('',#5032,#5033,#5034);
#5032 = CARTESIAN_POINT('',(7.74,-12.,2.5));
#5033 = DIRECTION('',(0.,0.,1.));
#5034 = DIRECTION('',(1.,0.,0.));
#5035 = DEFINITIONAL_REPRESENTATION('',(#5036),#5040);
#5036 = LINE('',#5037,#5038);
#5037 = CARTESIAN_POINT('',(0.,0.));
#5038 = VECTOR('',#5039,1.);
#5039 = DIRECTION('',(0.,1.));
#5040 = ( GEOMETRIC_REPRESENTATION_CONTEXT(2) 
PARAMETRIC_REPRESENTATION_CONTEXT() REPRESENTATION_CONTEXT('2D SPACE',''
  ) );
#5041 = ORIENTED_EDGE('',*,*,#5042,.F.);
#5042 = EDGE_CURVE('',#5043,#5008,#5045,.T.);
#5043 = VERTEX_POINT('',#5044);
#5044 = CARTESIAN_POINT('',(7.74,-11.9,0.15));
#5045 = SURFACE_CURVE('',#5046,(#5050,#5057),.PCURVE_S1.);
#5046 = LINE('',#5047,#5048);
#5047 = CARTESIAN_POINT('',(7.74,-11.9,0.15));
#5048 = VECTOR('',#5049,1.);
#5049 = DIRECTION('',(0.,0.,1.));
#5050 = PCURVE('',#5018,#5051);
#5051 = DEFINITIONAL_REPRESENTATION('',(#5052),#5056);
#5052 = LINE('',#5053,#5054);
#5053 = CARTESIAN_POINT('',(0.,-1.E-01));
#5054 = VECTOR('',#5055,1.);
#5055 = DIRECTION('',(1.,0.));
#5056 = ( GEOMETRIC_REPRESENTATION_CONTEXT(2) 
PARAMETRIC_REPRESENTATION_CONTEXT() REPRESENTATION_CONTEXT('2D SPACE',''
  ) );
#5057 = PCURVE('',#5058,#5063);
#5058 = CYLINDRICAL_SURFACE('',#5059,0.1);
#5059 = AXIS2_PLACEMENT_3D('',#5060,#5061,#5062);
#5060 = CARTESIAN_POINT('',(7.84,-11.9,0.15));
#5061 = DIRECTION('',(0.,0.,1.));
#5062 = DIRECTION('',(-1.,-0.,0.));
#5063 = DEFINITIONAL_REPRESENTATION('',(#5064),#5068);
#5064 = LINE('',#5065,#5066);
#5065 = CARTESIAN_POINT('',(0.,0.));
#5066 = VECTOR('',#5067,1.);
#5067 = DIRECTION('',(0.,1.));
#5068 = ( GEOMETRIC_REPRESENTATION_CONTEXT(2) 
PARAMETRIC_REPRESENTATION_CONTEXT() REPRESENTATION_CONTEXT('2D SPACE',''
  ) );
#5069 = ORIENTED_EDGE('',*,*,#5070,.T.);
#5070 = EDGE_CURVE('',#5043,#5071,#5073,.T.);
#5071 = VERTEX_POINT('',#5072);
#5072 = CARTESIAN_POINT('',(7.74,11.9,0.15));
#5073 = SURFACE_CURVE('',#5074,(#5078,#5085),.PCURVE_S1.);
#5074 = LINE('',#5075,#5076);
#5075 = CARTESIAN_POINT('',(7.74,-12.,0.15));
#5076 = VECTOR('',#5077,1.);
#5077 = DIRECTION('',(0.,1.,0.));
#5078 = PCURVE('',#5018,#5079);
#5079 = DEFINITIONAL_REPRESENTATION('',(#5080),#5084);
#5080 = LINE('',#5081,#5082);
#5081 = CARTESIAN_POINT('',(0.,0.));
#5082 = VECTOR('',#5083,1.);
#5083 = DIRECTION('',(0.,-1.));
#5084 = ( GEOMETRIC_REPRESENTATION_CONTEXT(2) 
PARAMETRIC_REPRESENTATION_CONTEXT() REPRESENTATION_CONTEXT('2D SPACE',''
  ) );
#5085 = PCURVE('',#5086,#5091);
#5086 = PLANE('',#5087);
#5087 = AXIS2_PLACEMENT_3D('',#5088,#5089,#5090);
#5088 = CARTESIAN_POINT('',(7.74,-12.,0.15));
#5089 = DIRECTION('',(0.,0.,1.));
#5090 = DIRECTION('',(1.,0.,0.));
#5091 = DEFINITIONAL_REPRESENTATION('',(#5092),#5096);
#5092 = LINE('',#5093,#5094);
#5093 = CARTESIAN_POINT('',(0.,0.));
#5094 = VECTOR('',#5095,1.);
#5095 = DIRECTION('',(0.,1.));
#5096 = ( GEOMETRIC_REPRESENTATION_CONTEXT(2) 
PARAMETRIC_REPRESENTATION_CONTEXT() REPRESENTATION_CONTEXT('2D SPACE',''
  ) );
#5097 = ORIENTED_EDGE('',*,*,#5098,.T.);
#5098 = EDGE_CURVE('',#5071,#5010,#5099,.T.);
#5099 = SURFACE_CURVE('',#5100,(#5104,#5111),.PCURVE_S1.);
#5100 = LINE('',#5101,#5102);
#5101 = CARTESIAN_POINT('',(7.74,11.9,0.15));
#5102 = VECTOR('',#5103,1.);
#5103 = DIRECTION('',(0.,0.,1.));
#5104 = PCURVE('',#5018,#5105);
#5105 = DEFINITIONAL_REPRESENTATION('',(#5106),#5110);
#5106 = LINE('',#5107,#5108);
#5107 = CARTESIAN_POINT('',(0.,-23.9));
#5108 = VECTOR('',#5109,1.);
#5109 = DIRECTION('',(1.,0.));
#5110 = ( GEOMETRIC_REPRESENTATION_CONTEXT(2) 
PARAMETRIC_REPRESENTATION_CONTEXT() REPRESENTATION_CONTEXT('2D SPACE',''
  ) );
#5111 = PCURVE('',#5112,#5117);
#5112 = CYLINDRICAL_SURFACE('',#5113,0.1);
#5113 = AXIS2_PLACEMENT_3D('',#5114,#5115,#5116);
#5114 = CARTESIAN_POINT('',(7.84,11.9,0.15));
#5115 = DIRECTION('',(0.,0.,1.));
#5116 = DIRECTION('',(-1.,-0.,0.));
#5117 = DEFINITIONAL_REPRESENTATION('',(#5118),#5122);
#5118 = LINE('',#5119,#5120);
#5119 = CARTESIAN_POINT('',(-0.,0.));
#5120 = VECTOR('',#5121,1.);
#5121 = DIRECTION('',(-0.,1.));
#5122 = ( GEOMETRIC_REPRESENTATION_CONTEXT(2) 
PARAMETRIC_REPRESENTATION_CONTEXT() REPRESENTATION_CONTEXT('2D SPACE',''
  ) );
#5123 = ADVANCED_FACE('',(#5124),#5030,.T.);
#5124 = FACE_BOUND('',#5125,.T.);
#5125 = EDGE_LOOP('',(#5126,#5127,#5151,#5179,#5212,#5240,#5269,#5297));
#5126 = ORIENTED_EDGE('',*,*,#5007,.F.);
#5127 = ORIENTED_EDGE('',*,*,#5128,.T.);
#5128 = EDGE_CURVE('',#5008,#5129,#5131,.T.);
#5129 = VERTEX_POINT('',#5130);
#5130 = CARTESIAN_POINT('',(7.84,-12.,2.5));
#5131 = SURFACE_CURVE('',#5132,(#5137,#5144),.PCURVE_S1.);
#5132 = CIRCLE('',#5133,0.1);
#5133 = AXIS2_PLACEMENT_3D('',#5134,#5135,#5136);
#5134 = CARTESIAN_POINT('',(7.84,-11.9,2.5));
#5135 = DIRECTION('',(0.,0.,1.));
#5136 = DIRECTION('',(0.,-1.,0.));
#5137 = PCURVE('',#5030,#5138);
#5138 = DEFINITIONAL_REPRESENTATION('',(#5139),#5143);
#5139 = CIRCLE('',#5140,0.1);
#5140 = AXIS2_PLACEMENT_2D('',#5141,#5142);
#5141 = CARTESIAN_POINT('',(1.E-01,1.E-01));
#5142 = DIRECTION('',(0.,-1.));
#5143 = ( GEOMETRIC_REPRESENTATION_CONTEXT(2) 
PARAMETRIC_REPRESENTATION_CONTEXT() REPRESENTATION_CONTEXT('2D SPACE',''
  ) );
#5144 = PCURVE('',#5058,#5145);
#5145 = DEFINITIONAL_REPRESENTATION('',(#5146),#5150);
#5146 = LINE('',#5147,#5148);
#5147 = CARTESIAN_POINT('',(-4.712388980385,2.35));
#5148 = VECTOR('',#5149,1.);
#5149 = DIRECTION('',(1.,0.));
#5150 = ( GEOMETRIC_REPRESENTATION_CONTEXT(2) 
PARAMETRIC_REPRESENTATION_CONTEXT() REPRESENTATION_CONTEXT('2D SPACE',''
  ) );
#5151 = ORIENTED_EDGE('',*,*,#5152,.T.);
#5152 = EDGE_CURVE('',#5129,#5153,#5155,.T.);
#5153 = VERTEX_POINT('',#5154);
#5154 = CARTESIAN_POINT('',(9.94,-12.,2.5));
#5155 = SURFACE_CURVE('',#5156,(#5160,#5167),.PCURVE_S1.);
#5156 = LINE('',#5157,#5158);
#5157 = CARTESIAN_POINT('',(7.74,-12.,2.5));
#5158 = VECTOR('',#5159,1.);
#5159 = DIRECTION('',(1.,0.,0.));
#5160 = PCURVE('',#5030,#5161);
#5161 = DEFINITIONAL_REPRESENTATION('',(#5162),#5166);
#5162 = LINE('',#5163,#5164);
#5163 = CARTESIAN_POINT('',(0.,0.));
#5164 = VECTOR('',#5165,1.);
#5165 = DIRECTION('',(1.,0.));
#5166 = ( GEOMETRIC_REPRESENTATION_CONTEXT(2) 
PARAMETRIC_REPRESENTATION_CONTEXT() REPRESENTATION_CONTEXT('2D SPACE',''
  ) );
#5167 = PCURVE('',#5168,#5173);
#5168 = PLANE('',#5169);
#5169 = AXIS2_PLACEMENT_3D('',#5170,#5171,#5172);
#5170 = CARTESIAN_POINT('',(7.74,-12.,0.15));
#5171 = DIRECTION('',(0.,1.,0.));
#5172 = DIRECTION('',(0.,0.,1.));
#5173 = DEFINITIONAL_REPRESENTATION('',(#5174),#5178);
#5174 = LINE('',#5175,#5176);
#5175 = CARTESIAN_POINT('',(2.35,0.));
#5176 = VECTOR('',#5177,1.);
#5177 = DIRECTION('',(0.,1.));
#5178 = ( GEOMETRIC_REPRESENTATION_CONTEXT(2) 
PARAMETRIC_REPRESENTATION_CONTEXT() REPRESENTATION_CONTEXT('2D SPACE',''
  ) );
#5179 = ORIENTED_EDGE('',*,*,#5180,.F.);
#5180 = EDGE_CURVE('',#5181,#5153,#5183,.T.);
#5181 = VERTEX_POINT('',#5182);
#5182 = CARTESIAN_POINT('',(10.04,-11.9,2.5));
#5183 = SURFACE_CURVE('',#5184,(#5189,#5200),.PCURVE_S1.);
#5184 = CIRCLE('',#5185,0.1);
#5185 = AXIS2_PLACEMENT_3D('',#5186,#5187,#5188);
#5186 = CARTESIAN_POINT('',(9.94,-11.9,2.5));
#5187 = DIRECTION('',(-0.,-0.,-1.));
#5188 = DIRECTION('',(0.,-1.,0.));
#5189 = PCURVE('',#5030,#5190);
#5190 = DEFINITIONAL_REPRESENTATION('',(#5191),#5199);
#5191 = ( BOUNDED_CURVE() B_SPLINE_CURVE(2,(#5192,#5193,#5194,#5195,
#5196,#5197,#5198),.UNSPECIFIED.,.T.,.F.) B_SPLINE_CURVE_WITH_KNOTS((1,2
    ,2,2,2,1),(-2.094395102393,0.,2.094395102393,4.188790204786,
6.28318530718,8.377580409573),.UNSPECIFIED.) CURVE() 
GEOMETRIC_REPRESENTATION_ITEM() RATIONAL_B_SPLINE_CURVE((1.,0.5,1.,0.5,
1.,0.5,1.)) REPRESENTATION_ITEM('') );
#5192 = CARTESIAN_POINT('',(2.2,-3.608224830032E-16));
#5193 = CARTESIAN_POINT('',(2.026794919243,-3.608224830032E-16));
#5194 = CARTESIAN_POINT('',(2.113397459622,0.15));
#5195 = CARTESIAN_POINT('',(2.2,0.3));
#5196 = CARTESIAN_POINT('',(2.286602540378,0.15));
#5197 = CARTESIAN_POINT('',(2.373205080757,-2.081668171172E-16));
#5198 = CARTESIAN_POINT('',(2.2,-3.608224830032E-16));
#5199 = ( GEOMETRIC_REPRESENTATION_CONTEXT(2) 
PARAMETRIC_REPRESENTATION_CONTEXT() REPRESENTATION_CONTEXT('2D SPACE',''
  ) );
#5200 = PCURVE('',#5201,#5206);
#5201 = CYLINDRICAL_SURFACE('',#5202,0.1);
#5202 = AXIS2_PLACEMENT_3D('',#5203,#5204,#5205);
#5203 = CARTESIAN_POINT('',(9.94,-11.9,0.15));
#5204 = DIRECTION('',(0.,0.,1.));
#5205 = DIRECTION('',(1.,0.,-0.));
#5206 = DEFINITIONAL_REPRESENTATION('',(#5207),#5211);
#5207 = LINE('',#5208,#5209);
#5208 = CARTESIAN_POINT('',(4.712388980385,2.35));
#5209 = VECTOR('',#5210,1.);
#5210 = DIRECTION('',(-1.,0.));
#5211 = ( GEOMETRIC_REPRESENTATION_CONTEXT(2) 
PARAMETRIC_REPRESENTATION_CONTEXT() REPRESENTATION_CONTEXT('2D SPACE',''
  ) );
#5212 = ORIENTED_EDGE('',*,*,#5213,.T.);
#5213 = EDGE_CURVE('',#5181,#5214,#5216,.T.);
#5214 = VERTEX_POINT('',#5215);
#5215 = CARTESIAN_POINT('',(10.04,11.9,2.5));
#5216 = SURFACE_CURVE('',#5217,(#5221,#5228),.PCURVE_S1.);
#5217 = LINE('',#5218,#5219);
#5218 = CARTESIAN_POINT('',(10.04,-12.,2.5));
#5219 = VECTOR('',#5220,1.);
#5220 = DIRECTION('',(0.,1.,0.));
#5221 = PCURVE('',#5030,#5222);
#5222 = DEFINITIONAL_REPRESENTATION('',(#5223),#5227);
#5223 = LINE('',#5224,#5225);
#5224 = CARTESIAN_POINT('',(2.3,0.));
#5225 = VECTOR('',#5226,1.);
#5226 = DIRECTION('',(0.,1.));
#5227 = ( GEOMETRIC_REPRESENTATION_CONTEXT(2) 
PARAMETRIC_REPRESENTATION_CONTEXT() REPRESENTATION_CONTEXT('2D SPACE',''
  ) );
#5228 = PCURVE('',#5229,#5234);
#5229 = PLANE('',#5230);
#5230 = AXIS2_PLACEMENT_3D('',#5231,#5232,#5233);
#5231 = CARTESIAN_POINT('',(10.04,-12.,0.15));
#5232 = DIRECTION('',(1.,0.,0.));
#5233 = DIRECTION('',(0.,0.,1.));
#5234 = DEFINITIONAL_REPRESENTATION('',(#5235),#5239);
#5235 = LINE('',#5236,#5237);
#5236 = CARTESIAN_POINT('',(2.35,0.));
#5237 = VECTOR('',#5238,1.);
#5238 = DIRECTION('',(0.,-1.));
#5239 = ( GEOMETRIC_REPRESENTATION_CONTEXT(2) 
PARAMETRIC_REPRESENTATION_CONTEXT() REPRESENTATION_CONTEXT('2D SPACE',''
  ) );
#5240 = ORIENTED_EDGE('',*,*,#5241,.T.);
#5241 = EDGE_CURVE('',#5214,#5242,#5244,.T.);
#5242 = VERTEX_POINT('',#5243);
#5243 = CARTESIAN_POINT('',(9.94,12.,2.5));
#5244 = SURFACE_CURVE('',#5245,(#5250,#5257),.PCURVE_S1.);
#5245 = CIRCLE('',#5246,0.1);
#5246 = AXIS2_PLACEMENT_3D('',#5247,#5248,#5249);
#5247 = CARTESIAN_POINT('',(9.94,11.9,2.5));
#5248 = DIRECTION('',(0.,0.,1.));
#5249 = DIRECTION('',(0.,-1.,0.));
#5250 = PCURVE('',#5030,#5251);
#5251 = DEFINITIONAL_REPRESENTATION('',(#5252),#5256);
#5252 = CIRCLE('',#5253,0.1);
#5253 = AXIS2_PLACEMENT_2D('',#5254,#5255);
#5254 = CARTESIAN_POINT('',(2.2,23.9));
#5255 = DIRECTION('',(0.,-1.));
#5256 = ( GEOMETRIC_REPRESENTATION_CONTEXT(2) 
PARAMETRIC_REPRESENTATION_CONTEXT() REPRESENTATION_CONTEXT('2D SPACE',''
  ) );
#5257 = PCURVE('',#5258,#5263);
#5258 = CYLINDRICAL_SURFACE('',#5259,0.1);
#5259 = AXIS2_PLACEMENT_3D('',#5260,#5261,#5262);
#5260 = CARTESIAN_POINT('',(9.94,11.9,0.15));
#5261 = DIRECTION('',(0.,0.,1.));
#5262 = DIRECTION('',(1.,0.,-0.));
#5263 = DEFINITIONAL_REPRESENTATION('',(#5264),#5268);
#5264 = LINE('',#5265,#5266);
#5265 = CARTESIAN_POINT('',(-1.570796326795,2.35));
#5266 = VECTOR('',#5267,1.);
#5267 = DIRECTION('',(1.,0.));
#5268 = ( GEOMETRIC_REPRESENTATION_CONTEXT(2) 
PARAMETRIC_REPRESENTATION_CONTEXT() REPRESENTATION_CONTEXT('2D SPACE',''
  ) );
#5269 = ORIENTED_EDGE('',*,*,#5270,.F.);
#5270 = EDGE_CURVE('',#5271,#5242,#5273,.T.);
#5271 = VERTEX_POINT('',#5272);
#5272 = CARTESIAN_POINT('',(7.84,12.,2.5));
#5273 = SURFACE_CURVE('',#5274,(#5278,#5285),.PCURVE_S1.);
#5274 = LINE('',#5275,#5276);
#5275 = CARTESIAN_POINT('',(7.74,12.,2.5));
#5276 = VECTOR('',#5277,1.);
#5277 = DIRECTION('',(1.,0.,0.));
#5278 = PCURVE('',#5030,#5279);
#5279 = DEFINITIONAL_REPRESENTATION('',(#5280),#5284);
#5280 = LINE('',#5281,#5282);
#5281 = CARTESIAN_POINT('',(0.,24.));
#5282 = VECTOR('',#5283,1.);
#5283 = DIRECTION('',(1.,0.));
#5284 = ( GEOMETRIC_REPRESENTATION_CONTEXT(2) 
PARAMETRIC_REPRESENTATION_CONTEXT() REPRESENTATION_CONTEXT('2D SPACE',''
  ) );
#5285 = PCURVE('',#5286,#5291);
#5286 = PLANE('',#5287);
#5287 = AXIS2_PLACEMENT_3D('',#5288,#5289,#5290);
#5288 = CARTESIAN_POINT('',(7.74,12.,0.15));
#5289 = DIRECTION('',(0.,1.,0.));
#5290 = DIRECTION('',(0.,0.,1.));
#5291 = DEFINITIONAL_REPRESENTATION('',(#5292),#5296);
#5292 = LINE('',#5293,#5294);
#5293 = CARTESIAN_POINT('',(2.35,0.));
#5294 = VECTOR('',#5295,1.);
#5295 = DIRECTION('',(0.,1.));
#5296 = ( GEOMETRIC_REPRESENTATION_CONTEXT(2) 
PARAMETRIC_REPRESENTATION_CONTEXT() REPRESENTATION_CONTEXT('2D SPACE',''
  ) );
#5297 = ORIENTED_EDGE('',*,*,#5298,.F.);
#5298 = EDGE_CURVE('',#5010,#5271,#5299,.T.);
#5299 = SURFACE_CURVE('',#5300,(#5305,#5316),.PCURVE_S1.);
#5300 = CIRCLE('',#5301,0.1);
#5301 = AXIS2_PLACEMENT_3D('',#5302,#5303,#5304);
#5302 = CARTESIAN_POINT('',(7.84,11.9,2.5));
#5303 = DIRECTION('',(-0.,-0.,-1.));
#5304 = DIRECTION('',(0.,-1.,0.));
#5305 = PCURVE('',#5030,#5306);
#5306 = DEFINITIONAL_REPRESENTATION('',(#5307),#5315);
#5307 = ( BOUNDED_CURVE() B_SPLINE_CURVE(2,(#5308,#5309,#5310,#5311,
#5312,#5313,#5314),.UNSPECIFIED.,.T.,.F.) B_SPLINE_CURVE_WITH_KNOTS((1,2
    ,2,2,2,1),(-2.094395102393,0.,2.094395102393,4.188790204786,
6.28318530718,8.377580409573),.UNSPECIFIED.) CURVE() 
GEOMETRIC_REPRESENTATION_ITEM() RATIONAL_B_SPLINE_CURVE((1.,0.5,1.,0.5,
1.,0.5,1.)) REPRESENTATION_ITEM('') );
#5308 = CARTESIAN_POINT('',(1.E-01,23.8));
#5309 = CARTESIAN_POINT('',(-7.320508075689E-02,23.8));
#5310 = CARTESIAN_POINT('',(1.339745962156E-02,23.95));
#5311 = CARTESIAN_POINT('',(1.E-01,24.1));
#5312 = CARTESIAN_POINT('',(0.186602540378,23.95));
#5313 = CARTESIAN_POINT('',(0.273205080757,23.8));
#5314 = CARTESIAN_POINT('',(1.E-01,23.8));
#5315 = ( GEOMETRIC_REPRESENTATION_CONTEXT(2) 
PARAMETRIC_REPRESENTATION_CONTEXT() REPRESENTATION_CONTEXT('2D SPACE',''
  ) );
#5316 = PCURVE('',#5112,#5317);
#5317 = DEFINITIONAL_REPRESENTATION('',(#5318),#5322);
#5318 = LINE('',#5319,#5320);
#5319 = CARTESIAN_POINT('',(1.570796326795,2.35));
#5320 = VECTOR('',#5321,1.);
#5321 = DIRECTION('',(-1.,0.));
#5322 = ( GEOMETRIC_REPRESENTATION_CONTEXT(2) 
PARAMETRIC_REPRESENTATION_CONTEXT() REPRESENTATION_CONTEXT('2D SPACE',''
  ) );
#5323 = ADVANCED_FACE('',(#5324),#5058,.T.);
#5324 = FACE_BOUND('',#5325,.T.);
#5325 = EDGE_LOOP('',(#5326,#5350,#5371,#5372));
#5326 = ORIENTED_EDGE('',*,*,#5327,.T.);
#5327 = EDGE_CURVE('',#5043,#5328,#5330,.T.);
#5328 = VERTEX_POINT('',#5329);
#5329 = CARTESIAN_POINT('',(7.84,-12.,0.15));
#5330 = SURFACE_CURVE('',#5331,(#5336,#5343),.PCURVE_S1.);
#5331 = CIRCLE('',#5332,0.1);
#5332 = AXIS2_PLACEMENT_3D('',#5333,#5334,#5335);
#5333 = CARTESIAN_POINT('',(7.84,-11.9,0.15));
#5334 = DIRECTION('',(0.,0.,1.));
#5335 = DIRECTION('',(0.,-1.,0.));
#5336 = PCURVE('',#5058,#5337);
#5337 = DEFINITIONAL_REPRESENTATION('',(#5338),#5342);
#5338 = LINE('',#5339,#5340);
#5339 = CARTESIAN_POINT('',(-4.712388980385,0.));
#5340 = VECTOR('',#5341,1.);
#5341 = DIRECTION('',(1.,0.));
#5342 = ( GEOMETRIC_REPRESENTATION_CONTEXT(2) 
PARAMETRIC_REPRESENTATION_CONTEXT() REPRESENTATION_CONTEXT('2D SPACE',''
  ) );
#5343 = PCURVE('',#5086,#5344);
#5344 = DEFINITIONAL_REPRESENTATION('',(#5345),#5349);
#5345 = CIRCLE('',#5346,0.1);
#5346 = AXIS2_PLACEMENT_2D('',#5347,#5348);
#5347 = CARTESIAN_POINT('',(1.E-01,1.E-01));
#5348 = DIRECTION('',(0.,-1.));
#5349 = ( GEOMETRIC_REPRESENTATION_CONTEXT(2) 
PARAMETRIC_REPRESENTATION_CONTEXT() REPRESENTATION_CONTEXT('2D SPACE',''
  ) );
#5350 = ORIENTED_EDGE('',*,*,#5351,.T.);
#5351 = EDGE_CURVE('',#5328,#5129,#5352,.T.);
#5352 = SURFACE_CURVE('',#5353,(#5357,#5364),.PCURVE_S1.);
#5353 = LINE('',#5354,#5355);
#5354 = CARTESIAN_POINT('',(7.84,-12.,0.15));
#5355 = VECTOR('',#5356,1.);
#5356 = DIRECTION('',(0.,0.,1.));
#5357 = PCURVE('',#5058,#5358);
#5358 = DEFINITIONAL_REPRESENTATION('',(#5359),#5363);
#5359 = LINE('',#5360,#5361);
#5360 = CARTESIAN_POINT('',(1.570796326795,0.));
#5361 = VECTOR('',#5362,1.);
#5362 = DIRECTION('',(0.,1.));
#5363 = ( GEOMETRIC_REPRESENTATION_CONTEXT(2) 
PARAMETRIC_REPRESENTATION_CONTEXT() REPRESENTATION_CONTEXT('2D SPACE',''
  ) );
#5364 = PCURVE('',#5168,#5365);
#5365 = DEFINITIONAL_REPRESENTATION('',(#5366),#5370);
#5366 = LINE('',#5367,#5368);
#5367 = CARTESIAN_POINT('',(0.,1.E-01));
#5368 = VECTOR('',#5369,1.);
#5369 = DIRECTION('',(1.,0.));
#5370 = ( GEOMETRIC_REPRESENTATION_CONTEXT(2) 
PARAMETRIC_REPRESENTATION_CONTEXT() REPRESENTATION_CONTEXT('2D SPACE',''
  ) );
#5371 = ORIENTED_EDGE('',*,*,#5128,.F.);
#5372 = ORIENTED_EDGE('',*,*,#5042,.F.);
#5373 = ADVANCED_FACE('',(#5374),#5112,.T.);
#5374 = FACE_BOUND('',#5375,.F.);
#5375 = EDGE_LOOP('',(#5376,#5404,#5425,#5426));
#5376 = ORIENTED_EDGE('',*,*,#5377,.T.);
#5377 = EDGE_CURVE('',#5071,#5378,#5380,.T.);
#5378 = VERTEX_POINT('',#5379);
#5379 = CARTESIAN_POINT('',(7.84,12.,0.15));
#5380 = SURFACE_CURVE('',#5381,(#5386,#5393),.PCURVE_S1.);
#5381 = CIRCLE('',#5382,0.1);
#5382 = AXIS2_PLACEMENT_3D('',#5383,#5384,#5385);
#5383 = CARTESIAN_POINT('',(7.84,11.9,0.15));
#5384 = DIRECTION('',(-0.,-0.,-1.));
#5385 = DIRECTION('',(0.,-1.,0.));
#5386 = PCURVE('',#5112,#5387);
#5387 = DEFINITIONAL_REPRESENTATION('',(#5388),#5392);
#5388 = LINE('',#5389,#5390);
#5389 = CARTESIAN_POINT('',(1.570796326795,-0.));
#5390 = VECTOR('',#5391,1.);
#5391 = DIRECTION('',(-1.,0.));
#5392 = ( GEOMETRIC_REPRESENTATION_CONTEXT(2) 
PARAMETRIC_REPRESENTATION_CONTEXT() REPRESENTATION_CONTEXT('2D SPACE',''
  ) );
#5393 = PCURVE('',#5086,#5394);
#5394 = DEFINITIONAL_REPRESENTATION('',(#5395),#5403);
#5395 = ( BOUNDED_CURVE() B_SPLINE_CURVE(2,(#5396,#5397,#5398,#5399,
#5400,#5401,#5402),.UNSPECIFIED.,.T.,.F.) B_SPLINE_CURVE_WITH_KNOTS((1,2
    ,2,2,2,1),(-2.094395102393,0.,2.094395102393,4.188790204786,
6.28318530718,8.377580409573),.UNSPECIFIED.) CURVE() 
GEOMETRIC_REPRESENTATION_ITEM() RATIONAL_B_SPLINE_CURVE((1.,0.5,1.,0.5,
1.,0.5,1.)) REPRESENTATION_ITEM('') );
#5396 = CARTESIAN_POINT('',(1.E-01,23.8));
#5397 = CARTESIAN_POINT('',(-7.320508075689E-02,23.8));
#5398 = CARTESIAN_POINT('',(1.339745962156E-02,23.95));
#5399 = CARTESIAN_POINT('',(1.E-01,24.1));
#5400 = CARTESIAN_POINT('',(0.186602540378,23.95));
#5401 = CARTESIAN_POINT('',(0.273205080757,23.8));
#5402 = CARTESIAN_POINT('',(1.E-01,23.8));
#5403 = ( GEOMETRIC_REPRESENTATION_CONTEXT(2) 
PARAMETRIC_REPRESENTATION_CONTEXT() REPRESENTATION_CONTEXT('2D SPACE',''
  ) );
#5404 = ORIENTED_EDGE('',*,*,#5405,.T.);
#5405 = EDGE_CURVE('',#5378,#5271,#5406,.T.);
#5406 = SURFACE_CURVE('',#5407,(#5411,#5418),.PCURVE_S1.);
#5407 = LINE('',#5408,#5409);
#5408 = CARTESIAN_POINT('',(7.84,12.,0.15));
#5409 = VECTOR('',#5410,1.);
#5410 = DIRECTION('',(0.,0.,1.));
#5411 = PCURVE('',#5112,#5412);
#5412 = DEFINITIONAL_REPRESENTATION('',(#5413),#5417);
#5413 = LINE('',#5414,#5415);
#5414 = CARTESIAN_POINT('',(-1.570796326795,0.));
#5415 = VECTOR('',#5416,1.);
#5416 = DIRECTION('',(-0.,1.));
#5417 = ( GEOMETRIC_REPRESENTATION_CONTEXT(2) 
PARAMETRIC_REPRESENTATION_CONTEXT() REPRESENTATION_CONTEXT('2D SPACE',''
  ) );
#5418 = PCURVE('',#5286,#5419);
#5419 = DEFINITIONAL_REPRESENTATION('',(#5420),#5424);
#5420 = LINE('',#5421,#5422);
#5421 = CARTESIAN_POINT('',(0.,1.E-01));
#5422 = VECTOR('',#5423,1.);
#5423 = DIRECTION('',(1.,0.));
#5424 = ( GEOMETRIC_REPRESENTATION_CONTEXT(2) 
PARAMETRIC_REPRESENTATION_CONTEXT() REPRESENTATION_CONTEXT('2D SPACE',''
  ) );
#5425 = ORIENTED_EDGE('',*,*,#5298,.F.);
#5426 = ORIENTED_EDGE('',*,*,#5098,.F.);
#5427 = ADVANCED_FACE('',(#5428),#5086,.F.);
#5428 = FACE_BOUND('',#5429,.F.);
#5429 = EDGE_LOOP('',(#5430,#5431,#5432,#5455,#5483,#5506,#5530,#5551));
#5430 = ORIENTED_EDGE('',*,*,#5070,.F.);
#5431 = ORIENTED_EDGE('',*,*,#5327,.T.);
#5432 = ORIENTED_EDGE('',*,*,#5433,.T.);
#5433 = EDGE_CURVE('',#5328,#5434,#5436,.T.);
#5434 = VERTEX_POINT('',#5435);
#5435 = CARTESIAN_POINT('',(9.94,-12.,0.15));
#5436 = SURFACE_CURVE('',#5437,(#5441,#5448),.PCURVE_S1.);
#5437 = LINE('',#5438,#5439);
#5438 = CARTESIAN_POINT('',(7.74,-12.,0.15));
#5439 = VECTOR('',#5440,1.);
#5440 = DIRECTION('',(1.,0.,0.));
#5441 = PCURVE('',#5086,#5442);
#5442 = DEFINITIONAL_REPRESENTATION('',(#5443),#5447);
#5443 = LINE('',#5444,#5445);
#5444 = CARTESIAN_POINT('',(0.,0.));
#5445 = VECTOR('',#5446,1.);
#5446 = DIRECTION('',(1.,0.));
#5447 = ( GEOMETRIC_REPRESENTATION_CONTEXT(2) 
PARAMETRIC_REPRESENTATION_CONTEXT() REPRESENTATION_CONTEXT('2D SPACE',''
  ) );
#5448 = PCURVE('',#5168,#5449);
#5449 = DEFINITIONAL_REPRESENTATION('',(#5450),#5454);
#5450 = LINE('',#5451,#5452);
#5451 = CARTESIAN_POINT('',(0.,0.));
#5452 = VECTOR('',#5453,1.);
#5453 = DIRECTION('',(0.,1.));
#5454 = ( GEOMETRIC_REPRESENTATION_CONTEXT(2) 
PARAMETRIC_REPRESENTATION_CONTEXT() REPRESENTATION_CONTEXT('2D SPACE',''
  ) );
#5455 = ORIENTED_EDGE('',*,*,#5456,.F.);
#5456 = EDGE_CURVE('',#5457,#5434,#5459,.T.);
#5457 = VERTEX_POINT('',#5458);
#5458 = CARTESIAN_POINT('',(10.04,-11.9,0.15));
#5459 = SURFACE_CURVE('',#5460,(#5465,#5476),.PCURVE_S1.);
#5460 = CIRCLE('',#5461,0.1);
#5461 = AXIS2_PLACEMENT_3D('',#5462,#5463,#5464);
#5462 = CARTESIAN_POINT('',(9.94,-11.9,0.15));
#5463 = DIRECTION('',(-0.,-0.,-1.));
#5464 = DIRECTION('',(0.,-1.,0.));
#5465 = PCURVE('',#5086,#5466);
#5466 = DEFINITIONAL_REPRESENTATION('',(#5467),#5475);
#5467 = ( BOUNDED_CURVE() B_SPLINE_CURVE(2,(#5468,#5469,#5470,#5471,
#5472,#5473,#5474),.UNSPECIFIED.,.T.,.F.) B_SPLINE_CURVE_WITH_KNOTS((1,2
    ,2,2,2,1),(-2.094395102393,0.,2.094395102393,4.188790204786,
6.28318530718,8.377580409573),.UNSPECIFIED.) CURVE() 
GEOMETRIC_REPRESENTATION_ITEM() RATIONAL_B_SPLINE_CURVE((1.,0.5,1.,0.5,
1.,0.5,1.)) REPRESENTATION_ITEM('') );
#5468 = CARTESIAN_POINT('',(2.2,-3.608224830032E-16));
#5469 = CARTESIAN_POINT('',(2.026794919243,-3.608224830032E-16));
#5470 = CARTESIAN_POINT('',(2.113397459622,0.15));
#5471 = CARTESIAN_POINT('',(2.2,0.3));
#5472 = CARTESIAN_POINT('',(2.286602540378,0.15));
#5473 = CARTESIAN_POINT('',(2.373205080757,-2.081668171172E-16));
#5474 = CARTESIAN_POINT('',(2.2,-3.608224830032E-16));
#5475 = ( GEOMETRIC_REPRESENTATION_CONTEXT(2) 
PARAMETRIC_REPRESENTATION_CONTEXT() REPRESENTATION_CONTEXT('2D SPACE',''
  ) );
#5476 = PCURVE('',#5201,#5477);
#5477 = DEFINITIONAL_REPRESENTATION('',(#5478),#5482);
#5478 = LINE('',#5479,#5480);
#5479 = CARTESIAN_POINT('',(4.712388980385,-0.));
#5480 = VECTOR('',#5481,1.);
#5481 = DIRECTION('',(-1.,0.));
#5482 = ( GEOMETRIC_REPRESENTATION_CONTEXT(2) 
PARAMETRIC_REPRESENTATION_CONTEXT() REPRESENTATION_CONTEXT('2D SPACE',''
  ) );
#5483 = ORIENTED_EDGE('',*,*,#5484,.T.);
#5484 = EDGE_CURVE('',#5457,#5485,#5487,.T.);
#5485 = VERTEX_POINT('',#5486);
#5486 = CARTESIAN_POINT('',(10.04,11.9,0.15));
#5487 = SURFACE_CURVE('',#5488,(#5492,#5499),.PCURVE_S1.);
#5488 = LINE('',#5489,#5490);
#5489 = CARTESIAN_POINT('',(10.04,-12.,0.15));
#5490 = VECTOR('',#5491,1.);
#5491 = DIRECTION('',(0.,1.,0.));
#5492 = PCURVE('',#5086,#5493);
#5493 = DEFINITIONAL_REPRESENTATION('',(#5494),#5498);
#5494 = LINE('',#5495,#5496);
#5495 = CARTESIAN_POINT('',(2.3,0.));
#5496 = VECTOR('',#5497,1.);
#5497 = DIRECTION('',(0.,1.));
#5498 = ( GEOMETRIC_REPRESENTATION_CONTEXT(2) 
PARAMETRIC_REPRESENTATION_CONTEXT() REPRESENTATION_CONTEXT('2D SPACE',''
  ) );
#5499 = PCURVE('',#5229,#5500);
#5500 = DEFINITIONAL_REPRESENTATION('',(#5501),#5505);
#5501 = LINE('',#5502,#5503);
#5502 = CARTESIAN_POINT('',(0.,0.));
#5503 = VECTOR('',#5504,1.);
#5504 = DIRECTION('',(0.,-1.));
#5505 = ( GEOMETRIC_REPRESENTATION_CONTEXT(2) 
PARAMETRIC_REPRESENTATION_CONTEXT() REPRESENTATION_CONTEXT('2D SPACE',''
  ) );
#5506 = ORIENTED_EDGE('',*,*,#5507,.T.);
#5507 = EDGE_CURVE('',#5485,#5508,#5510,.T.);
#5508 = VERTEX_POINT('',#5509);
#5509 = CARTESIAN_POINT('',(9.94,12.,0.15));
#5510 = SURFACE_CURVE('',#5511,(#5516,#5523),.PCURVE_S1.);
#5511 = CIRCLE('',#5512,0.1);
#5512 = AXIS2_PLACEMENT_3D('',#5513,#5514,#5515);
#5513 = CARTESIAN_POINT('',(9.94,11.9,0.15));
#5514 = DIRECTION('',(0.,0.,1.));
#5515 = DIRECTION('',(0.,-1.,0.));
#5516 = PCURVE('',#5086,#5517);
#5517 = DEFINITIONAL_REPRESENTATION('',(#5518),#5522);
#5518 = CIRCLE('',#5519,0.1);
#5519 = AXIS2_PLACEMENT_2D('',#5520,#5521);
#5520 = CARTESIAN_POINT('',(2.2,23.9));
#5521 = DIRECTION('',(0.,-1.));
#5522 = ( GEOMETRIC_REPRESENTATION_CONTEXT(2) 
PARAMETRIC_REPRESENTATION_CONTEXT() REPRESENTATION_CONTEXT('2D SPACE',''
  ) );
#5523 = PCURVE('',#5258,#5524);
#5524 = DEFINITIONAL_REPRESENTATION('',(#5525),#5529);
#5525 = LINE('',#5526,#5527);
#5526 = CARTESIAN_POINT('',(-1.570796326795,0.));
#5527 = VECTOR('',#5528,1.);
#5528 = DIRECTION('',(1.,0.));
#5529 = ( GEOMETRIC_REPRESENTATION_CONTEXT(2) 
PARAMETRIC_REPRESENTATION_CONTEXT() REPRESENTATION_CONTEXT('2D SPACE',''
  ) );
#5530 = ORIENTED_EDGE('',*,*,#5531,.F.);
#5531 = EDGE_CURVE('',#5378,#5508,#5532,.T.);
#5532 = SURFACE_CURVE('',#5533,(#5537,#5544),.PCURVE_S1.);
#5533 = LINE('',#5534,#5535);
#5534 = CARTESIAN_POINT('',(7.74,12.,0.15));
#5535 = VECTOR('',#5536,1.);
#5536 = DIRECTION('',(1.,0.,0.));
#5537 = PCURVE('',#5086,#5538);
#5538 = DEFINITIONAL_REPRESENTATION('',(#5539),#5543);
#5539 = LINE('',#5540,#5541);
#5540 = CARTESIAN_POINT('',(0.,24.));
#5541 = VECTOR('',#5542,1.);
#5542 = DIRECTION('',(1.,0.));
#5543 = ( GEOMETRIC_REPRESENTATION_CONTEXT(2) 
PARAMETRIC_REPRESENTATION_CONTEXT() REPRESENTATION_CONTEXT('2D SPACE',''
  ) );
#5544 = PCURVE('',#5286,#5545);
#5545 = DEFINITIONAL_REPRESENTATION('',(#5546),#5550);
#5546 = LINE('',#5547,#5548);
#5547 = CARTESIAN_POINT('',(0.,0.));
#5548 = VECTOR('',#5549,1.);
#5549 = DIRECTION('',(0.,1.));
#5550 = ( GEOMETRIC_REPRESENTATION_CONTEXT(2) 
PARAMETRIC_REPRESENTATION_CONTEXT() REPRESENTATION_CONTEXT('2D SPACE',''
  ) );
#5551 = ORIENTED_EDGE('',*,*,#5377,.F.);
#5552 = ADVANCED_FACE('',(#5553),#5168,.F.);
#5553 = FACE_BOUND('',#5554,.F.);
#5554 = EDGE_LOOP('',(#5555,#5556,#5557,#5558));
#5555 = ORIENTED_EDGE('',*,*,#5433,.F.);
#5556 = ORIENTED_EDGE('',*,*,#5351,.T.);
#5557 = ORIENTED_EDGE('',*,*,#5152,.T.);
#5558 = ORIENTED_EDGE('',*,*,#5559,.F.);
#5559 = EDGE_CURVE('',#5434,#5153,#5560,.T.);
#5560 = SURFACE_CURVE('',#5561,(#5565,#5572),.PCURVE_S1.);
#5561 = LINE('',#5562,#5563);
#5562 = CARTESIAN_POINT('',(9.94,-12.,0.15));
#5563 = VECTOR('',#5564,1.);
#5564 = DIRECTION('',(0.,0.,1.));
#5565 = PCURVE('',#5168,#5566);
#5566 = DEFINITIONAL_REPRESENTATION('',(#5567),#5571);
#5567 = LINE('',#5568,#5569);
#5568 = CARTESIAN_POINT('',(0.,2.2));
#5569 = VECTOR('',#5570,1.);
#5570 = DIRECTION('',(1.,0.));
#5571 = ( GEOMETRIC_REPRESENTATION_CONTEXT(2) 
PARAMETRIC_REPRESENTATION_CONTEXT() REPRESENTATION_CONTEXT('2D SPACE',''
  ) );
#5572 = PCURVE('',#5201,#5573);
#5573 = DEFINITIONAL_REPRESENTATION('',(#5574),#5578);
#5574 = LINE('',#5575,#5576);
#5575 = CARTESIAN_POINT('',(-1.570796326795,0.));
#5576 = VECTOR('',#5577,1.);
#5577 = DIRECTION('',(-0.,1.));
#5578 = ( GEOMETRIC_REPRESENTATION_CONTEXT(2) 
PARAMETRIC_REPRESENTATION_CONTEXT() REPRESENTATION_CONTEXT('2D SPACE',''
  ) );
#5579 = ADVANCED_FACE('',(#5580),#5286,.T.);
#5580 = FACE_BOUND('',#5581,.T.);
#5581 = EDGE_LOOP('',(#5582,#5583,#5584,#5585));
#5582 = ORIENTED_EDGE('',*,*,#5531,.F.);
#5583 = ORIENTED_EDGE('',*,*,#5405,.T.);
#5584 = ORIENTED_EDGE('',*,*,#5270,.T.);
#5585 = ORIENTED_EDGE('',*,*,#5586,.F.);
#5586 = EDGE_CURVE('',#5508,#5242,#5587,.T.);
#5587 = SURFACE_CURVE('',#5588,(#5592,#5599),.PCURVE_S1.);
#5588 = LINE('',#5589,#5590);
#5589 = CARTESIAN_POINT('',(9.94,12.,0.15));
#5590 = VECTOR('',#5591,1.);
#5591 = DIRECTION('',(0.,0.,1.));
#5592 = PCURVE('',#5286,#5593);
#5593 = DEFINITIONAL_REPRESENTATION('',(#5594),#5598);
#5594 = LINE('',#5595,#5596);
#5595 = CARTESIAN_POINT('',(0.,2.2));
#5596 = VECTOR('',#5597,1.);
#5597 = DIRECTION('',(1.,0.));
#5598 = ( GEOMETRIC_REPRESENTATION_CONTEXT(2) 
PARAMETRIC_REPRESENTATION_CONTEXT() REPRESENTATION_CONTEXT('2D SPACE',''
  ) );
#5599 = PCURVE('',#5258,#5600);
#5600 = DEFINITIONAL_REPRESENTATION('',(#5601),#5605);
#5601 = LINE('',#5602,#5603);
#5602 = CARTESIAN_POINT('',(1.570796326795,0.));
#5603 = VECTOR('',#5604,1.);
#5604 = DIRECTION('',(0.,1.));
#5605 = ( GEOMETRIC_REPRESENTATION_CONTEXT(2) 
PARAMETRIC_REPRESENTATION_CONTEXT() REPRESENTATION_CONTEXT('2D SPACE',''
  ) );
#5606 = ADVANCED_FACE('',(#5607),#5201,.T.);
#5607 = FACE_BOUND('',#5608,.F.);
#5608 = EDGE_LOOP('',(#5609,#5610,#5611,#5612));
#5609 = ORIENTED_EDGE('',*,*,#5456,.T.);
#5610 = ORIENTED_EDGE('',*,*,#5559,.T.);
#5611 = ORIENTED_EDGE('',*,*,#5180,.F.);
#5612 = ORIENTED_EDGE('',*,*,#5613,.F.);
#5613 = EDGE_CURVE('',#5457,#5181,#5614,.T.);
#5614 = SURFACE_CURVE('',#5615,(#5619,#5626),.PCURVE_S1.);
#5615 = LINE('',#5616,#5617);
#5616 = CARTESIAN_POINT('',(10.04,-11.9,0.15));
#5617 = VECTOR('',#5618,1.);
#5618 = DIRECTION('',(0.,0.,1.));
#5619 = PCURVE('',#5201,#5620);
#5620 = DEFINITIONAL_REPRESENTATION('',(#5621),#5625);
#5621 = LINE('',#5622,#5623);
#5622 = CARTESIAN_POINT('',(-0.,0.));
#5623 = VECTOR('',#5624,1.);
#5624 = DIRECTION('',(-0.,1.));
#5625 = ( GEOMETRIC_REPRESENTATION_CONTEXT(2) 
PARAMETRIC_REPRESENTATION_CONTEXT() REPRESENTATION_CONTEXT('2D SPACE',''
  ) );
#5626 = PCURVE('',#5229,#5627);
#5627 = DEFINITIONAL_REPRESENTATION('',(#5628),#5632);
#5628 = LINE('',#5629,#5630);
#5629 = CARTESIAN_POINT('',(0.,-1.E-01));
#5630 = VECTOR('',#5631,1.);
#5631 = DIRECTION('',(1.,0.));
#5632 = ( GEOMETRIC_REPRESENTATION_CONTEXT(2) 
PARAMETRIC_REPRESENTATION_CONTEXT() REPRESENTATION_CONTEXT('2D SPACE',''
  ) );
#5633 = ADVANCED_FACE('',(#5634),#5258,.T.);
#5634 = FACE_BOUND('',#5635,.T.);
#5635 = EDGE_LOOP('',(#5636,#5637,#5638,#5639));
#5636 = ORIENTED_EDGE('',*,*,#5507,.T.);
#5637 = ORIENTED_EDGE('',*,*,#5586,.T.);
#5638 = ORIENTED_EDGE('',*,*,#5241,.F.);
#5639 = ORIENTED_EDGE('',*,*,#5640,.F.);
#5640 = EDGE_CURVE('',#5485,#5214,#5641,.T.);
#5641 = SURFACE_CURVE('',#5642,(#5646,#5653),.PCURVE_S1.);
#5642 = LINE('',#5643,#5644);
#5643 = CARTESIAN_POINT('',(10.04,11.9,0.15));
#5644 = VECTOR('',#5645,1.);
#5645 = DIRECTION('',(0.,0.,1.));
#5646 = PCURVE('',#5258,#5647);
#5647 = DEFINITIONAL_REPRESENTATION('',(#5648),#5652);
#5648 = LINE('',#5649,#5650);
#5649 = CARTESIAN_POINT('',(0.,0.));
#5650 = VECTOR('',#5651,1.);
#5651 = DIRECTION('',(0.,1.));
#5652 = ( GEOMETRIC_REPRESENTATION_CONTEXT(2) 
PARAMETRIC_REPRESENTATION_CONTEXT() REPRESENTATION_CONTEXT('2D SPACE',''
  ) );
#5653 = PCURVE('',#5229,#5654);
#5654 = DEFINITIONAL_REPRESENTATION('',(#5655),#5659);
#5655 = LINE('',#5656,#5657);
#5656 = CARTESIAN_POINT('',(0.,-23.9));
#5657 = VECTOR('',#5658,1.);
#5658 = DIRECTION('',(1.,0.));
#5659 = ( GEOMETRIC_REPRESENTATION_CONTEXT(2) 
PARAMETRIC_REPRESENTATION_CONTEXT() REPRESENTATION_CONTEXT('2D SPACE',''
  ) );
#5660 = ADVANCED_FACE('',(#5661),#5229,.T.);
#5661 = FACE_BOUND('',#5662,.T.);
#5662 = EDGE_LOOP('',(#5663,#5664,#5665,#5666));
#5663 = ORIENTED_EDGE('',*,*,#5213,.F.);
#5664 = ORIENTED_EDGE('',*,*,#5613,.F.);
#5665 = ORIENTED_EDGE('',*,*,#5484,.T.);
#5666 = ORIENTED_EDGE('',*,*,#5640,.T.);
#5667 = ( GEOMETRIC_REPRESENTATION_CONTEXT(3) 
GLOBAL_UNCERTAINTY_ASSIGNED_CONTEXT((#5671)) 
GLOBAL_UNIT_ASSIGNED_CONTEXT((#5668,#5669,#5670)) REPRESENTATION_CONTEXT
('Context #1','3D Context with UNIT and UNCERTAINTY') );
#5668 = ( LENGTH_UNIT() NAMED_UNIT(*) SI_UNIT(.MILLI.,.METRE.) );
#5669 = ( NAMED_UNIT(*) PLANE_ANGLE_UNIT() SI_UNIT($,.RADIAN.) );
#5670 = ( NAMED_UNIT(*) SI_UNIT($,.STERADIAN.) SOLID_ANGLE_UNIT() );
#5671 = UNCERTAINTY_MEASURE_WITH_UNIT(LENGTH_MEASURE(1.E-07),#5668,
  'distance_accuracy_value','confusion accuracy');
#5672 = CONTEXT_DEPENDENT_SHAPE_REPRESENTATION(#5673,#5675);
#5673 = ( REPRESENTATION_RELATIONSHIP('','',#5000,#10) 
REPRESENTATION_RELATIONSHIP_WITH_TRANSFORMATION(#5674) 
SHAPE_REPRESENTATION_RELATIONSHIP() );
#5674 = ITEM_DEFINED_TRANSFORMATION('','',#11,#63);
#5675 = PRODUCT_DEFINITION_SHAPE('Placement','Placement of an item',
  #5676);
#5676 = NEXT_ASSEMBLY_USAGE_OCCURRENCE('104','header_right','',#5,#4995,
  $);
#5677 = PRODUCT_RELATED_PRODUCT_CATEGORY('part',$,(#4997));
#5678 = SHAPE_DEFINITION_REPRESENTATION(#5679,#5685);
#5679 = PRODUCT_DEFINITION_SHAPE('','',#5680);
#5680 = PRODUCT_DEFINITION('design','',#5681,#5684);
#5681 = PRODUCT_DEFINITION_FORMATION('','',#5682);
#5682 = PRODUCT('pin_right_1','pin_right_1','',(#5683));
#5683 = PRODUCT_CONTEXT('',#2,'mechanical');
#5684 = PRODUCT_DEFINITION_CONTEXT('part definition',#2,'design');
#5685 = ADVANCED_BREP_SHAPE_REPRESENTATION('',(#11,#5686),#6016);
#5686 = MANIFOLD_SOLID_BREP('',#5687);
#5687 = CLOSED_SHELL('',(#5688,#5808,#5908,#5955,#6002,#6009));
#5688 = ADVANCED_FACE('',(#5689),#5703,.F.);
#5689 = FACE_BOUND('',#5690,.F.);
#5690 = EDGE_LOOP('',(#5691,#5726,#5754,#5782));
#5691 = ORIENTED_EDGE('',*,*,#5692,.F.);
#5692 = EDGE_CURVE('',#5693,#5695,#5697,.T.);
#5693 = VERTEX_POINT('',#5694);
#5694 = CARTESIAN_POINT('',(8.58,11.12,0.));
#5695 = VERTEX_POINT('',#5696);
#5696 = CARTESIAN_POINT('',(8.58,11.12,4.5));
#5697 = SURFACE_CURVE('',#5698,(#5702,#5714),.PCURVE_S1.);
#5698 = LINE('',#5699,#5700);
#5699 = CARTESIAN_POINT('',(8.58,11.12,0.));
#5700 = VECTOR('',#5701,1.);
#5701 = DIRECTION('',(0.,0.,1.));
#5702 = PCURVE('',#5703,#5708);
#5703 = PLANE('',#5704);
#5704 = AXIS2_PLACEMENT_3D('',#5705,#5706,#5707);
#5705 = CARTESIAN_POINT('',(8.58,11.12,0.));
#5706 = DIRECTION('',(1.,0.,0.));
#5707 = DIRECTION('',(0.,0.,1.));
#5708 = DEFINITIONAL_REPRESENTATION('',(#5709),#5713);
#5709 = LINE('',#5710,#5711);
#5710 = CARTESIAN_POINT('',(0.,0.));
#5711 = VECTOR('',#5712,1.);
#5712 = DIRECTION('',(1.,0.));
#5713 = ( GEOMETRIC_REPRESENTATION_CONTEXT(2) 
PARAMETRIC_REPRESENTATION_CONTEXT() REPRESENTATION_CONTEXT('2D SPACE',''
  ) );
#5714 = PCURVE('',#5715,#5720);
#5715 = PLANE('',#5716);
#5716 = AXIS2_PLACEMENT_3D('',#5717,#5718,#5719);
#5717 = CARTESIAN_POINT('',(8.58,11.12,0.));
#5718 = DIRECTION('',(0.,1.,0.));
#5719 = DIRECTION('',(0.,0.,1.));
#5720 = DEFINITIONAL_REPRESENTATION('',(#5721),#5725);
#5721 = LINE('',#5722,#5723);
#5722 = CARTESIAN_POINT('',(0.,0.));
#5723 = VECTOR('',#5724,1.);
#5724 = DIRECTION('',(1.,0.));
#5725 = ( GEOMETRIC_REPRESENTATION_CONTEXT(2) 
PARAMETRIC_REPRESENTATION_CONTEXT() REPRESENTATION_CONTEXT('2D SPACE',''
  ) );
#5726 = ORIENTED_EDGE('',*,*,#5727,.T.);
#5727 = EDGE_CURVE('',#5693,#5728,#5730,.T.);
#5728 = VERTEX_POINT('',#5729);
#5729 = CARTESIAN_POINT('',(8.58,11.74,0.));
#5730 = SURFACE_CURVE('',#5731,(#5735,#5742),.PCURVE_S1.);
#5731 = LINE('',#5732,#5733);
#5732 = CARTESIAN_POINT('',(8.58,11.12,0.));
#5733 = VECTOR('',#5734,1.);
#5734 = DIRECTION('',(0.,1.,0.));
#5735 = PCURVE('',#5703,#5736);
#5736 = DEFINITIONAL_REPRESENTATION('',(#5737),#5741);
#5737 = LINE('',#5738,#5739);
#5738 = CARTESIAN_POINT('',(0.,0.));
#5739 = VECTOR('',#5740,1.);
#5740 = DIRECTION('',(0.,-1.));
#5741 = ( GEOMETRIC_REPRESENTATION_CONTEXT(2) 
PARAMETRIC_REPRESENTATION_CONTEXT() REPRESENTATION_CONTEXT('2D SPACE',''
  ) );
#5742 = PCURVE('',#5743,#5748);
#5743 = PLANE('',#5744);
#5744 = AXIS2_PLACEMENT_3D('',#5745,#5746,#5747);
#5745 = CARTESIAN_POINT('',(8.58,11.12,0.));
#5746 = DIRECTION('',(0.,0.,1.));
#5747 = DIRECTION('',(1.,0.,0.));
#5748 = DEFINITIONAL_REPRESENTATION('',(#5749),#5753);
#5749 = LINE('',#5750,#5751);
#5750 = CARTESIAN_POINT('',(0.,0.));
#5751 = VECTOR('',#5752,1.);
#5752 = DIRECTION('',(0.,1.));
#5753 = ( GEOMETRIC_REPRESENTATION_CONTEXT(2) 
PARAMETRIC_REPRESENTATION_CONTEXT() REPRESENTATION_CONTEXT('2D SPACE',''
  ) );
#5754 = ORIENTED_EDGE('',*,*,#5755,.T.);
#5755 = EDGE_CURVE('',#5728,#5756,#5758,.T.);
#5756 = VERTEX_POINT('',#5757);
#5757 = CARTESIAN_POINT('',(8.58,11.74,4.5));
#5758 = SURFACE_CURVE('',#5759,(#5763,#5770),.PCURVE_S1.);
#5759 = LINE('',#5760,#5761);
#5760 = CARTESIAN_POINT('',(8.58,11.74,0.));
#5761 = VECTOR('',#5762,1.);
#5762 = DIRECTION('',(0.,0.,1.));
#5763 = PCURVE('',#5703,#5764);
#5764 = DEFINITIONAL_REPRESENTATION('',(#5765),#5769);
#5765 = LINE('',#5766,#5767);
#5766 = CARTESIAN_POINT('',(0.,-0.62));
#5767 = VECTOR('',#5768,1.);
#5768 = DIRECTION('',(1.,0.));
#5769 = ( GEOMETRIC_REPRESENTATION_CONTEXT(2) 
PARAMETRIC_REPRESENTATION_CONTEXT() REPRESENTATION_CONTEXT('2D SPACE',''
  ) );
#5770 = PCURVE('',#5771,#5776);
#5771 = PLANE('',#5772);
#5772 = AXIS2_PLACEMENT_3D('',#5773,#5774,#5775);
#5773 = CARTESIAN_POINT('',(8.58,11.74,0.));
#5774 = DIRECTION('',(0.,1.,0.));
#5775 = DIRECTION('',(0.,0.,1.));
#5776 = DEFINITIONAL_REPRESENTATION('',(#5777),#5781);
#5777 = LINE('',#5778,#5779);
#5778 = CARTESIAN_POINT('',(0.,0.));
#5779 = VECTOR('',#5780,1.);
#5780 = DIRECTION('',(1.,0.));
#5781 = ( GEOMETRIC_REPRESENTATION_CONTEXT(2) 
PARAMETRIC_REPRESENTATION_CONTEXT() REPRESENTATION_CONTEXT('2D SPACE',''
  ) );
#5782 = ORIENTED_EDGE('',*,*,#5783,.F.);
#5783 = EDGE_CURVE('',#5695,#5756,#5784,.T.);
#5784 = SURFACE_CURVE('',#5785,(#5789,#5796),.PCURVE_S1.);
#5785 = LINE('',#5786,#5787);
#5786 = CARTESIAN_POINT('',(8.58,11.12,4.5));
#5787 = VECTOR('',#5788,1.);
#5788 = DIRECTION('',(0.,1.,0.));
#5789 = PCURVE('',#5703,#5790);
#5790 = DEFINITIONAL_REPRESENTATION('',(#5791),#5795);
#5791 = LINE('',#5792,#5793);
#5792 = CARTESIAN_POINT('',(4.5,0.));
#5793 = VECTOR('',#5794,1.);
#5794 = DIRECTION('',(0.,-1.));
#5795 = ( GEOMETRIC_REPRESENTATION_CONTEXT(2) 
PARAMETRIC_REPRESENTATION_CONTEXT() REPRESENTATION_CONTEXT('2D SPACE',''
  ) );
#5796 = PCURVE('',#5797,#5802);
#5797 = PLANE('',#5798);
#5798 = AXIS2_PLACEMENT_3D('',#5799,#5800,#5801);
#5799 = CARTESIAN_POINT('',(8.58,11.12,4.5));
#5800 = DIRECTION('',(0.,0.,1.));
#5801 = DIRECTION('',(1.,0.,0.));
#5802 = DEFINITIONAL_REPRESENTATION('',(#5803),#5807);
#5803 = LINE('',#5804,#5805);
#5804 = CARTESIAN_POINT('',(0.,0.));
#5805 = VECTOR('',#5806,1.);
#5806 = DIRECTION('',(0.,1.));
#5807 = ( GEOMETRIC_REPRESENTATION_CONTEXT(2) 
PARAMETRIC_REPRESENTATION_CONTEXT() REPRESENTATION_CONTEXT('2D SPACE',''
  ) );
#5808 = ADVANCED_FACE('',(#5809),#5823,.T.);
#5809 = FACE_BOUND('',#5810,.T.);
#5810 = EDGE_LOOP('',(#5811,#5841,#5864,#5887));
#5811 = ORIENTED_EDGE('',*,*,#5812,.F.);
#5812 = EDGE_CURVE('',#5813,#5815,#5817,.T.);
#5813 = VERTEX_POINT('',#5814);
#5814 = CARTESIAN_POINT('',(9.2,11.12,0.));
#5815 = VERTEX_POINT('',#5816);
#5816 = CARTESIAN_POINT('',(9.2,11.12,4.5));
#5817 = SURFACE_CURVE('',#5818,(#5822,#5834),.PCURVE_S1.);
#5818 = LINE('',#5819,#5820);
#5819 = CARTESIAN_POINT('',(9.2,11.12,0.));
#5820 = VECTOR('',#5821,1.);
#5821 = DIRECTION('',(0.,0.,1.));
#5822 = PCURVE('',#5823,#5828);
#5823 = PLANE('',#5824);
#5824 = AXIS2_PLACEMENT_3D('',#5825,#5826,#5827);
#5825 = CARTESIAN_POINT('',(9.2,11.12,0.));
#5826 = DIRECTION('',(1.,0.,0.));
#5827 = DIRECTION('',(0.,0.,1.));
#5828 = DEFINITIONAL_REPRESENTATION('',(#5829),#5833);
#5829 = LINE('',#5830,#5831);
#5830 = CARTESIAN_POINT('',(0.,0.));
#5831 = VECTOR('',#5832,1.);
#5832 = DIRECTION('',(1.,0.));
#5833 = ( GEOMETRIC_REPRESENTATION_CONTEXT(2) 
PARAMETRIC_REPRESENTATION_CONTEXT() REPRESENTATION_CONTEXT('2D SPACE',''
  ) );
#5834 = PCURVE('',#5715,#5835);
#5835 = DEFINITIONAL_REPRESENTATION('',(#5836),#5840);
#5836 = LINE('',#5837,#5838);
#5837 = CARTESIAN_POINT('',(0.,0.62));
#5838 = VECTOR('',#5839,1.);
#5839 = DIRECTION('',(1.,0.));
#5840 = ( GEOMETRIC_REPRESENTATION_CONTEXT(2) 
PARAMETRIC_REPRESENTATION_CONTEXT() REPRESENTATION_CONTEXT('2D SPACE',''
  ) );
#5841 = ORIENTED_EDGE('',*,*,#5842,.T.);
#5842 = EDGE_CURVE('',#5813,#5843,#5845,.T.);
#5843 = VERTEX_POINT('',#5844);
#5844 = CARTESIAN_POINT('',(9.2,11.74,0.));
#5845 = SURFACE_CURVE('',#5846,(#5850,#5857),.PCURVE_S1.);
#5846 = LINE('',#5847,#5848);
#5847 = CARTESIAN_POINT('',(9.2,11.12,0.));
#5848 = VECTOR('',#5849,1.);
#5849 = DIRECTION('',(0.,1.,0.));
#5850 = PCURVE('',#5823,#5851);
#5851 = DEFINITIONAL_REPRESENTATION('',(#5852),#5856);
#5852 = LINE('',#5853,#5854);
#5853 = CARTESIAN_POINT('',(0.,0.));
#5854 = VECTOR('',#5855,1.);
#5855 = DIRECTION('',(0.,-1.));
#5856 = ( GEOMETRIC_REPRESENTATION_CONTEXT(2) 
PARAMETRIC_REPRESENTATION_CONTEXT() REPRESENTATION_CONTEXT('2D SPACE',''
  ) );
#5857 = PCURVE('',#5743,#5858);
#5858 = DEFINITIONAL_REPRESENTATION('',(#5859),#5863);
#5859 = LINE('',#5860,#5861);
#5860 = CARTESIAN_POINT('',(0.62,0.));
#5861 = VECTOR('',#5862,1.);
#5862 = DIRECTION('',(0.,1.));
#5863 = ( GEOMETRIC_REPRESENTATION_CONTEXT(2) 
PARAMETRIC_REPRESENTATION_CONTEXT() REPRESENTATION_CONTEXT('2D SPACE',''
  ) );
#5864 = ORIENTED_EDGE('',*,*,#5865,.T.);
#5865 = EDGE_CURVE('',#5843,#5866,#5868,.T.);
#5866 = VERTEX_POINT('',#5867);
#5867 = CARTESIAN_POINT('',(9.2,11.74,4.5));
#5868 = SURFACE_CURVE('',#5869,(#5873,#5880),.PCURVE_S1.);
#5869 = LINE('',#5870,#5871);
#5870 = CARTESIAN_POINT('',(9.2,11.74,0.));
#5871 = VECTOR('',#5872,1.);
#5872 = DIRECTION('',(0.,0.,1.));
#5873 = PCURVE('',#5823,#5874);
#5874 = DEFINITIONAL_REPRESENTATION('',(#5875),#5879);
#5875 = LINE('',#5876,#5877);
#5876 = CARTESIAN_POINT('',(0.,-0.62));
#5877 = VECTOR('',#5878,1.);
#5878 = DIRECTION('',(1.,0.));
#5879 = ( GEOMETRIC_REPRESENTATION_CONTEXT(2) 
PARAMETRIC_REPRESENTATION_CONTEXT() REPRESENTATION_CONTEXT('2D SPACE',''
  ) );
#5880 = PCURVE('',#5771,#5881);
#5881 = DEFINITIONAL_REPRESENTATION('',(#5882),#5886);
#5882 = LINE('',#5883,#5884);
#5883 = CARTESIAN_POINT('',(0.,0.62));
#5884 = VECTOR('',#5885,1.);
#5885 = DIRECTION('',(1.,0.));
#5886 = ( GEOMETRIC_REPRESENTATION_CONTEXT(2) 
PARAMETRIC_REPRESENTATION_CONTEXT() REPRESENTATION_CONTEXT('2D SPACE',''
  ) );
#5887 = ORIENTED_EDGE('',*,*,#5888,.F.);
#5888 = EDGE_CURVE('',#5815,#5866,#5889,.T.);
#5889 = SURFACE_CURVE('',#5890,(#5894,#5901),.PCURVE_S1.);
#5890 = LINE('',#5891,#5892);
#5891 = CARTESIAN_POINT('',(9.2,11.12,4.5));
#5892 = VECTOR('',#5893,1.);
#5893 = DIRECTION('',(0.,1.,0.));
#5894 = PCURVE('',#5823,#5895);
#5895 = DEFINITIONAL_REPRESENTATION('',(#5896),#5900);
#5896 = LINE('',#5897,#5898);
#5897 = CARTESIAN_POINT('',(4.5,0.));
#5898 = VECTOR('',#5899,1.);
#5899 = DIRECTION('',(0.,-1.));
#5900 = ( GEOMETRIC_REPRESENTATION_CONTEXT(2) 
PARAMETRIC_REPRESENTATION_CONTEXT() REPRESENTATION_CONTEXT('2D SPACE',''
  ) );
#5901 = PCURVE('',#5797,#5902);
#5902 = DEFINITIONAL_REPRESENTATION('',(#5903),#5907);
#5903 = LINE('',#5904,#5905);
#5904 = CARTESIAN_POINT('',(0.62,0.));
#5905 = VECTOR('',#5906,1.);
#5906 = DIRECTION('',(0.,1.));
#5907 = ( GEOMETRIC_REPRESENTATION_CONTEXT(2) 
PARAMETRIC_REPRESENTATION_CONTEXT() REPRESENTATION_CONTEXT('2D SPACE',''
  ) );
#5908 = ADVANCED_FACE('',(#5909),#5715,.F.);
#5909 = FACE_BOUND('',#5910,.F.);
#5910 = EDGE_LOOP('',(#5911,#5932,#5933,#5954));
#5911 = ORIENTED_EDGE('',*,*,#5912,.F.);
#5912 = EDGE_CURVE('',#5693,#5813,#5913,.T.);
#5913 = SURFACE_CURVE('',#5914,(#5918,#5925),.PCURVE_S1.);
#5914 = LINE('',#5915,#5916);
#5915 = CARTESIAN_POINT('',(8.58,11.12,0.));
#5916 = VECTOR('',#5917,1.);
#5917 = DIRECTION('',(1.,0.,0.));
#5918 = PCURVE('',#5715,#5919);
#5919 = DEFINITIONAL_REPRESENTATION('',(#5920),#5924);
#5920 = LINE('',#5921,#5922);
#5921 = CARTESIAN_POINT('',(0.,0.));
#5922 = VECTOR('',#5923,1.);
#5923 = DIRECTION('',(0.,1.));
#5924 = ( GEOMETRIC_REPRESENTATION_CONTEXT(2) 
PARAMETRIC_REPRESENTATION_CONTEXT() REPRESENTATION_CONTEXT('2D SPACE',''
  ) );
#5925 = PCURVE('',#5743,#5926);
#5926 = DEFINITIONAL_REPRESENTATION('',(#5927),#5931);
#5927 = LINE('',#5928,#5929);
#5928 = CARTESIAN_POINT('',(0.,0.));
#5929 = VECTOR('',#5930,1.);
#5930 = DIRECTION('',(1.,0.));
#5931 = ( GEOMETRIC_REPRESENTATION_CONTEXT(2) 
PARAMETRIC_REPRESENTATION_CONTEXT() REPRESENTATION_CONTEXT('2D SPACE',''
  ) );
#5932 = ORIENTED_EDGE('',*,*,#5692,.T.);
#5933 = ORIENTED_EDGE('',*,*,#5934,.T.);
#5934 = EDGE_CURVE('',#5695,#5815,#5935,.T.);
#5935 = SURFACE_CURVE('',#5936,(#5940,#5947),.PCURVE_S1.);
#5936 = LINE('',#5937,#5938);
#5937 = CARTESIAN_POINT('',(8.58,11.12,4.5));
#5938 = VECTOR('',#5939,1.);
#5939 = DIRECTION('',(1.,0.,0.));
#5940 = PCURVE('',#5715,#5941);
#5941 = DEFINITIONAL_REPRESENTATION('',(#5942),#5946);
#5942 = LINE('',#5943,#5944);
#5943 = CARTESIAN_POINT('',(4.5,0.));
#5944 = VECTOR('',#5945,1.);
#5945 = DIRECTION('',(0.,1.));
#5946 = ( GEOMETRIC_REPRESENTATION_CONTEXT(2) 
PARAMETRIC_REPRESENTATION_CONTEXT() REPRESENTATION_CONTEXT('2D SPACE',''
  ) );
#5947 = PCURVE('',#5797,#5948);
#5948 = DEFINITIONAL_REPRESENTATION('',(#5949),#5953);
#5949 = LINE('',#5950,#5951);
#5950 = CARTESIAN_POINT('',(0.,0.));
#5951 = VECTOR('',#5952,1.);
#5952 = DIRECTION('',(1.,0.));
#5953 = ( GEOMETRIC_REPRESENTATION_CONTEXT(2) 
PARAMETRIC_REPRESENTATION_CONTEXT() REPRESENTATION_CONTEXT('2D SPACE',''
  ) );
#5954 = ORIENTED_EDGE('',*,*,#5812,.F.);
#5955 = ADVANCED_FACE('',(#5956),#5771,.T.);
#5956 = FACE_BOUND('',#5957,.T.);
#5957 = EDGE_LOOP('',(#5958,#5979,#5980,#6001));
#5958 = ORIENTED_EDGE('',*,*,#5959,.F.);
#5959 = EDGE_CURVE('',#5728,#5843,#5960,.T.);
#5960 = SURFACE_CURVE('',#5961,(#5965,#5972),.PCURVE_S1.);
#5961 = LINE('',#5962,#5963);
#5962 = CARTESIAN_POINT('',(8.58,11.74,0.));
#5963 = VECTOR('',#5964,1.);
#5964 = DIRECTION('',(1.,0.,0.));
#5965 = PCURVE('',#5771,#5966);
#5966 = DEFINITIONAL_REPRESENTATION('',(#5967),#5971);
#5967 = LINE('',#5968,#5969);
#5968 = CARTESIAN_POINT('',(0.,0.));
#5969 = VECTOR('',#5970,1.);
#5970 = DIRECTION('',(0.,1.));
#5971 = ( GEOMETRIC_REPRESENTATION_CONTEXT(2) 
PARAMETRIC_REPRESENTATION_CONTEXT() REPRESENTATION_CONTEXT('2D SPACE',''
  ) );
#5972 = PCURVE('',#5743,#5973);
#5973 = DEFINITIONAL_REPRESENTATION('',(#5974),#5978);
#5974 = LINE('',#5975,#5976);
#5975 = CARTESIAN_POINT('',(0.,0.62));
#5976 = VECTOR('',#5977,1.);
#5977 = DIRECTION('',(1.,0.));
#5978 = ( GEOMETRIC_REPRESENTATION_CONTEXT(2) 
PARAMETRIC_REPRESENTATION_CONTEXT() REPRESENTATION_CONTEXT('2D SPACE',''
  ) );
#5979 = ORIENTED_EDGE('',*,*,#5755,.T.);
#5980 = ORIENTED_EDGE('',*,*,#5981,.T.);
#5981 = EDGE_CURVE('',#5756,#5866,#5982,.T.);
#5982 = SURFACE_CURVE('',#5983,(#5987,#5994),.PCURVE_S1.);
#5983 = LINE('',#5984,#5985);
#5984 = CARTESIAN_POINT('',(8.58,11.74,4.5));
#5985 = VECTOR('',#5986,1.);
#5986 = DIRECTION('',(1.,0.,0.));
#5987 = PCURVE('',#5771,#5988);
#5988 = DEFINITIONAL_REPRESENTATION('',(#5989),#5993);
#5989 = LINE('',#5990,#5991);
#5990 = CARTESIAN_POINT('',(4.5,0.));
#5991 = VECTOR('',#5992,1.);
#5992 = DIRECTION('',(0.,1.));
#5993 = ( GEOMETRIC_REPRESENTATION_CONTEXT(2) 
PARAMETRIC_REPRESENTATION_CONTEXT() REPRESENTATION_CONTEXT('2D SPACE',''
  ) );
#5994 = PCURVE('',#5797,#5995);
#5995 = DEFINITIONAL_REPRESENTATION('',(#5996),#6000);
#5996 = LINE('',#5997,#5998);
#5997 = CARTESIAN_POINT('',(0.,0.62));
#5998 = VECTOR('',#5999,1.);
#5999 = DIRECTION('',(1.,0.));
#6000 = ( GEOMETRIC_REPRESENTATION_CONTEXT(2) 
PARAMETRIC_REPRESENTATION_CONTEXT() REPRESENTATION_CONTEXT('2D SPACE',''
  ) );
#6001 = ORIENTED_EDGE('',*,*,#5865,.F.);
#6002 = ADVANCED_FACE('',(#6003),#5743,.F.);
#6003 = FACE_BOUND('',#6004,.F.);
#6004 = EDGE_LOOP('',(#6005,#6006,#6007,#6008));
#6005 = ORIENTED_EDGE('',*,*,#5727,.F.);
#6006 = ORIENTED_EDGE('',*,*,#5912,.T.);
#6007 = ORIENTED_EDGE('',*,*,#5842,.T.);
#6008 = ORIENTED_EDGE('',*,*,#5959,.F.);
#6009 = ADVANCED_FACE('',(#6010),#5797,.T.);
#6010 = FACE_BOUND('',#6011,.T.);
#6011 = EDGE_LOOP('',(#6012,#6013,#6014,#6015));
#6012 = ORIENTED_EDGE('',*,*,#5783,.F.);
#6013 = ORIENTED_EDGE('',*,*,#5934,.T.);
#6014 = ORIENTED_EDGE('',*,*,#5888,.T.);
#6015 = ORIENTED_EDGE('',*,*,#5981,.F.);
#6016 = ( GEOMETRIC_REPRESENTATION_CONTEXT(3) 
GLOBAL_UNCERTAINTY_ASSIGNED_CONTEXT((#6020)) 
GLOBAL_UNIT_ASSIGNED_CONTEXT((#6017,#6018,#6019)) REPRESENTATION_CONTEXT
('Context #1','3D Context with UNIT and UNCERTAINTY') );
#6017 = ( LENGTH_UNIT() NAMED_UNIT(*) SI_UNIT(.MILLI.,.METRE.) );
#6018 = ( NAMED_UNIT(*) PLANE_ANGLE_UNIT() SI_UNIT($,.RADIAN.) );
#6019 = ( NAMED_UNIT(*) SI_UNIT($,.STERADIAN.) SOLID_ANGLE_UNIT() );
#6020 = UNCERTAINTY_MEASURE_WITH_UNIT(LENGTH_MEASURE(1.E-07),#6017,
  'distance_accuracy_value','confusion accuracy');
#6021 = CONTEXT_DEPENDENT_SHAPE_REPRESENTATION(#6022,#6024);
#6022 = ( REPRESENTATION_RELATIONSHIP('','',#5685,#10) 
REPRESENTATION_RELATIONSHIP_WITH_TRANSFORMATION(#6023) 
SHAPE_REPRESENTATION_RELATIONSHIP() );
#6023 = ITEM_DEFINED_TRANSFORMATION('','',#11,#67);
#6024 = PRODUCT_DEFINITION_SHAPE('Placement','Placement of an item',
  #6025);
#6025 = NEXT_ASSEMBLY_USAGE_OCCURRENCE('105','pin_right_1','',#5,#5680,$
  );
#6026 = PRODUCT_RELATED_PRODUCT_CATEGORY('part',$,(#5682));
#6027 = SHAPE_DEFINITION_REPRESENTATION(#6028,#6034);
#6028 = PRODUCT_DEFINITION_SHAPE('','',#6029);
#6029 = PRODUCT_DEFINITION('design','',#6030,#6033);
#6030 = PRODUCT_DEFINITION_FORMATION('','',#6031);
#6031 = PRODUCT('pin_right_2','pin_right_2','',(#6032));
#6032 = PRODUCT_CONTEXT('',#2,'mechanical');
#6033 = PRODUCT_DEFINITION_CONTEXT('part definition',#2,'design');
#6034 = ADVANCED_BREP_SHAPE_REPRESENTATION('',(#11,#6035),#6365);
#6035 = MANIFOLD_SOLID_BREP('',#6036);
#6036 = CLOSED_SHELL('',(#6037,#6157,#6257,#6304,#6351,#6358));
#6037 = ADVANCED_FACE('',(#6038),#6052,.F.);
#6038 = FACE_BOUND('',#6039,.F.);
#6039 = EDGE_LOOP('',(#6040,#6075,#6103,#6131));
#6040 = ORIENTED_EDGE('',*,*,#6041,.F.);
#6041 = EDGE_CURVE('',#6042,#6044,#6046,.T.);
#6042 = VERTEX_POINT('',#6043);
#6043 = CARTESIAN_POINT('',(8.58,8.58,0.));
#6044 = VERTEX_POINT('',#6045);
#6045 = CARTESIAN_POINT('',(8.58,8.58,4.5));
#6046 = SURFACE_CURVE('',#6047,(#6051,#6063),.PCURVE_S1.);
#6047 = LINE('',#6048,#6049);
#6048 = CARTESIAN_POINT('',(8.58,8.58,0.));
#6049 = VECTOR('',#6050,1.);
#6050 = DIRECTION('',(0.,0.,1.));
#6051 = PCURVE('',#6052,#6057);
#6052 = PLANE('',#6053);
#6053 = AXIS2_PLACEMENT_3D('',#6054,#6055,#6056);
#6054 = CARTESIAN_POINT('',(8.58,8.58,0.));
#6055 = DIRECTION('',(1.,0.,0.));
#6056 = DIRECTION('',(0.,0.,1.));
#6057 = DEFINITIONAL_REPRESENTATION('',(#6058),#6062);
#6058 = LINE('',#6059,#6060);
#6059 = CARTESIAN_POINT('',(0.,0.));
#6060 = VECTOR('',#6061,1.);
#6061 = DIRECTION('',(1.,0.));
#6062 = ( GEOMETRIC_REPRESENTATION_CONTEXT(2) 
PARAMETRIC_REPRESENTATION_CONTEXT() REPRESENTATION_CONTEXT('2D SPACE',''
  ) );
#6063 = PCURVE('',#6064,#6069);
#6064 = PLANE('',#6065);
#6065 = AXIS2_PLACEMENT_3D('',#6066,#6067,#6068);
#6066 = CARTESIAN_POINT('',(8.58,8.58,0.));
#6067 = DIRECTION('',(0.,1.,0.));
#6068 = DIRECTION('',(0.,0.,1.));
#6069 = DEFINITIONAL_REPRESENTATION('',(#6070),#6074);
#6070 = LINE('',#6071,#6072);
#6071 = CARTESIAN_POINT('',(0.,0.));
#6072 = VECTOR('',#6073,1.);
#6073 = DIRECTION('',(1.,0.));
#6074 = ( GEOMETRIC_REPRESENTATION_CONTEXT(2) 
PARAMETRIC_REPRESENTATION_CONTEXT() REPRESENTATION_CONTEXT('2D SPACE',''
  ) );
#6075 = ORIENTED_EDGE('',*,*,#6076,.T.);
#6076 = EDGE_CURVE('',#6042,#6077,#6079,.T.);
#6077 = VERTEX_POINT('',#6078);
#6078 = CARTESIAN_POINT('',(8.58,9.2,0.));
#6079 = SURFACE_CURVE('',#6080,(#6084,#6091),.PCURVE_S1.);
#6080 = LINE('',#6081,#6082);
#6081 = CARTESIAN_POINT('',(8.58,8.58,0.));
#6082 = VECTOR('',#6083,1.);
#6083 = DIRECTION('',(0.,1.,0.));
#6084 = PCURVE('',#6052,#6085);
#6085 = DEFINITIONAL_REPRESENTATION('',(#6086),#6090);
#6086 = LINE('',#6087,#6088);
#6087 = CARTESIAN_POINT('',(0.,0.));
#6088 = VECTOR('',#6089,1.);
#6089 = DIRECTION('',(0.,-1.));
#6090 = ( GEOMETRIC_REPRESENTATION_CONTEXT(2) 
PARAMETRIC_REPRESENTATION_CONTEXT() REPRESENTATION_CONTEXT('2D SPACE',''
  ) );
#6091 = PCURVE('',#6092,#6097);
#6092 = PLANE('',#6093);
#6093 = AXIS2_PLACEMENT_3D('',#6094,#6095,#6096);
#6094 = CARTESIAN_POINT('',(8.58,8.58,0.));
#6095 = DIRECTION('',(0.,0.,1.));
#6096 = DIRECTION('',(1.,0.,0.));
#6097 = DEFINITIONAL_REPRESENTATION('',(#6098),#6102);
#6098 = LINE('',#6099,#6100);
#6099 = CARTESIAN_POINT('',(0.,0.));
#6100 = VECTOR('',#6101,1.);
#6101 = DIRECTION('',(0.,1.));
#6102 = ( GEOMETRIC_REPRESENTATION_CONTEXT(2) 
PARAMETRIC_REPRESENTATION_CONTEXT() REPRESENTATION_CONTEXT('2D SPACE',''
  ) );
#6103 = ORIENTED_EDGE('',*,*,#6104,.T.);
#6104 = EDGE_CURVE('',#6077,#6105,#6107,.T.);
#6105 = VERTEX_POINT('',#6106);
#6106 = CARTESIAN_POINT('',(8.58,9.2,4.5));
#6107 = SURFACE_CURVE('',#6108,(#6112,#6119),.PCURVE_S1.);
#6108 = LINE('',#6109,#6110);
#6109 = CARTESIAN_POINT('',(8.58,9.2,0.));
#6110 = VECTOR('',#6111,1.);
#6111 = DIRECTION('',(0.,0.,1.));
#6112 = PCURVE('',#6052,#6113);
#6113 = DEFINITIONAL_REPRESENTATION('',(#6114),#6118);
#6114 = LINE('',#6115,#6116);
#6115 = CARTESIAN_POINT('',(0.,-0.62));
#6116 = VECTOR('',#6117,1.);
#6117 = DIRECTION('',(1.,0.));
#6118 = ( GEOMETRIC_REPRESENTATION_CONTEXT(2) 
PARAMETRIC_REPRESENTATION_CONTEXT() REPRESENTATION_CONTEXT('2D SPACE',''
  ) );
#6119 = PCURVE('',#6120,#6125);
#6120 = PLANE('',#6121);
#6121 = AXIS2_PLACEMENT_3D('',#6122,#6123,#6124);
#6122 = CARTESIAN_POINT('',(8.58,9.2,0.));
#6123 = DIRECTION('',(0.,1.,0.));
#6124 = DIRECTION('',(0.,0.,1.));
#6125 = DEFINITIONAL_REPRESENTATION('',(#6126),#6130);
#6126 = LINE('',#6127,#6128);
#6127 = CARTESIAN_POINT('',(0.,0.));
#6128 = VECTOR('',#6129,1.);
#6129 = DIRECTION('',(1.,0.));
#6130 = ( GEOMETRIC_REPRESENTATION_CONTEXT(2) 
PARAMETRIC_REPRESENTATION_CONTEXT() REPRESENTATION_CONTEXT('2D SPACE',''
  ) );
#6131 = ORIENTED_EDGE('',*,*,#6132,.F.);
#6132 = EDGE_CURVE('',#6044,#6105,#6133,.T.);
#6133 = SURFACE_CURVE('',#6134,(#6138,#6145),.PCURVE_S1.);
#6134 = LINE('',#6135,#6136);
#6135 = CARTESIAN_POINT('',(8.58,8.58,4.5));
#6136 = VECTOR('',#6137,1.);
#6137 = DIRECTION('',(0.,1.,0.));
#6138 = PCURVE('',#6052,#6139);
#6139 = DEFINITIONAL_REPRESENTATION('',(#6140),#6144);
#6140 = LINE('',#6141,#6142);
#6141 = CARTESIAN_POINT('',(4.5,0.));
#6142 = VECTOR('',#6143,1.);
#6143 = DIRECTION('',(0.,-1.));
#6144 = ( GEOMETRIC_REPRESENTATION_CONTEXT(2) 
PARAMETRIC_REPRESENTATION_CONTEXT() REPRESENTATION_CONTEXT('2D SPACE',''
  ) );
#6145 = PCURVE('',#6146,#6151);
#6146 = PLANE('',#6147);
#6147 = AXIS2_PLACEMENT_3D('',#6148,#6149,#6150);
#6148 = CARTESIAN_POINT('',(8.58,8.58,4.5));
#6149 = DIRECTION('',(0.,0.,1.));
#6150 = DIRECTION('',(1.,0.,0.));
#6151 = DEFINITIONAL_REPRESENTATION('',(#6152),#6156);
#6152 = LINE('',#6153,#6154);
#6153 = CARTESIAN_POINT('',(0.,0.));
#6154 = VECTOR('',#6155,1.);
#6155 = DIRECTION('',(0.,1.));
#6156 = ( GEOMETRIC_REPRESENTATION_CONTEXT(2) 
PARAMETRIC_REPRESENTATION_CONTEXT() REPRESENTATION_CONTEXT('2D SPACE',''
  ) );
#6157 = ADVANCED_FACE('',(#6158),#6172,.T.);
#6158 = FACE_BOUND('',#6159,.T.);
#6159 = EDGE_LOOP('',(#6160,#6190,#6213,#6236));
#6160 = ORIENTED_EDGE('',*,*,#6161,.F.);
#6161 = EDGE_CURVE('',#6162,#6164,#6166,.T.);
#6162 = VERTEX_POINT('',#6163);
#6163 = CARTESIAN_POINT('',(9.2,8.58,0.));
#6164 = VERTEX_POINT('',#6165);
#6165 = CARTESIAN_POINT('',(9.2,8.58,4.5));
#6166 = SURFACE_CURVE('',#6167,(#6171,#6183),.PCURVE_S1.);
#6167 = LINE('',#6168,#6169);
#6168 = CARTESIAN_POINT('',(9.2,8.58,0.));
#6169 = VECTOR('',#6170,1.);
#6170 = DIRECTION('',(0.,0.,1.));
#6171 = PCURVE('',#6172,#6177);
#6172 = PLANE('',#6173);
#6173 = AXIS2_PLACEMENT_3D('',#6174,#6175,#6176);
#6174 = CARTESIAN_POINT('',(9.2,8.58,0.));
#6175 = DIRECTION('',(1.,0.,0.));
#6176 = DIRECTION('',(0.,0.,1.));
#6177 = DEFINITIONAL_REPRESENTATION('',(#6178),#6182);
#6178 = LINE('',#6179,#6180);
#6179 = CARTESIAN_POINT('',(0.,0.));
#6180 = VECTOR('',#6181,1.);
#6181 = DIRECTION('',(1.,0.));
#6182 = ( GEOMETRIC_REPRESENTATION_CONTEXT(2) 
PARAMETRIC_REPRESENTATION_CONTEXT() REPRESENTATION_CONTEXT('2D SPACE',''
  ) );
#6183 = PCURVE('',#6064,#6184);
#6184 = DEFINITIONAL_REPRESENTATION('',(#6185),#6189);
#6185 = LINE('',#6186,#6187);
#6186 = CARTESIAN_POINT('',(0.,0.62));
#6187 = VECTOR('',#6188,1.);
#6188 = DIRECTION('',(1.,0.));
#6189 = ( GEOMETRIC_REPRESENTATION_CONTEXT(2) 
PARAMETRIC_REPRESENTATION_CONTEXT() REPRESENTATION_CONTEXT('2D SPACE',''
  ) );
#6190 = ORIENTED_EDGE('',*,*,#6191,.T.);
#6191 = EDGE_CURVE('',#6162,#6192,#6194,.T.);
#6192 = VERTEX_POINT('',#6193);
#6193 = CARTESIAN_POINT('',(9.2,9.2,0.));
#6194 = SURFACE_CURVE('',#6195,(#6199,#6206),.PCURVE_S1.);
#6195 = LINE('',#6196,#6197);
#6196 = CARTESIAN_POINT('',(9.2,8.58,0.));
#6197 = VECTOR('',#6198,1.);
#6198 = DIRECTION('',(0.,1.,0.));
#6199 = PCURVE('',#6172,#6200);
#6200 = DEFINITIONAL_REPRESENTATION('',(#6201),#6205);
#6201 = LINE('',#6202,#6203);
#6202 = CARTESIAN_POINT('',(0.,0.));
#6203 = VECTOR('',#6204,1.);
#6204 = DIRECTION('',(0.,-1.));
#6205 = ( GEOMETRIC_REPRESENTATION_CONTEXT(2) 
PARAMETRIC_REPRESENTATION_CONTEXT() REPRESENTATION_CONTEXT('2D SPACE',''
  ) );
#6206 = PCURVE('',#6092,#6207);
#6207 = DEFINITIONAL_REPRESENTATION('',(#6208),#6212);
#6208 = LINE('',#6209,#6210);
#6209 = CARTESIAN_POINT('',(0.62,0.));
#6210 = VECTOR('',#6211,1.);
#6211 = DIRECTION('',(0.,1.));
#6212 = ( GEOMETRIC_REPRESENTATION_CONTEXT(2) 
PARAMETRIC_REPRESENTATION_CONTEXT() REPRESENTATION_CONTEXT('2D SPACE',''
  ) );
#6213 = ORIENTED_EDGE('',*,*,#6214,.T.);
#6214 = EDGE_CURVE('',#6192,#6215,#6217,.T.);
#6215 = VERTEX_POINT('',#6216);
#6216 = CARTESIAN_POINT('',(9.2,9.2,4.5));
#6217 = SURFACE_CURVE('',#6218,(#6222,#6229),.PCURVE_S1.);
#6218 = LINE('',#6219,#6220);
#6219 = CARTESIAN_POINT('',(9.2,9.2,0.));
#6220 = VECTOR('',#6221,1.);
#6221 = DIRECTION('',(0.,0.,1.));
#6222 = PCURVE('',#6172,#6223);
#6223 = DEFINITIONAL_REPRESENTATION('',(#6224),#6228);
#6224 = LINE('',#6225,#6226);
#6225 = CARTESIAN_POINT('',(0.,-0.62));
#6226 = VECTOR('',#6227,1.);
#6227 = DIRECTION('',(1.,0.));
#6228 = ( GEOMETRIC_REPRESENTATION_CONTEXT(2) 
PARAMETRIC_REPRESENTATION_CONTEXT() REPRESENTATION_CONTEXT('2D SPACE',''
  ) );
#6229 = PCURVE('',#6120,#6230);
#6230 = DEFINITIONAL_REPRESENTATION('',(#6231),#6235);
#6231 = LINE('',#6232,#6233);
#6232 = CARTESIAN_POINT('',(0.,0.62));
#6233 = VECTOR('',#6234,1.);
#6234 = DIRECTION('',(1.,0.));
#6235 = ( GEOMETRIC_REPRESENTATION_CONTEXT(2) 
PARAMETRIC_REPRESENTATION_CONTEXT() REPRESENTATION_CONTEXT('2D SPACE',''
  ) );
#6236 = ORIENTED_EDGE('',*,*,#6237,.F.);
#6237 = EDGE_CURVE('',#6164,#6215,#6238,.T.);
#6238 = SURFACE_CURVE('',#6239,(#6243,#6250),.PCURVE_S1.);
#6239 = LINE('',#6240,#6241);
#6240 = CARTESIAN_POINT('',(9.2,8.58,4.5));
#6241 = VECTOR('',#6242,1.);
#6242 = DIRECTION('',(0.,1.,0.));
#6243 = PCURVE('',#6172,#6244);
#6244 = DEFINITIONAL_REPRESENTATION('',(#6245),#6249);
#6245 = LINE('',#6246,#6247);
#6246 = CARTESIAN_POINT('',(4.5,0.));
#6247 = VECTOR('',#6248,1.);
#6248 = DIRECTION('',(0.,-1.));
#6249 = ( GEOMETRIC_REPRESENTATION_CONTEXT(2) 
PARAMETRIC_REPRESENTATION_CONTEXT() REPRESENTATION_CONTEXT('2D SPACE',''
  ) );
#6250 = PCURVE('',#6146,#6251);
#6251 = DEFINITIONAL_REPRESENTATION('',(#6252),#6256);
#6252 = LINE('',#6253,#6254);
#6253 = CARTESIAN_POINT('',(0.62,0.));
#6254 = VECTOR('',#6255,1.);
#6255 = DIRECTION('',(0.,1.));
#6256 = ( GEOMETRIC_REPRESENTATION_CONTEXT(2) 
PARAMETRIC_REPRESENTATION_CONTEXT() REPRESENTATION_CONTEXT('2D SPACE',''
  ) );
#6257 = ADVANCED_FACE('',(#6258),#6064,.F.);
#6258 = FACE_BOUND('',#6259,.F.);
#6259 = EDGE_LOOP('',(#6260,#6281,#6282,#6303));
#6260 = ORIENTED_EDGE('',*,*,#6261,.F.);
#6261 = EDGE_CURVE('',#6042,#6162,#6262,.T.);
#6262 = SURFACE_CURVE('',#6263,(#6267,#6274),.PCURVE_S1.);
#6263 = LINE('',#6264,#6265);
#6264 = CARTESIAN_POINT('',(8.58,8.58,0.));
#6265 = VECTOR('',#6266,1.);
#6266 = DIRECTION('',(1.,0.,0.));
#6267 = PCURVE('',#6064,#6268);
#6268 = DEFINITIONAL_REPRESENTATION('',(#6269),#6273);
#6269 = LINE('',#6270,#6271);
#6270 = CARTESIAN_POINT('',(0.,0.));
#6271 = VECTOR('',#6272,1.);
#6272 = DIRECTION('',(0.,1.));
#6273 = ( GEOMETRIC_REPRESENTATION_CONTEXT(2) 
PARAMETRIC_REPRESENTATION_CONTEXT() REPRESENTATION_CONTEXT('2D SPACE',''
  ) );
#6274 = PCURVE('',#6092,#6275);
#6275 = DEFINITIONAL_REPRESENTATION('',(#6276),#6280);
#6276 = LINE('',#6277,#6278);
#6277 = CARTESIAN_POINT('',(0.,0.));
#6278 = VECTOR('',#6279,1.);
#6279 = DIRECTION('',(1.,0.));
#6280 = ( GEOMETRIC_REPRESENTATION_CONTEXT(2) 
PARAMETRIC_REPRESENTATION_CONTEXT() REPRESENTATION_CONTEXT('2D SPACE',''
  ) );
#6281 = ORIENTED_EDGE('',*,*,#6041,.T.);
#6282 = ORIENTED_EDGE('',*,*,#6283,.T.);
#6283 = EDGE_CURVE('',#6044,#6164,#6284,.T.);
#6284 = SURFACE_CURVE('',#6285,(#6289,#6296),.PCURVE_S1.);
#6285 = LINE('',#6286,#6287);
#6286 = CARTESIAN_POINT('',(8.58,8.58,4.5));
#6287 = VECTOR('',#6288,1.);
#6288 = DIRECTION('',(1.,0.,0.));
#6289 = PCURVE('',#6064,#6290);
#6290 = DEFINITIONAL_REPRESENTATION('',(#6291),#6295);
#6291 = LINE('',#6292,#6293);
#6292 = CARTESIAN_POINT('',(4.5,0.));
#6293 = VECTOR('',#6294,1.);
#6294 = DIRECTION('',(0.,1.));
#6295 = ( GEOMETRIC_REPRESENTATION_CONTEXT(2) 
PARAMETRIC_REPRESENTATION_CONTEXT() REPRESENTATION_CONTEXT('2D SPACE',''
  ) );
#6296 = PCURVE('',#6146,#6297);
#6297 = DEFINITIONAL_REPRESENTATION('',(#6298),#6302);
#6298 = LINE('',#6299,#6300);
#6299 = CARTESIAN_POINT('',(0.,0.));
#6300 = VECTOR('',#6301,1.);
#6301 = DIRECTION('',(1.,0.));
#6302 = ( GEOMETRIC_REPRESENTATION_CONTEXT(2) 
PARAMETRIC_REPRESENTATION_CONTEXT() REPRESENTATION_CONTEXT('2D SPACE',''
  ) );
#6303 = ORIENTED_EDGE('',*,*,#6161,.F.);
#6304 = ADVANCED_FACE('',(#6305),#6120,.T.);
#6305 = FACE_BOUND('',#6306,.T.);
#6306 = EDGE_LOOP('',(#6307,#6328,#6329,#6350));
#6307 = ORIENTED_EDGE('',*,*,#6308,.F.);
#6308 = EDGE_CURVE('',#6077,#6192,#6309,.T.);
#6309 = SURFACE_CURVE('',#6310,(#6314,#6321),.PCURVE_S1.);
#6310 = LINE('',#6311,#6312);
#6311 = CARTESIAN_POINT('',(8.58,9.2,0.));
#6312 = VECTOR('',#6313,1.);
#6313 = DIRECTION('',(1.,0.,0.));
#6314 = PCURVE('',#6120,#6315);
#6315 = DEFINITIONAL_REPRESENTATION('',(#6316),#6320);
#6316 = LINE('',#6317,#6318);
#6317 = CARTESIAN_POINT('',(0.,0.));
#6318 = VECTOR('',#6319,1.);
#6319 = DIRECTION('',(0.,1.));
#6320 = ( GEOMETRIC_REPRESENTATION_CONTEXT(2) 
PARAMETRIC_REPRESENTATION_CONTEXT() REPRESENTATION_CONTEXT('2D SPACE',''
  ) );
#6321 = PCURVE('',#6092,#6322);
#6322 = DEFINITIONAL_REPRESENTATION('',(#6323),#6327);
#6323 = LINE('',#6324,#6325);
#6324 = CARTESIAN_POINT('',(0.,0.62));
#6325 = VECTOR('',#6326,1.);
#6326 = DIRECTION('',(1.,0.));
#6327 = ( GEOMETRIC_REPRESENTATION_CONTEXT(2) 
PARAMETRIC_REPRESENTATION_CONTEXT() REPRESENTATION_CONTEXT('2D SPACE',''
  ) );
#6328 = ORIENTED_EDGE('',*,*,#6104,.T.);
#6329 = ORIENTED_EDGE('',*,*,#6330,.T.);
#6330 = EDGE_CURVE('',#6105,#6215,#6331,.T.);
#6331 = SURFACE_CURVE('',#6332,(#6336,#6343),.PCURVE_S1.);
#6332 = LINE('',#6333,#6334);
#6333 = CARTESIAN_POINT('',(8.58,9.2,4.5));
#6334 = VECTOR('',#6335,1.);
#6335 = DIRECTION('',(1.,0.,0.));
#6336 = PCURVE('',#6120,#6337);
#6337 = DEFINITIONAL_REPRESENTATION('',(#6338),#6342);
#6338 = LINE('',#6339,#6340);
#6339 = CARTESIAN_POINT('',(4.5,0.));
#6340 = VECTOR('',#6341,1.);
#6341 = DIRECTION('',(0.,1.));
#6342 = ( GEOMETRIC_REPRESENTATION_CONTEXT(2) 
PARAMETRIC_REPRESENTATION_CONTEXT() REPRESENTATION_CONTEXT('2D SPACE',''
  ) );
#6343 = PCURVE('',#6146,#6344);
#6344 = DEFINITIONAL_REPRESENTATION('',(#6345),#6349);
#6345 = LINE('',#6346,#6347);
#6346 = CARTESIAN_POINT('',(0.,0.62));
#6347 = VECTOR('',#6348,1.);
#6348 = DIRECTION('',(1.,0.));
#6349 = ( GEOMETRIC_REPRESENTATION_CONTEXT(2) 
PARAMETRIC_REPRESENTATION_CONTEXT() REPRESENTATION_CONTEXT('2D SPACE',''
  ) );
#6350 = ORIENTED_EDGE('',*,*,#6214,.F.);
#6351 = ADVANCED_FACE('',(#6352),#6092,.F.);
#6352 = FACE_BOUND('',#6353,.F.);
#6353 = EDGE_LOOP('',(#6354,#6355,#6356,#6357));
#6354 = ORIENTED_EDGE('',*,*,#6076,.F.);
#6355 = ORIENTED_EDGE('',*,*,#6261,.T.);
#6356 = ORIENTED_EDGE('',*,*,#6191,.T.);
#6357 = ORIENTED_EDGE('',*,*,#6308,.F.);
#6358 = ADVANCED_FACE('',(#6359),#6146,.T.);
#6359 = FACE_BOUND('',#6360,.T.);
#6360 = EDGE_LOOP('',(#6361,#6362,#6363,#6364));
#6361 = ORIENTED_EDGE('',*,*,#6132,.F.);
#6362 = ORIENTED_EDGE('',*,*,#6283,.T.);
#6363 = ORIENTED_EDGE('',*,*,#6237,.T.);
#6364 = ORIENTED_EDGE('',*,*,#6330,.F.);
#6365 = ( GEOMETRIC_REPRESENTATION_CONTEXT(3) 
GLOBAL_UNCERTAINTY_ASSIGNED_CONTEXT((#6369)) 
GLOBAL_UNIT_ASSIGNED_CONTEXT((#6366,#6367,#6368)) REPRESENTATION_CONTEXT
('Context #1','3D Context with UNIT and UNCERTAINTY') );
#6366 = ( LENGTH_UNIT() NAMED_UNIT(*) SI_UNIT(.MILLI.,.METRE.) );
#6367 = ( NAMED_UNIT(*) PLANE_ANGLE_UNIT() SI_UNIT($,.RADIAN.) );
#6368 = ( NAMED_UNIT(*) SI_UNIT($,.STERADIAN.) SOLID_ANGLE_UNIT() );
#6369 = UNCERTAINTY_MEASURE_WITH_UNIT(LENGTH_MEASURE(1.E-07),#6366,
  'distance_accuracy_value','confusion accuracy');
#6370 = CONTEXT_DEPENDENT_SHAPE_REPRESENTATION(#6371,#6373);
#6371 = ( REPRESENTATION_RELATIONSHIP('','',#6034,#10) 
REPRESENTATION_RELATIONSHIP_WITH_TRANSFORMATION(#6372) 
SHAPE_REPRESENTATION_RELATIONSHIP() );
#6372 = ITEM_DEFINED_TRANSFORMATION('','',#11,#71);
#6373 = PRODUCT_DEFINITION_SHAPE('Placement','Placement of an item',
  #6374);
#6374 = NEXT_ASSEMBLY_USAGE_OCCURRENCE('106','pin_right_2','',#5,#6029,$
  );
#6375 = PRODUCT_RELATED_PRODUCT_CATEGORY('part',$,(#6031));
#6376 = SHAPE_DEFINITION_REPRESENTATION(#6377,#6383);
#6377 = PRODUCT_DEFINITION_SHAPE('','',#6378);
#6378 = PRODUCT_DEFINITION('design','',#6379,#6382);
#6379 = PRODUCT_DEFINITION_FORMATION('','',#6380);
#6380 = PRODUCT('pin_right_3','pin_right_3','',(#6381));
#6381 = PRODUCT_CONTEXT('',#2,'mechanical');
#6382 = PRODUCT_DEFINITION_CONTEXT('part definition',#2,'design');
#6383 = ADVANCED_BREP_SHAPE_REPRESENTATION('',(#11,#6384),#6714);
#6384 = MANIFOLD_SOLID_BREP('',#6385);
#6385 = CLOSED_SHELL('',(#6386,#6506,#6606,#6653,#6700,#6707));
#6386 = ADVANCED_FACE('',(#6387),#6401,.F.);
#6387 = FACE_BOUND('',#6388,.F.);
#6388 = EDGE_LOOP('',(#6389,#6424,#6452,#6480));
#6389 = ORIENTED_EDGE('',*,*,#6390,.F.);
#6390 = EDGE_CURVE('',#6391,#6393,#6395,.T.);
#6391 = VERTEX_POINT('',#6392);
#6392 = CARTESIAN_POINT('',(8.58,6.04,0.));
#6393 = VERTEX_POINT('',#6394);
#6394 = CARTESIAN_POINT('',(8.58,6.04,4.5));
#6395 = SURFACE_CURVE('',#6396,(#6400,#6412),.PCURVE_S1.);
#6396 = LINE('',#6397,#6398);
#6397 = CARTESIAN_POINT('',(8.58,6.04,0.));
#6398 = VECTOR('',#6399,1.);
#6399 = DIRECTION('',(0.,0.,1.));
#6400 = PCURVE('',#6401,#6406);
#6401 = PLANE('',#6402);
#6402 = AXIS2_PLACEMENT_3D('',#6403,#6404,#6405);
#6403 = CARTESIAN_POINT('',(8.58,6.04,0.));
#6404 = DIRECTION('',(1.,0.,0.));
#6405 = DIRECTION('',(0.,0.,1.));
#6406 = DEFINITIONAL_REPRESENTATION('',(#6407),#6411);
#6407 = LINE('',#6408,#6409);
#6408 = CARTESIAN_POINT('',(0.,0.));
#6409 = VECTOR('',#6410,1.);
#6410 = DIRECTION('',(1.,0.));
#6411 = ( GEOMETRIC_REPRESENTATION_CONTEXT(2) 
PARAMETRIC_REPRESENTATION_CONTEXT() REPRESENTATION_CONTEXT('2D SPACE',''
  ) );
#6412 = PCURVE('',#6413,#6418);
#6413 = PLANE('',#6414);
#6414 = AXIS2_PLACEMENT_3D('',#6415,#6416,#6417);
#6415 = CARTESIAN_POINT('',(8.58,6.04,0.));
#6416 = DIRECTION('',(0.,1.,0.));
#6417 = DIRECTION('',(0.,0.,1.));
#6418 = DEFINITIONAL_REPRESENTATION('',(#6419),#6423);
#6419 = LINE('',#6420,#6421);
#6420 = CARTESIAN_POINT('',(0.,0.));
#6421 = VECTOR('',#6422,1.);
#6422 = DIRECTION('',(1.,0.));
#6423 = ( GEOMETRIC_REPRESENTATION_CONTEXT(2) 
PARAMETRIC_REPRESENTATION_CONTEXT() REPRESENTATION_CONTEXT('2D SPACE',''
  ) );
#6424 = ORIENTED_EDGE('',*,*,#6425,.T.);
#6425 = EDGE_CURVE('',#6391,#6426,#6428,.T.);
#6426 = VERTEX_POINT('',#6427);
#6427 = CARTESIAN_POINT('',(8.58,6.66,0.));
#6428 = SURFACE_CURVE('',#6429,(#6433,#6440),.PCURVE_S1.);
#6429 = LINE('',#6430,#6431);
#6430 = CARTESIAN_POINT('',(8.58,6.04,0.));
#6431 = VECTOR('',#6432,1.);
#6432 = DIRECTION('',(0.,1.,0.));
#6433 = PCURVE('',#6401,#6434);
#6434 = DEFINITIONAL_REPRESENTATION('',(#6435),#6439);
#6435 = LINE('',#6436,#6437);
#6436 = CARTESIAN_POINT('',(0.,0.));
#6437 = VECTOR('',#6438,1.);
#6438 = DIRECTION('',(0.,-1.));
#6439 = ( GEOMETRIC_REPRESENTATION_CONTEXT(2) 
PARAMETRIC_REPRESENTATION_CONTEXT() REPRESENTATION_CONTEXT('2D SPACE',''
  ) );
#6440 = PCURVE('',#6441,#6446);
#6441 = PLANE('',#6442);
#6442 = AXIS2_PLACEMENT_3D('',#6443,#6444,#6445);
#6443 = CARTESIAN_POINT('',(8.58,6.04,0.));
#6444 = DIRECTION('',(0.,0.,1.));
#6445 = DIRECTION('',(1.,0.,0.));
#6446 = DEFINITIONAL_REPRESENTATION('',(#6447),#6451);
#6447 = LINE('',#6448,#6449);
#6448 = CARTESIAN_POINT('',(0.,0.));
#6449 = VECTOR('',#6450,1.);
#6450 = DIRECTION('',(0.,1.));
#6451 = ( GEOMETRIC_REPRESENTATION_CONTEXT(2) 
PARAMETRIC_REPRESENTATION_CONTEXT() REPRESENTATION_CONTEXT('2D SPACE',''
  ) );
#6452 = ORIENTED_EDGE('',*,*,#6453,.T.);
#6453 = EDGE_CURVE('',#6426,#6454,#6456,.T.);
#6454 = VERTEX_POINT('',#6455);
#6455 = CARTESIAN_POINT('',(8.58,6.66,4.5));
#6456 = SURFACE_CURVE('',#6457,(#6461,#6468),.PCURVE_S1.);
#6457 = LINE('',#6458,#6459);
#6458 = CARTESIAN_POINT('',(8.58,6.66,0.));
#6459 = VECTOR('',#6460,1.);
#6460 = DIRECTION('',(0.,0.,1.));
#6461 = PCURVE('',#6401,#6462);
#6462 = DEFINITIONAL_REPRESENTATION('',(#6463),#6467);
#6463 = LINE('',#6464,#6465);
#6464 = CARTESIAN_POINT('',(0.,-0.62));
#6465 = VECTOR('',#6466,1.);
#6466 = DIRECTION('',(1.,0.));
#6467 = ( GEOMETRIC_REPRESENTATION_CONTEXT(2) 
PARAMETRIC_REPRESENTATION_CONTEXT() REPRESENTATION_CONTEXT('2D SPACE',''
  ) );
#6468 = PCURVE('',#6469,#6474);
#6469 = PLANE('',#6470);
#6470 = AXIS2_PLACEMENT_3D('',#6471,#6472,#6473);
#6471 = CARTESIAN_POINT('',(8.58,6.66,0.));
#6472 = DIRECTION('',(0.,1.,0.));
#6473 = DIRECTION('',(0.,0.,1.));
#6474 = DEFINITIONAL_REPRESENTATION('',(#6475),#6479);
#6475 = LINE('',#6476,#6477);
#6476 = CARTESIAN_POINT('',(0.,0.));
#6477 = VECTOR('',#6478,1.);
#6478 = DIRECTION('',(1.,0.));
#6479 = ( GEOMETRIC_REPRESENTATION_CONTEXT(2) 
PARAMETRIC_REPRESENTATION_CONTEXT() REPRESENTATION_CONTEXT('2D SPACE',''
  ) );
#6480 = ORIENTED_EDGE('',*,*,#6481,.F.);
#6481 = EDGE_CURVE('',#6393,#6454,#6482,.T.);
#6482 = SURFACE_CURVE('',#6483,(#6487,#6494),.PCURVE_S1.);
#6483 = LINE('',#6484,#6485);
#6484 = CARTESIAN_POINT('',(8.58,6.04,4.5));
#6485 = VECTOR('',#6486,1.);
#6486 = DIRECTION('',(0.,1.,0.));
#6487 = PCURVE('',#6401,#6488);
#6488 = DEFINITIONAL_REPRESENTATION('',(#6489),#6493);
#6489 = LINE('',#6490,#6491);
#6490 = CARTESIAN_POINT('',(4.5,0.));
#6491 = VECTOR('',#6492,1.);
#6492 = DIRECTION('',(0.,-1.));
#6493 = ( GEOMETRIC_REPRESENTATION_CONTEXT(2) 
PARAMETRIC_REPRESENTATION_CONTEXT() REPRESENTATION_CONTEXT('2D SPACE',''
  ) );
#6494 = PCURVE('',#6495,#6500);
#6495 = PLANE('',#6496);
#6496 = AXIS2_PLACEMENT_3D('',#6497,#6498,#6499);
#6497 = CARTESIAN_POINT('',(8.58,6.04,4.5));
#6498 = DIRECTION('',(0.,0.,1.));
#6499 = DIRECTION('',(1.,0.,0.));
#6500 = DEFINITIONAL_REPRESENTATION('',(#6501),#6505);
#6501 = LINE('',#6502,#6503);
#6502 = CARTESIAN_POINT('',(0.,0.));
#6503 = VECTOR('',#6504,1.);
#6504 = DIRECTION('',(0.,1.));
#6505 = ( GEOMETRIC_REPRESENTATION_CONTEXT(2) 
PARAMETRIC_REPRESENTATION_CONTEXT() REPRESENTATION_CONTEXT('2D SPACE',''
  ) );
#6506 = ADVANCED_FACE('',(#6507),#6521,.T.);
#6507 = FACE_BOUND('',#6508,.T.);
#6508 = EDGE_LOOP('',(#6509,#6539,#6562,#6585));
#6509 = ORIENTED_EDGE('',*,*,#6510,.F.);
#6510 = EDGE_CURVE('',#6511,#6513,#6515,.T.);
#6511 = VERTEX_POINT('',#6512);
#6512 = CARTESIAN_POINT('',(9.2,6.04,0.));
#6513 = VERTEX_POINT('',#6514);
#6514 = CARTESIAN_POINT('',(9.2,6.04,4.5));
#6515 = SURFACE_CURVE('',#6516,(#6520,#6532),.PCURVE_S1.);
#6516 = LINE('',#6517,#6518);
#6517 = CARTESIAN_POINT('',(9.2,6.04,0.));
#6518 = VECTOR('',#6519,1.);
#6519 = DIRECTION('',(0.,0.,1.));
#6520 = PCURVE('',#6521,#6526);
#6521 = PLANE('',#6522);
#6522 = AXIS2_PLACEMENT_3D('',#6523,#6524,#6525);
#6523 = CARTESIAN_POINT('',(9.2,6.04,0.));
#6524 = DIRECTION('',(1.,0.,0.));
#6525 = DIRECTION('',(0.,0.,1.));
#6526 = DEFINITIONAL_REPRESENTATION('',(#6527),#6531);
#6527 = LINE('',#6528,#6529);
#6528 = CARTESIAN_POINT('',(0.,0.));
#6529 = VECTOR('',#6530,1.);
#6530 = DIRECTION('',(1.,0.));
#6531 = ( GEOMETRIC_REPRESENTATION_CONTEXT(2) 
PARAMETRIC_REPRESENTATION_CONTEXT() REPRESENTATION_CONTEXT('2D SPACE',''
  ) );
#6532 = PCURVE('',#6413,#6533);
#6533 = DEFINITIONAL_REPRESENTATION('',(#6534),#6538);
#6534 = LINE('',#6535,#6536);
#6535 = CARTESIAN_POINT('',(0.,0.62));
#6536 = VECTOR('',#6537,1.);
#6537 = DIRECTION('',(1.,0.));
#6538 = ( GEOMETRIC_REPRESENTATION_CONTEXT(2) 
PARAMETRIC_REPRESENTATION_CONTEXT() REPRESENTATION_CONTEXT('2D SPACE',''
  ) );
#6539 = ORIENTED_EDGE('',*,*,#6540,.T.);
#6540 = EDGE_CURVE('',#6511,#6541,#6543,.T.);
#6541 = VERTEX_POINT('',#6542);
#6542 = CARTESIAN_POINT('',(9.2,6.66,0.));
#6543 = SURFACE_CURVE('',#6544,(#6548,#6555),.PCURVE_S1.);
#6544 = LINE('',#6545,#6546);
#6545 = CARTESIAN_POINT('',(9.2,6.04,0.));
#6546 = VECTOR('',#6547,1.);
#6547 = DIRECTION('',(0.,1.,0.));
#6548 = PCURVE('',#6521,#6549);
#6549 = DEFINITIONAL_REPRESENTATION('',(#6550),#6554);
#6550 = LINE('',#6551,#6552);
#6551 = CARTESIAN_POINT('',(0.,0.));
#6552 = VECTOR('',#6553,1.);
#6553 = DIRECTION('',(0.,-1.));
#6554 = ( GEOMETRIC_REPRESENTATION_CONTEXT(2) 
PARAMETRIC_REPRESENTATION_CONTEXT() REPRESENTATION_CONTEXT('2D SPACE',''
  ) );
#6555 = PCURVE('',#6441,#6556);
#6556 = DEFINITIONAL_REPRESENTATION('',(#6557),#6561);
#6557 = LINE('',#6558,#6559);
#6558 = CARTESIAN_POINT('',(0.62,0.));
#6559 = VECTOR('',#6560,1.);
#6560 = DIRECTION('',(0.,1.));
#6561 = ( GEOMETRIC_REPRESENTATION_CONTEXT(2) 
PARAMETRIC_REPRESENTATION_CONTEXT() REPRESENTATION_CONTEXT('2D SPACE',''
  ) );
#6562 = ORIENTED_EDGE('',*,*,#6563,.T.);
#6563 = EDGE_CURVE('',#6541,#6564,#6566,.T.);
#6564 = VERTEX_POINT('',#6565);
#6565 = CARTESIAN_POINT('',(9.2,6.66,4.5));
#6566 = SURFACE_CURVE('',#6567,(#6571,#6578),.PCURVE_S1.);
#6567 = LINE('',#6568,#6569);
#6568 = CARTESIAN_POINT('',(9.2,6.66,0.));
#6569 = VECTOR('',#6570,1.);
#6570 = DIRECTION('',(0.,0.,1.));
#6571 = PCURVE('',#6521,#6572);
#6572 = DEFINITIONAL_REPRESENTATION('',(#6573),#6577);
#6573 = LINE('',#6574,#6575);
#6574 = CARTESIAN_POINT('',(0.,-0.62));
#6575 = VECTOR('',#6576,1.);
#6576 = DIRECTION('',(1.,0.));
#6577 = ( GEOMETRIC_REPRESENTATION_CONTEXT(2) 
PARAMETRIC_REPRESENTATION_CONTEXT() REPRESENTATION_CONTEXT('2D SPACE',''
  ) );
#6578 = PCURVE('',#6469,#6579);
#6579 = DEFINITIONAL_REPRESENTATION('',(#6580),#6584);
#6580 = LINE('',#6581,#6582);
#6581 = CARTESIAN_POINT('',(0.,0.62));
#6582 = VECTOR('',#6583,1.);
#6583 = DIRECTION('',(1.,0.));
#6584 = ( GEOMETRIC_REPRESENTATION_CONTEXT(2) 
PARAMETRIC_REPRESENTATION_CONTEXT() REPRESENTATION_CONTEXT('2D SPACE',''
  ) );
#6585 = ORIENTED_EDGE('',*,*,#6586,.F.);
#6586 = EDGE_CURVE('',#6513,#6564,#6587,.T.);
#6587 = SURFACE_CURVE('',#6588,(#6592,#6599),.PCURVE_S1.);
#6588 = LINE('',#6589,#6590);
#6589 = CARTESIAN_POINT('',(9.2,6.04,4.5));
#6590 = VECTOR('',#6591,1.);
#6591 = DIRECTION('',(0.,1.,0.));
#6592 = PCURVE('',#6521,#6593);
#6593 = DEFINITIONAL_REPRESENTATION('',(#6594),#6598);
#6594 = LINE('',#6595,#6596);
#6595 = CARTESIAN_POINT('',(4.5,0.));
#6596 = VECTOR('',#6597,1.);
#6597 = DIRECTION('',(0.,-1.));
#6598 = ( GEOMETRIC_REPRESENTATION_CONTEXT(2) 
PARAMETRIC_REPRESENTATION_CONTEXT() REPRESENTATION_CONTEXT('2D SPACE',''
  ) );
#6599 = PCURVE('',#6495,#6600);
#6600 = DEFINITIONAL_REPRESENTATION('',(#6601),#6605);
#6601 = LINE('',#6602,#6603);
#6602 = CARTESIAN_POINT('',(0.62,0.));
#6603 = VECTOR('',#6604,1.);
#6604 = DIRECTION('',(0.,1.));
#6605 = ( GEOMETRIC_REPRESENTATION_CONTEXT(2) 
PARAMETRIC_REPRESENTATION_CONTEXT() REPRESENTATION_CONTEXT('2D SPACE',''
  ) );
#6606 = ADVANCED_FACE('',(#6607),#6413,.F.);
#6607 = FACE_BOUND('',#6608,.F.);
#6608 = EDGE_LOOP('',(#6609,#6630,#6631,#6652));
#6609 = ORIENTED_EDGE('',*,*,#6610,.F.);
#6610 = EDGE_CURVE('',#6391,#6511,#6611,.T.);
#6611 = SURFACE_CURVE('',#6612,(#6616,#6623),.PCURVE_S1.);
#6612 = LINE('',#6613,#6614);
#6613 = CARTESIAN_POINT('',(8.58,6.04,0.));
#6614 = VECTOR('',#6615,1.);
#6615 = DIRECTION('',(1.,0.,0.));
#6616 = PCURVE('',#6413,#6617);
#6617 = DEFINITIONAL_REPRESENTATION('',(#6618),#6622);
#6618 = LINE('',#6619,#6620);
#6619 = CARTESIAN_POINT('',(0.,0.));
#6620 = VECTOR('',#6621,1.);
#6621 = DIRECTION('',(0.,1.));
#6622 = ( GEOMETRIC_REPRESENTATION_CONTEXT(2) 
PARAMETRIC_REPRESENTATION_CONTEXT() REPRESENTATION_CONTEXT('2D SPACE',''
  ) );
#6623 = PCURVE('',#6441,#6624);
#6624 = DEFINITIONAL_REPRESENTATION('',(#6625),#6629);
#6625 = LINE('',#6626,#6627);
#6626 = CARTESIAN_POINT('',(0.,0.));
#6627 = VECTOR('',#6628,1.);
#6628 = DIRECTION('',(1.,0.));
#6629 = ( GEOMETRIC_REPRESENTATION_CONTEXT(2) 
PARAMETRIC_REPRESENTATION_CONTEXT() REPRESENTATION_CONTEXT('2D SPACE',''
  ) );
#6630 = ORIENTED_EDGE('',*,*,#6390,.T.);
#6631 = ORIENTED_EDGE('',*,*,#6632,.T.);
#6632 = EDGE_CURVE('',#6393,#6513,#6633,.T.);
#6633 = SURFACE_CURVE('',#6634,(#6638,#6645),.PCURVE_S1.);
#6634 = LINE('',#6635,#6636);
#6635 = CARTESIAN_POINT('',(8.58,6.04,4.5));
#6636 = VECTOR('',#6637,1.);
#6637 = DIRECTION('',(1.,0.,0.));
#6638 = PCURVE('',#6413,#6639);
#6639 = DEFINITIONAL_REPRESENTATION('',(#6640),#6644);
#6640 = LINE('',#6641,#6642);
#6641 = CARTESIAN_POINT('',(4.5,0.));
#6642 = VECTOR('',#6643,1.);
#6643 = DIRECTION('',(0.,1.));
#6644 = ( GEOMETRIC_REPRESENTATION_CONTEXT(2) 
PARAMETRIC_REPRESENTATION_CONTEXT() REPRESENTATION_CONTEXT('2D SPACE',''
  ) );
#6645 = PCURVE('',#6495,#6646);
#6646 = DEFINITIONAL_REPRESENTATION('',(#6647),#6651);
#6647 = LINE('',#6648,#6649);
#6648 = CARTESIAN_POINT('',(0.,0.));
#6649 = VECTOR('',#6650,1.);
#6650 = DIRECTION('',(1.,0.));
#6651 = ( GEOMETRIC_REPRESENTATION_CONTEXT(2) 
PARAMETRIC_REPRESENTATION_CONTEXT() REPRESENTATION_CONTEXT('2D SPACE',''
  ) );
#6652 = ORIENTED_EDGE('',*,*,#6510,.F.);
#6653 = ADVANCED_FACE('',(#6654),#6469,.T.);
#6654 = FACE_BOUND('',#6655,.T.);
#6655 = EDGE_LOOP('',(#6656,#6677,#6678,#6699));
#6656 = ORIENTED_EDGE('',*,*,#6657,.F.);
#6657 = EDGE_CURVE('',#6426,#6541,#6658,.T.);
#6658 = SURFACE_CURVE('',#6659,(#6663,#6670),.PCURVE_S1.);
#6659 = LINE('',#6660,#6661);
#6660 = CARTESIAN_POINT('',(8.58,6.66,0.));
#6661 = VECTOR('',#6662,1.);
#6662 = DIRECTION('',(1.,0.,0.));
#6663 = PCURVE('',#6469,#6664);
#6664 = DEFINITIONAL_REPRESENTATION('',(#6665),#6669);
#6665 = LINE('',#6666,#6667);
#6666 = CARTESIAN_POINT('',(0.,0.));
#6667 = VECTOR('',#6668,1.);
#6668 = DIRECTION('',(0.,1.));
#6669 = ( GEOMETRIC_REPRESENTATION_CONTEXT(2) 
PARAMETRIC_REPRESENTATION_CONTEXT() REPRESENTATION_CONTEXT('2D SPACE',''
  ) );
#6670 = PCURVE('',#6441,#6671);
#6671 = DEFINITIONAL_REPRESENTATION('',(#6672),#6676);
#6672 = LINE('',#6673,#6674);
#6673 = CARTESIAN_POINT('',(0.,0.62));
#6674 = VECTOR('',#6675,1.);
#6675 = DIRECTION('',(1.,0.));
#6676 = ( GEOMETRIC_REPRESENTATION_CONTEXT(2) 
PARAMETRIC_REPRESENTATION_CONTEXT() REPRESENTATION_CONTEXT('2D SPACE',''
  ) );
#6677 = ORIENTED_EDGE('',*,*,#6453,.T.);
#6678 = ORIENTED_EDGE('',*,*,#6679,.T.);
#6679 = EDGE_CURVE('',#6454,#6564,#6680,.T.);
#6680 = SURFACE_CURVE('',#6681,(#6685,#6692),.PCURVE_S1.);
#6681 = LINE('',#6682,#6683);
#6682 = CARTESIAN_POINT('',(8.58,6.66,4.5));
#6683 = VECTOR('',#6684,1.);
#6684 = DIRECTION('',(1.,0.,0.));
#6685 = PCURVE('',#6469,#6686);
#6686 = DEFINITIONAL_REPRESENTATION('',(#6687),#6691);
#6687 = LINE('',#6688,#6689);
#6688 = CARTESIAN_POINT('',(4.5,0.));
#6689 = VECTOR('',#6690,1.);
#6690 = DIRECTION('',(0.,1.));
#6691 = ( GEOMETRIC_REPRESENTATION_CONTEXT(2) 
PARAMETRIC_REPRESENTATION_CONTEXT() REPRESENTATION_CONTEXT('2D SPACE',''
  ) );
#6692 = PCURVE('',#6495,#6693);
#6693 = DEFINITIONAL_REPRESENTATION('',(#6694),#6698);
#6694 = LINE('',#6695,#6696);
#6695 = CARTESIAN_POINT('',(0.,0.62));
#6696 = VECTOR('',#6697,1.);
#6697 = DIRECTION('',(1.,0.));
#6698 = ( GEOMETRIC_REPRESENTATION_CONTEXT(2) 
PARAMETRIC_REPRESENTATION_CONTEXT() REPRESENTATION_CONTEXT('2D SPACE',''
  ) );
#6699 = ORIENTED_EDGE('',*,*,#6563,.F.);
#6700 = ADVANCED_FACE('',(#6701),#6441,.F.);
#6701 = FACE_BOUND('',#6702,.F.);
#6702 = EDGE_LOOP('',(#6703,#6704,#6705,#6706));
#6703 = ORIENTED_EDGE('',*,*,#6425,.F.);
#6704 = ORIENTED_EDGE('',*,*,#6610,.T.);
#6705 = ORIENTED_EDGE('',*,*,#6540,.T.);
#6706 = ORIENTED_EDGE('',*,*,#6657,.F.);
#6707 = ADVANCED_FACE('',(#6708),#6495,.T.);
#6708 = FACE_BOUND('',#6709,.T.);
#6709 = EDGE_LOOP('',(#6710,#6711,#6712,#6713));
#6710 = ORIENTED_EDGE('',*,*,#6481,.F.);
#6711 = ORIENTED_EDGE('',*,*,#6632,.T.);
#6712 = ORIENTED_EDGE('',*,*,#6586,.T.);
#6713 = ORIENTED_EDGE('',*,*,#6679,.F.);
#6714 = ( GEOMETRIC_REPRESENTATION_CONTEXT(3) 
GLOBAL_UNCERTAINTY_ASSIGNED_CONTEXT((#6718)) 
GLOBAL_UNIT_ASSIGNED_CONTEXT((#6715,#6716,#6717)) REPRESENTATION_CONTEXT
('Context #1','3D Context with UNIT and UNCERTAINTY') );
#6715 = ( LENGTH_UNIT() NAMED_UNIT(*) SI_UNIT(.MILLI.,.METRE.) );
#6716 = ( NAMED_UNIT(*) PLANE_ANGLE_UNIT() SI_UNIT($,.RADIAN.) );
#6717 = ( NAMED_UNIT(*) SI_UNIT($,.STERADIAN.) SOLID_ANGLE_UNIT() );
#6718 = UNCERTAINTY_MEASURE_WITH_UNIT(LENGTH_MEASURE(1.E-07),#6715,
  'distance_accuracy_value','confusion accuracy');
#6719 = CONTEXT_DEPENDENT_SHAPE_REPRESENTATION(#6720,#6722);
#6720 = ( REPRESENTATION_RELATIONSHIP('','',#6383,#10) 
REPRESENTATION_RELATIONSHIP_WITH_TRANSFORMATION(#6721) 
SHAPE_REPRESENTATION_RELATIONSHIP() );
#6721 = ITEM_DEFINED_TRANSFORMATION('','',#11,#75);
#6722 = PRODUCT_DEFINITION_SHAPE('Placement','Placement of an item',
  #6723);
#6723 = NEXT_ASSEMBLY_USAGE_OCCURRENCE('107','pin_right_3','',#5,#6378,$
  );
#6724 = PRODUCT_RELATED_PRODUCT_CATEGORY('part',$,(#6380));
#6725 = SHAPE_DEFINITION_REPRESENTATION(#6726,#6732);
#6726 = PRODUCT_DEFINITION_SHAPE('','',#6727);
#6727 = PRODUCT_DEFINITION('design','',#6728,#6731);
#6728 = PRODUCT_DEFINITION_FORMATION('','',#6729);
#6729 = PRODUCT('pin_right_4','pin_right_4','',(#6730));
#6730 = PRODUCT_CONTEXT('',#2,'mechanical');
#6731 = PRODUCT_DEFINITION_CONTEXT('part definition',#2,'design');
#6732 = ADVANCED_BREP_SHAPE_REPRESENTATION('',(#11,#6733),#7063);
#6733 = MANIFOLD_SOLID_BREP('',#6734);
#6734 = CLOSED_SHELL('',(#6735,#6855,#6955,#7002,#7049,#7056));
#6735 = ADVANCED_FACE('',(#6736),#6750,.F.);
#6736 = FACE_BOUND('',#6737,.F.);
#6737 = EDGE_LOOP('',(#6738,#6773,#6801,#6829));
#6738 = ORIENTED_EDGE('',*,*,#6739,.F.);
#6739 = EDGE_CURVE('',#6740,#6742,#6744,.T.);
#6740 = VERTEX_POINT('',#6741);
#6741 = CARTESIAN_POINT('',(8.58,3.5,0.));
#6742 = VERTEX_POINT('',#6743);
#6743 = CARTESIAN_POINT('',(8.58,3.5,4.5));
#6744 = SURFACE_CURVE('',#6745,(#6749,#6761),.PCURVE_S1.);
#6745 = LINE('',#6746,#6747);
#6746 = CARTESIAN_POINT('',(8.58,3.5,0.));
#6747 = VECTOR('',#6748,1.);
#6748 = DIRECTION('',(0.,0.,1.));
#6749 = PCURVE('',#6750,#6755);
#6750 = PLANE('',#6751);
#6751 = AXIS2_PLACEMENT_3D('',#6752,#6753,#6754);
#6752 = CARTESIAN_POINT('',(8.58,3.5,0.));
#6753 = DIRECTION('',(1.,0.,0.));
#6754 = DIRECTION('',(0.,0.,1.));
#6755 = DEFINITIONAL_REPRESENTATION('',(#6756),#6760);
#6756 = LINE('',#6757,#6758);
#6757 = CARTESIAN_POINT('',(0.,0.));
#6758 = VECTOR('',#6759,1.);
#6759 = DIRECTION('',(1.,0.));
#6760 = ( GEOMETRIC_REPRESENTATION_CONTEXT(2) 
PARAMETRIC_REPRESENTATION_CONTEXT() REPRESENTATION_CONTEXT('2D SPACE',''
  ) );
#6761 = PCURVE('',#6762,#6767);
#6762 = PLANE('',#6763);
#6763 = AXIS2_PLACEMENT_3D('',#6764,#6765,#6766);
#6764 = CARTESIAN_POINT('',(8.58,3.5,0.));
#6765 = DIRECTION('',(0.,1.,0.));
#6766 = DIRECTION('',(0.,0.,1.));
#6767 = DEFINITIONAL_REPRESENTATION('',(#6768),#6772);
#6768 = LINE('',#6769,#6770);
#6769 = CARTESIAN_POINT('',(0.,0.));
#6770 = VECTOR('',#6771,1.);
#6771 = DIRECTION('',(1.,0.));
#6772 = ( GEOMETRIC_REPRESENTATION_CONTEXT(2) 
PARAMETRIC_REPRESENTATION_CONTEXT() REPRESENTATION_CONTEXT('2D SPACE',''
  ) );
#6773 = ORIENTED_EDGE('',*,*,#6774,.T.);
#6774 = EDGE_CURVE('',#6740,#6775,#6777,.T.);
#6775 = VERTEX_POINT('',#6776);
#6776 = CARTESIAN_POINT('',(8.58,4.12,0.));
#6777 = SURFACE_CURVE('',#6778,(#6782,#6789),.PCURVE_S1.);
#6778 = LINE('',#6779,#6780);
#6779 = CARTESIAN_POINT('',(8.58,3.5,0.));
#6780 = VECTOR('',#6781,1.);
#6781 = DIRECTION('',(0.,1.,0.));
#6782 = PCURVE('',#6750,#6783);
#6783 = DEFINITIONAL_REPRESENTATION('',(#6784),#6788);
#6784 = LINE('',#6785,#6786);
#6785 = CARTESIAN_POINT('',(0.,0.));
#6786 = VECTOR('',#6787,1.);
#6787 = DIRECTION('',(0.,-1.));
#6788 = ( GEOMETRIC_REPRESENTATION_CONTEXT(2) 
PARAMETRIC_REPRESENTATION_CONTEXT() REPRESENTATION_CONTEXT('2D SPACE',''
  ) );
#6789 = PCURVE('',#6790,#6795);
#6790 = PLANE('',#6791);
#6791 = AXIS2_PLACEMENT_3D('',#6792,#6793,#6794);
#6792 = CARTESIAN_POINT('',(8.58,3.5,0.));
#6793 = DIRECTION('',(0.,0.,1.));
#6794 = DIRECTION('',(1.,0.,0.));
#6795 = DEFINITIONAL_REPRESENTATION('',(#6796),#6800);
#6796 = LINE('',#6797,#6798);
#6797 = CARTESIAN_POINT('',(0.,0.));
#6798 = VECTOR('',#6799,1.);
#6799 = DIRECTION('',(0.,1.));
#6800 = ( GEOMETRIC_REPRESENTATION_CONTEXT(2) 
PARAMETRIC_REPRESENTATION_CONTEXT() REPRESENTATION_CONTEXT('2D SPACE',''
  ) );
#6801 = ORIENTED_EDGE('',*,*,#6802,.T.);
#6802 = EDGE_CURVE('',#6775,#6803,#6805,.T.);
#6803 = VERTEX_POINT('',#6804);
#6804 = CARTESIAN_POINT('',(8.58,4.12,4.5));
#6805 = SURFACE_CURVE('',#6806,(#6810,#6817),.PCURVE_S1.);
#6806 = LINE('',#6807,#6808);
#6807 = CARTESIAN_POINT('',(8.58,4.12,0.));
#6808 = VECTOR('',#6809,1.);
#6809 = DIRECTION('',(0.,0.,1.));
#6810 = PCURVE('',#6750,#6811);
#6811 = DEFINITIONAL_REPRESENTATION('',(#6812),#6816);
#6812 = LINE('',#6813,#6814);
#6813 = CARTESIAN_POINT('',(0.,-0.62));
#6814 = VECTOR('',#6815,1.);
#6815 = DIRECTION('',(1.,0.));
#6816 = ( GEOMETRIC_REPRESENTATION_CONTEXT(2) 
PARAMETRIC_REPRESENTATION_CONTEXT() REPRESENTATION_CONTEXT('2D SPACE',''
  ) );
#6817 = PCURVE('',#6818,#6823);
#6818 = PLANE('',#6819);
#6819 = AXIS2_PLACEMENT_3D('',#6820,#6821,#6822);
#6820 = CARTESIAN_POINT('',(8.58,4.12,0.));
#6821 = DIRECTION('',(0.,1.,0.));
#6822 = DIRECTION('',(0.,0.,1.));
#6823 = DEFINITIONAL_REPRESENTATION('',(#6824),#6828);
#6824 = LINE('',#6825,#6826);
#6825 = CARTESIAN_POINT('',(0.,0.));
#6826 = VECTOR('',#6827,1.);
#6827 = DIRECTION('',(1.,0.));
#6828 = ( GEOMETRIC_REPRESENTATION_CONTEXT(2) 
PARAMETRIC_REPRESENTATION_CONTEXT() REPRESENTATION_CONTEXT('2D SPACE',''
  ) );
#6829 = ORIENTED_EDGE('',*,*,#6830,.F.);
#6830 = EDGE_CURVE('',#6742,#6803,#6831,.T.);
#6831 = SURFACE_CURVE('',#6832,(#6836,#6843),.PCURVE_S1.);
#6832 = LINE('',#6833,#6834);
#6833 = CARTESIAN_POINT('',(8.58,3.5,4.5));
#6834 = VECTOR('',#6835,1.);
#6835 = DIRECTION('',(0.,1.,0.));
#6836 = PCURVE('',#6750,#6837);
#6837 = DEFINITIONAL_REPRESENTATION('',(#6838),#6842);
#6838 = LINE('',#6839,#6840);
#6839 = CARTESIAN_POINT('',(4.5,0.));
#6840 = VECTOR('',#6841,1.);
#6841 = DIRECTION('',(0.,-1.));
#6842 = ( GEOMETRIC_REPRESENTATION_CONTEXT(2) 
PARAMETRIC_REPRESENTATION_CONTEXT() REPRESENTATION_CONTEXT('2D SPACE',''
  ) );
#6843 = PCURVE('',#6844,#6849);
#6844 = PLANE('',#6845);
#6845 = AXIS2_PLACEMENT_3D('',#6846,#6847,#6848);
#6846 = CARTESIAN_POINT('',(8.58,3.5,4.5));
#6847 = DIRECTION('',(0.,0.,1.));
#6848 = DIRECTION('',(1.,0.,0.));
#6849 = DEFINITIONAL_REPRESENTATION('',(#6850),#6854);
#6850 = LINE('',#6851,#6852);
#6851 = CARTESIAN_POINT('',(0.,0.));
#6852 = VECTOR('',#6853,1.);
#6853 = DIRECTION('',(0.,1.));
#6854 = ( GEOMETRIC_REPRESENTATION_CONTEXT(2) 
PARAMETRIC_REPRESENTATION_CONTEXT() REPRESENTATION_CONTEXT('2D SPACE',''
  ) );
#6855 = ADVANCED_FACE('',(#6856),#6870,.T.);
#6856 = FACE_BOUND('',#6857,.T.);
#6857 = EDGE_LOOP('',(#6858,#6888,#6911,#6934));
#6858 = ORIENTED_EDGE('',*,*,#6859,.F.);
#6859 = EDGE_CURVE('',#6860,#6862,#6864,.T.);
#6860 = VERTEX_POINT('',#6861);
#6861 = CARTESIAN_POINT('',(9.2,3.5,0.));
#6862 = VERTEX_POINT('',#6863);
#6863 = CARTESIAN_POINT('',(9.2,3.5,4.5));
#6864 = SURFACE_CURVE('',#6865,(#6869,#6881),.PCURVE_S1.);
#6865 = LINE('',#6866,#6867);
#6866 = CARTESIAN_POINT('',(9.2,3.5,0.));
#6867 = VECTOR('',#6868,1.);
#6868 = DIRECTION('',(0.,0.,1.));
#6869 = PCURVE('',#6870,#6875);
#6870 = PLANE('',#6871);
#6871 = AXIS2_PLACEMENT_3D('',#6872,#6873,#6874);
#6872 = CARTESIAN_POINT('',(9.2,3.5,0.));
#6873 = DIRECTION('',(1.,0.,0.));
#6874 = DIRECTION('',(0.,0.,1.));
#6875 = DEFINITIONAL_REPRESENTATION('',(#6876),#6880);
#6876 = LINE('',#6877,#6878);
#6877 = CARTESIAN_POINT('',(0.,0.));
#6878 = VECTOR('',#6879,1.);
#6879 = DIRECTION('',(1.,0.));
#6880 = ( GEOMETRIC_REPRESENTATION_CONTEXT(2) 
PARAMETRIC_REPRESENTATION_CONTEXT() REPRESENTATION_CONTEXT('2D SPACE',''
  ) );
#6881 = PCURVE('',#6762,#6882);
#6882 = DEFINITIONAL_REPRESENTATION('',(#6883),#6887);
#6883 = LINE('',#6884,#6885);
#6884 = CARTESIAN_POINT('',(0.,0.62));
#6885 = VECTOR('',#6886,1.);
#6886 = DIRECTION('',(1.,0.));
#6887 = ( GEOMETRIC_REPRESENTATION_CONTEXT(2) 
PARAMETRIC_REPRESENTATION_CONTEXT() REPRESENTATION_CONTEXT('2D SPACE',''
  ) );
#6888 = ORIENTED_EDGE('',*,*,#6889,.T.);
#6889 = EDGE_CURVE('',#6860,#6890,#6892,.T.);
#6890 = VERTEX_POINT('',#6891);
#6891 = CARTESIAN_POINT('',(9.2,4.12,0.));
#6892 = SURFACE_CURVE('',#6893,(#6897,#6904),.PCURVE_S1.);
#6893 = LINE('',#6894,#6895);
#6894 = CARTESIAN_POINT('',(9.2,3.5,0.));
#6895 = VECTOR('',#6896,1.);
#6896 = DIRECTION('',(0.,1.,0.));
#6897 = PCURVE('',#6870,#6898);
#6898 = DEFINITIONAL_REPRESENTATION('',(#6899),#6903);
#6899 = LINE('',#6900,#6901);
#6900 = CARTESIAN_POINT('',(0.,0.));
#6901 = VECTOR('',#6902,1.);
#6902 = DIRECTION('',(0.,-1.));
#6903 = ( GEOMETRIC_REPRESENTATION_CONTEXT(2) 
PARAMETRIC_REPRESENTATION_CONTEXT() REPRESENTATION_CONTEXT('2D SPACE',''
  ) );
#6904 = PCURVE('',#6790,#6905);
#6905 = DEFINITIONAL_REPRESENTATION('',(#6906),#6910);
#6906 = LINE('',#6907,#6908);
#6907 = CARTESIAN_POINT('',(0.62,0.));
#6908 = VECTOR('',#6909,1.);
#6909 = DIRECTION('',(0.,1.));
#6910 = ( GEOMETRIC_REPRESENTATION_CONTEXT(2) 
PARAMETRIC_REPRESENTATION_CONTEXT() REPRESENTATION_CONTEXT('2D SPACE',''
  ) );
#6911 = ORIENTED_EDGE('',*,*,#6912,.T.);
#6912 = EDGE_CURVE('',#6890,#6913,#6915,.T.);
#6913 = VERTEX_POINT('',#6914);
#6914 = CARTESIAN_POINT('',(9.2,4.12,4.5));
#6915 = SURFACE_CURVE('',#6916,(#6920,#6927),.PCURVE_S1.);
#6916 = LINE('',#6917,#6918);
#6917 = CARTESIAN_POINT('',(9.2,4.12,0.));
#6918 = VECTOR('',#6919,1.);
#6919 = DIRECTION('',(0.,0.,1.));
#6920 = PCURVE('',#6870,#6921);
#6921 = DEFINITIONAL_REPRESENTATION('',(#6922),#6926);
#6922 = LINE('',#6923,#6924);
#6923 = CARTESIAN_POINT('',(0.,-0.62));
#6924 = VECTOR('',#6925,1.);
#6925 = DIRECTION('',(1.,0.));
#6926 = ( GEOMETRIC_REPRESENTATION_CONTEXT(2) 
PARAMETRIC_REPRESENTATION_CONTEXT() REPRESENTATION_CONTEXT('2D SPACE',''
  ) );
#6927 = PCURVE('',#6818,#6928);
#6928 = DEFINITIONAL_REPRESENTATION('',(#6929),#6933);
#6929 = LINE('',#6930,#6931);
#6930 = CARTESIAN_POINT('',(0.,0.62));
#6931 = VECTOR('',#6932,1.);
#6932 = DIRECTION('',(1.,0.));
#6933 = ( GEOMETRIC_REPRESENTATION_CONTEXT(2) 
PARAMETRIC_REPRESENTATION_CONTEXT() REPRESENTATION_CONTEXT('2D SPACE',''
  ) );
#6934 = ORIENTED_EDGE('',*,*,#6935,.F.);
#6935 = EDGE_CURVE('',#6862,#6913,#6936,.T.);
#6936 = SURFACE_CURVE('',#6937,(#6941,#6948),.PCURVE_S1.);
#6937 = LINE('',#6938,#6939);
#6938 = CARTESIAN_POINT('',(9.2,3.5,4.5));
#6939 = VECTOR('',#6940,1.);
#6940 = DIRECTION('',(0.,1.,0.));
#6941 = PCURVE('',#6870,#6942);
#6942 = DEFINITIONAL_REPRESENTATION('',(#6943),#6947);
#6943 = LINE('',#6944,#6945);
#6944 = CARTESIAN_POINT('',(4.5,0.));
#6945 = VECTOR('',#6946,1.);
#6946 = DIRECTION('',(0.,-1.));
#6947 = ( GEOMETRIC_REPRESENTATION_CONTEXT(2) 
PARAMETRIC_REPRESENTATION_CONTEXT() REPRESENTATION_CONTEXT('2D SPACE',''
  ) );
#6948 = PCURVE('',#6844,#6949);
#6949 = DEFINITIONAL_REPRESENTATION('',(#6950),#6954);
#6950 = LINE('',#6951,#6952);
#6951 = CARTESIAN_POINT('',(0.62,0.));
#6952 = VECTOR('',#6953,1.);
#6953 = DIRECTION('',(0.,1.));
#6954 = ( GEOMETRIC_REPRESENTATION_CONTEXT(2) 
PARAMETRIC_REPRESENTATION_CONTEXT() REPRESENTATION_CONTEXT('2D SPACE',''
  ) );
#6955 = ADVANCED_FACE('',(#6956),#6762,.F.);
#6956 = FACE_BOUND('',#6957,.F.);
#6957 = EDGE_LOOP('',(#6958,#6979,#6980,#7001));
#6958 = ORIENTED_EDGE('',*,*,#6959,.F.);
#6959 = EDGE_CURVE('',#6740,#6860,#6960,.T.);
#6960 = SURFACE_CURVE('',#6961,(#6965,#6972),.PCURVE_S1.);
#6961 = LINE('',#6962,#6963);
#6962 = CARTESIAN_POINT('',(8.58,3.5,0.));
#6963 = VECTOR('',#6964,1.);
#6964 = DIRECTION('',(1.,0.,0.));
#6965 = PCURVE('',#6762,#6966);
#6966 = DEFINITIONAL_REPRESENTATION('',(#6967),#6971);
#6967 = LINE('',#6968,#6969);
#6968 = CARTESIAN_POINT('',(0.,0.));
#6969 = VECTOR('',#6970,1.);
#6970 = DIRECTION('',(0.,1.));
#6971 = ( GEOMETRIC_REPRESENTATION_CONTEXT(2) 
PARAMETRIC_REPRESENTATION_CONTEXT() REPRESENTATION_CONTEXT('2D SPACE',''
  ) );
#6972 = PCURVE('',#6790,#6973);
#6973 = DEFINITIONAL_REPRESENTATION('',(#6974),#6978);
#6974 = LINE('',#6975,#6976);
#6975 = CARTESIAN_POINT('',(0.,0.));
#6976 = VECTOR('',#6977,1.);
#6977 = DIRECTION('',(1.,0.));
#6978 = ( GEOMETRIC_REPRESENTATION_CONTEXT(2) 
PARAMETRIC_REPRESENTATION_CONTEXT() REPRESENTATION_CONTEXT('2D SPACE',''
  ) );
#6979 = ORIENTED_EDGE('',*,*,#6739,.T.);
#6980 = ORIENTED_EDGE('',*,*,#6981,.T.);
#6981 = EDGE_CURVE('',#6742,#6862,#6982,.T.);
#6982 = SURFACE_CURVE('',#6983,(#6987,#6994),.PCURVE_S1.);
#6983 = LINE('',#6984,#6985);
#6984 = CARTESIAN_POINT('',(8.58,3.5,4.5));
#6985 = VECTOR('',#6986,1.);
#6986 = DIRECTION('',(1.,0.,0.));
#6987 = PCURVE('',#6762,#6988);
#6988 = DEFINITIONAL_REPRESENTATION('',(#6989),#6993);
#6989 = LINE('',#6990,#6991);
#6990 = CARTESIAN_POINT('',(4.5,0.));
#6991 = VECTOR('',#6992,1.);
#6992 = DIRECTION('',(0.,1.));
#6993 = ( GEOMETRIC_REPRESENTATION_CONTEXT(2) 
PARAMETRIC_REPRESENTATION_CONTEXT() REPRESENTATION_CONTEXT('2D SPACE',''
  ) );
#6994 = PCURVE('',#6844,#6995);
#6995 = DEFINITIONAL_REPRESENTATION('',(#6996),#7000);
#6996 = LINE('',#6997,#6998);
#6997 = CARTESIAN_POINT('',(0.,0.));
#6998 = VECTOR('',#6999,1.);
#6999 = DIRECTION('',(1.,0.));
#7000 = ( GEOMETRIC_REPRESENTATION_CONTEXT(2) 
PARAMETRIC_REPRESENTATION_CONTEXT() REPRESENTATION_CONTEXT('2D SPACE',''
  ) );
#7001 = ORIENTED_EDGE('',*,*,#6859,.F.);
#7002 = ADVANCED_FACE('',(#7003),#6818,.T.);
#7003 = FACE_BOUND('',#7004,.T.);
#7004 = EDGE_LOOP('',(#7005,#7026,#7027,#7048));
#7005 = ORIENTED_EDGE('',*,*,#7006,.F.);
#7006 = EDGE_CURVE('',#6775,#6890,#7007,.T.);
#7007 = SURFACE_CURVE('',#7008,(#7012,#7019),.PCURVE_S1.);
#7008 = LINE('',#7009,#7010);
#7009 = CARTESIAN_POINT('',(8.58,4.12,0.));
#7010 = VECTOR('',#7011,1.);
#7011 = DIRECTION('',(1.,0.,0.));
#7012 = PCURVE('',#6818,#7013);
#7013 = DEFINITIONAL_REPRESENTATION('',(#7014),#7018);
#7014 = LINE('',#7015,#7016);
#7015 = CARTESIAN_POINT('',(0.,0.));
#7016 = VECTOR('',#7017,1.);
#7017 = DIRECTION('',(0.,1.));
#7018 = ( GEOMETRIC_REPRESENTATION_CONTEXT(2) 
PARAMETRIC_REPRESENTATION_CONTEXT() REPRESENTATION_CONTEXT('2D SPACE',''
  ) );
#7019 = PCURVE('',#6790,#7020);
#7020 = DEFINITIONAL_REPRESENTATION('',(#7021),#7025);
#7021 = LINE('',#7022,#7023);
#7022 = CARTESIAN_POINT('',(0.,0.62));
#7023 = VECTOR('',#7024,1.);
#7024 = DIRECTION('',(1.,0.));
#7025 = ( GEOMETRIC_REPRESENTATION_CONTEXT(2) 
PARAMETRIC_REPRESENTATION_CONTEXT() REPRESENTATION_CONTEXT('2D SPACE',''
  ) );
#7026 = ORIENTED_EDGE('',*,*,#6802,.T.);
#7027 = ORIENTED_EDGE('',*,*,#7028,.T.);
#7028 = EDGE_CURVE('',#6803,#6913,#7029,.T.);
#7029 = SURFACE_CURVE('',#7030,(#7034,#7041),.PCURVE_S1.);
#7030 = LINE('',#7031,#7032);
#7031 = CARTESIAN_POINT('',(8.58,4.12,4.5));
#7032 = VECTOR('',#7033,1.);
#7033 = DIRECTION('',(1.,0.,0.));
#7034 = PCURVE('',#6818,#7035);
#7035 = DEFINITIONAL_REPRESENTATION('',(#7036),#7040);
#7036 = LINE('',#7037,#7038);
#7037 = CARTESIAN_POINT('',(4.5,0.));
#7038 = VECTOR('',#7039,1.);
#7039 = DIRECTION('',(0.,1.));
#7040 = ( GEOMETRIC_REPRESENTATION_CONTEXT(2) 
PARAMETRIC_REPRESENTATION_CONTEXT() REPRESENTATION_CONTEXT('2D SPACE',''
  ) );
#7041 = PCURVE('',#6844,#7042);
#7042 = DEFINITIONAL_REPRESENTATION('',(#7043),#7047);
#7043 = LINE('',#7044,#7045);
#7044 = CARTESIAN_POINT('',(0.,0.62));
#7045 = VECTOR('',#7046,1.);
#7046 = DIRECTION('',(1.,0.));
#7047 = ( GEOMETRIC_REPRESENTATION_CONTEXT(2) 
PARAMETRIC_REPRESENTATION_CONTEXT() REPRESENTATION_CONTEXT('2D SPACE',''
  ) );
#7048 = ORIENTED_EDGE('',*,*,#6912,.F.);
#7049 = ADVANCED_FACE('',(#7050),#6790,.F.);
#7050 = FACE_BOUND('',#7051,.F.);
#7051 = EDGE_LOOP('',(#7052,#7053,#7054,#7055));
#7052 = ORIENTED_EDGE('',*,*,#6774,.F.);
#7053 = ORIENTED_EDGE('',*,*,#6959,.T.);
#7054 = ORIENTED_EDGE('',*,*,#6889,.T.);
#7055 = ORIENTED_EDGE('',*,*,#7006,.F.);
#7056 = ADVANCED_FACE('',(#7057),#6844,.T.);
#7057 = FACE_BOUND('',#7058,.T.);
#7058 = EDGE_LOOP('',(#7059,#7060,#7061,#7062));
#7059 = ORIENTED_EDGE('',*,*,#6830,.F.);
#7060 = ORIENTED_EDGE('',*,*,#6981,.T.);
#7061 = ORIENTED_EDGE('',*,*,#6935,.T.);
#7062 = ORIENTED_EDGE('',*,*,#7028,.F.);
#7063 = ( GEOMETRIC_REPRESENTATION_CONTEXT(3) 
GLOBAL_UNCERTAINTY_ASSIGNED_CONTEXT((#7067)) 
GLOBAL_UNIT_ASSIGNED_CONTEXT((#7064,#7065,#7066)) REPRESENTATION_CONTEXT
('Context #1','3D Context with UNIT and UNCERTAINTY') );
#7064 = ( LENGTH_UNIT() NAMED_UNIT(*) SI_UNIT(.MILLI.,.METRE.) );
#7065 = ( NAMED_UNIT(*) PLANE_ANGLE_UNIT() SI_UNIT($,.RADIAN.) );
#7066 = ( NAMED_UNIT(*) SI_UNIT($,.STERADIAN.) SOLID_ANGLE_UNIT() );
#7067 = UNCERTAINTY_MEASURE_WITH_UNIT(LENGTH_MEASURE(1.E-07),#7064,
  'distance_accuracy_value','confusion accuracy');
#7068 = CONTEXT_DEPENDENT_SHAPE_REPRESENTATION(#7069,#7071);
#7069 = ( REPRESENTATION_RELATIONSHIP('','',#6732,#10) 
REPRESENTATION_RELATIONSHIP_WITH_TRANSFORMATION(#7070) 
SHAPE_REPRESENTATION_RELATIONSHIP() );
#7070 = ITEM_DEFINED_TRANSFORMATION('','',#11,#79);
#7071 = PRODUCT_DEFINITION_SHAPE('Placement','Placement of an item',
  #7072);
#7072 = NEXT_ASSEMBLY_USAGE_OCCURRENCE('108','pin_right_4','',#5,#6727,$
  );
#7073 = PRODUCT_RELATED_PRODUCT_CATEGORY('part',$,(#6729));
#7074 = SHAPE_DEFINITION_REPRESENTATION(#7075,#7081);
#7075 = PRODUCT_DEFINITION_SHAPE('','',#7076);
#7076 = PRODUCT_DEFINITION('design','',#7077,#7080);
#7077 = PRODUCT_DEFINITION_FORMATION('','',#7078);
#7078 = PRODUCT('pin_right_5','pin_right_5','',(#7079));
#7079 = PRODUCT_CONTEXT('',#2,'mechanical');
#7080 = PRODUCT_DEFINITION_CONTEXT('part definition',#2,'design');
#7081 = ADVANCED_BREP_SHAPE_REPRESENTATION('',(#11,#7082),#7412);
#7082 = MANIFOLD_SOLID_BREP('',#7083);
#7083 = CLOSED_SHELL('',(#7084,#7204,#7304,#7351,#7398,#7405));
#7084 = ADVANCED_FACE('',(#7085),#7099,.F.);
#7085 = FACE_BOUND('',#7086,.F.);
#7086 = EDGE_LOOP('',(#7087,#7122,#7150,#7178));
#7087 = ORIENTED_EDGE('',*,*,#7088,.F.);
#7088 = EDGE_CURVE('',#7089,#7091,#7093,.T.);
#7089 = VERTEX_POINT('',#7090);
#7090 = CARTESIAN_POINT('',(8.58,0.96,0.));
#7091 = VERTEX_POINT('',#7092);
#7092 = CARTESIAN_POINT('',(8.58,0.96,4.5));
#7093 = SURFACE_CURVE('',#7094,(#7098,#7110),.PCURVE_S1.);
#7094 = LINE('',#7095,#7096);
#7095 = CARTESIAN_POINT('',(8.58,0.96,0.));
#7096 = VECTOR('',#7097,1.);
#7097 = DIRECTION('',(0.,0.,1.));
#7098 = PCURVE('',#7099,#7104);
#7099 = PLANE('',#7100);
#7100 = AXIS2_PLACEMENT_3D('',#7101,#7102,#7103);
#7101 = CARTESIAN_POINT('',(8.58,0.96,0.));
#7102 = DIRECTION('',(1.,0.,0.));
#7103 = DIRECTION('',(0.,0.,1.));
#7104 = DEFINITIONAL_REPRESENTATION('',(#7105),#7109);
#7105 = LINE('',#7106,#7107);
#7106 = CARTESIAN_POINT('',(0.,0.));
#7107 = VECTOR('',#7108,1.);
#7108 = DIRECTION('',(1.,0.));
#7109 = ( GEOMETRIC_REPRESENTATION_CONTEXT(2) 
PARAMETRIC_REPRESENTATION_CONTEXT() REPRESENTATION_CONTEXT('2D SPACE',''
  ) );
#7110 = PCURVE('',#7111,#7116);
#7111 = PLANE('',#7112);
#7112 = AXIS2_PLACEMENT_3D('',#7113,#7114,#7115);
#7113 = CARTESIAN_POINT('',(8.58,0.96,0.));
#7114 = DIRECTION('',(0.,1.,0.));
#7115 = DIRECTION('',(0.,0.,1.));
#7116 = DEFINITIONAL_REPRESENTATION('',(#7117),#7121);
#7117 = LINE('',#7118,#7119);
#7118 = CARTESIAN_POINT('',(0.,0.));
#7119 = VECTOR('',#7120,1.);
#7120 = DIRECTION('',(1.,0.));
#7121 = ( GEOMETRIC_REPRESENTATION_CONTEXT(2) 
PARAMETRIC_REPRESENTATION_CONTEXT() REPRESENTATION_CONTEXT('2D SPACE',''
  ) );
#7122 = ORIENTED_EDGE('',*,*,#7123,.T.);
#7123 = EDGE_CURVE('',#7089,#7124,#7126,.T.);
#7124 = VERTEX_POINT('',#7125);
#7125 = CARTESIAN_POINT('',(8.58,1.58,0.));
#7126 = SURFACE_CURVE('',#7127,(#7131,#7138),.PCURVE_S1.);
#7127 = LINE('',#7128,#7129);
#7128 = CARTESIAN_POINT('',(8.58,0.96,0.));
#7129 = VECTOR('',#7130,1.);
#7130 = DIRECTION('',(0.,1.,0.));
#7131 = PCURVE('',#7099,#7132);
#7132 = DEFINITIONAL_REPRESENTATION('',(#7133),#7137);
#7133 = LINE('',#7134,#7135);
#7134 = CARTESIAN_POINT('',(0.,0.));
#7135 = VECTOR('',#7136,1.);
#7136 = DIRECTION('',(0.,-1.));
#7137 = ( GEOMETRIC_REPRESENTATION_CONTEXT(2) 
PARAMETRIC_REPRESENTATION_CONTEXT() REPRESENTATION_CONTEXT('2D SPACE',''
  ) );
#7138 = PCURVE('',#7139,#7144);
#7139 = PLANE('',#7140);
#7140 = AXIS2_PLACEMENT_3D('',#7141,#7142,#7143);
#7141 = CARTESIAN_POINT('',(8.58,0.96,0.));
#7142 = DIRECTION('',(0.,0.,1.));
#7143 = DIRECTION('',(1.,0.,0.));
#7144 = DEFINITIONAL_REPRESENTATION('',(#7145),#7149);
#7145 = LINE('',#7146,#7147);
#7146 = CARTESIAN_POINT('',(0.,0.));
#7147 = VECTOR('',#7148,1.);
#7148 = DIRECTION('',(0.,1.));
#7149 = ( GEOMETRIC_REPRESENTATION_CONTEXT(2) 
PARAMETRIC_REPRESENTATION_CONTEXT() REPRESENTATION_CONTEXT('2D SPACE',''
  ) );
#7150 = ORIENTED_EDGE('',*,*,#7151,.T.);
#7151 = EDGE_CURVE('',#7124,#7152,#7154,.T.);
#7152 = VERTEX_POINT('',#7153);
#7153 = CARTESIAN_POINT('',(8.58,1.58,4.5));
#7154 = SURFACE_CURVE('',#7155,(#7159,#7166),.PCURVE_S1.);
#7155 = LINE('',#7156,#7157);
#7156 = CARTESIAN_POINT('',(8.58,1.58,0.));
#7157 = VECTOR('',#7158,1.);
#7158 = DIRECTION('',(0.,0.,1.));
#7159 = PCURVE('',#7099,#7160);
#7160 = DEFINITIONAL_REPRESENTATION('',(#7161),#7165);
#7161 = LINE('',#7162,#7163);
#7162 = CARTESIAN_POINT('',(0.,-0.62));
#7163 = VECTOR('',#7164,1.);
#7164 = DIRECTION('',(1.,0.));
#7165 = ( GEOMETRIC_REPRESENTATION_CONTEXT(2) 
PARAMETRIC_REPRESENTATION_CONTEXT() REPRESENTATION_CONTEXT('2D SPACE',''
  ) );
#7166 = PCURVE('',#7167,#7172);
#7167 = PLANE('',#7168);
#7168 = AXIS2_PLACEMENT_3D('',#7169,#7170,#7171);
#7169 = CARTESIAN_POINT('',(8.58,1.58,0.));
#7170 = DIRECTION('',(0.,1.,0.));
#7171 = DIRECTION('',(0.,0.,1.));
#7172 = DEFINITIONAL_REPRESENTATION('',(#7173),#7177);
#7173 = LINE('',#7174,#7175);
#7174 = CARTESIAN_POINT('',(0.,0.));
#7175 = VECTOR('',#7176,1.);
#7176 = DIRECTION('',(1.,0.));
#7177 = ( GEOMETRIC_REPRESENTATION_CONTEXT(2) 
PARAMETRIC_REPRESENTATION_CONTEXT() REPRESENTATION_CONTEXT('2D SPACE',''
  ) );
#7178 = ORIENTED_EDGE('',*,*,#7179,.F.);
#7179 = EDGE_CURVE('',#7091,#7152,#7180,.T.);
#7180 = SURFACE_CURVE('',#7181,(#7185,#7192),.PCURVE_S1.);
#7181 = LINE('',#7182,#7183);
#7182 = CARTESIAN_POINT('',(8.58,0.96,4.5));
#7183 = VECTOR('',#7184,1.);
#7184 = DIRECTION('',(0.,1.,0.));
#7185 = PCURVE('',#7099,#7186);
#7186 = DEFINITIONAL_REPRESENTATION('',(#7187),#7191);
#7187 = LINE('',#7188,#7189);
#7188 = CARTESIAN_POINT('',(4.5,0.));
#7189 = VECTOR('',#7190,1.);
#7190 = DIRECTION('',(0.,-1.));
#7191 = ( GEOMETRIC_REPRESENTATION_CONTEXT(2) 
PARAMETRIC_REPRESENTATION_CONTEXT() REPRESENTATION_CONTEXT('2D SPACE',''
  ) );
#7192 = PCURVE('',#7193,#7198);
#7193 = PLANE('',#7194);
#7194 = AXIS2_PLACEMENT_3D('',#7195,#7196,#7197);
#7195 = CARTESIAN_POINT('',(8.58,0.96,4.5));
#7196 = DIRECTION('',(0.,0.,1.));
#7197 = DIRECTION('',(1.,0.,0.));
#7198 = DEFINITIONAL_REPRESENTATION('',(#7199),#7203);
#7199 = LINE('',#7200,#7201);
#7200 = CARTESIAN_POINT('',(0.,0.));
#7201 = VECTOR('',#7202,1.);
#7202 = DIRECTION('',(0.,1.));
#7203 = ( GEOMETRIC_REPRESENTATION_CONTEXT(2) 
PARAMETRIC_REPRESENTATION_CONTEXT() REPRESENTATION_CONTEXT('2D SPACE',''
  ) );
#7204 = ADVANCED_FACE('',(#7205),#7219,.T.);
#7205 = FACE_BOUND('',#7206,.T.);
#7206 = EDGE_LOOP('',(#7207,#7237,#7260,#7283));
#7207 = ORIENTED_EDGE('',*,*,#7208,.F.);
#7208 = EDGE_CURVE('',#7209,#7211,#7213,.T.);
#7209 = VERTEX_POINT('',#7210);
#7210 = CARTESIAN_POINT('',(9.2,0.96,0.));
#7211 = VERTEX_POINT('',#7212);
#7212 = CARTESIAN_POINT('',(9.2,0.96,4.5));
#7213 = SURFACE_CURVE('',#7214,(#7218,#7230),.PCURVE_S1.);
#7214 = LINE('',#7215,#7216);
#7215 = CARTESIAN_POINT('',(9.2,0.96,0.));
#7216 = VECTOR('',#7217,1.);
#7217 = DIRECTION('',(0.,0.,1.));
#7218 = PCURVE('',#7219,#7224);
#7219 = PLANE('',#7220);
#7220 = AXIS2_PLACEMENT_3D('',#7221,#7222,#7223);
#7221 = CARTESIAN_POINT('',(9.2,0.96,0.));
#7222 = DIRECTION('',(1.,0.,0.));
#7223 = DIRECTION('',(0.,0.,1.));
#7224 = DEFINITIONAL_REPRESENTATION('',(#7225),#7229);
#7225 = LINE('',#7226,#7227);
#7226 = CARTESIAN_POINT('',(0.,0.));
#7227 = VECTOR('',#7228,1.);
#7228 = DIRECTION('',(1.,0.));
#7229 = ( GEOMETRIC_REPRESENTATION_CONTEXT(2) 
PARAMETRIC_REPRESENTATION_CONTEXT() REPRESENTATION_CONTEXT('2D SPACE',''
  ) );
#7230 = PCURVE('',#7111,#7231);
#7231 = DEFINITIONAL_REPRESENTATION('',(#7232),#7236);
#7232 = LINE('',#7233,#7234);
#7233 = CARTESIAN_POINT('',(0.,0.62));
#7234 = VECTOR('',#7235,1.);
#7235 = DIRECTION('',(1.,0.));
#7236 = ( GEOMETRIC_REPRESENTATION_CONTEXT(2) 
PARAMETRIC_REPRESENTATION_CONTEXT() REPRESENTATION_CONTEXT('2D SPACE',''
  ) );
#7237 = ORIENTED_EDGE('',*,*,#7238,.T.);
#7238 = EDGE_CURVE('',#7209,#7239,#7241,.T.);
#7239 = VERTEX_POINT('',#7240);
#7240 = CARTESIAN_POINT('',(9.2,1.58,0.));
#7241 = SURFACE_CURVE('',#7242,(#7246,#7253),.PCURVE_S1.);
#7242 = LINE('',#7243,#7244);
#7243 = CARTESIAN_POINT('',(9.2,0.96,0.));
#7244 = VECTOR('',#7245,1.);
#7245 = DIRECTION('',(0.,1.,0.));
#7246 = PCURVE('',#7219,#7247);
#7247 = DEFINITIONAL_REPRESENTATION('',(#7248),#7252);
#7248 = LINE('',#7249,#7250);
#7249 = CARTESIAN_POINT('',(0.,0.));
#7250 = VECTOR('',#7251,1.);
#7251 = DIRECTION('',(0.,-1.));
#7252 = ( GEOMETRIC_REPRESENTATION_CONTEXT(2) 
PARAMETRIC_REPRESENTATION_CONTEXT() REPRESENTATION_CONTEXT('2D SPACE',''
  ) );
#7253 = PCURVE('',#7139,#7254);
#7254 = DEFINITIONAL_REPRESENTATION('',(#7255),#7259);
#7255 = LINE('',#7256,#7257);
#7256 = CARTESIAN_POINT('',(0.62,0.));
#7257 = VECTOR('',#7258,1.);
#7258 = DIRECTION('',(0.,1.));
#7259 = ( GEOMETRIC_REPRESENTATION_CONTEXT(2) 
PARAMETRIC_REPRESENTATION_CONTEXT() REPRESENTATION_CONTEXT('2D SPACE',''
  ) );
#7260 = ORIENTED_EDGE('',*,*,#7261,.T.);
#7261 = EDGE_CURVE('',#7239,#7262,#7264,.T.);
#7262 = VERTEX_POINT('',#7263);
#7263 = CARTESIAN_POINT('',(9.2,1.58,4.5));
#7264 = SURFACE_CURVE('',#7265,(#7269,#7276),.PCURVE_S1.);
#7265 = LINE('',#7266,#7267);
#7266 = CARTESIAN_POINT('',(9.2,1.58,0.));
#7267 = VECTOR('',#7268,1.);
#7268 = DIRECTION('',(0.,0.,1.));
#7269 = PCURVE('',#7219,#7270);
#7270 = DEFINITIONAL_REPRESENTATION('',(#7271),#7275);
#7271 = LINE('',#7272,#7273);
#7272 = CARTESIAN_POINT('',(0.,-0.62));
#7273 = VECTOR('',#7274,1.);
#7274 = DIRECTION('',(1.,0.));
#7275 = ( GEOMETRIC_REPRESENTATION_CONTEXT(2) 
PARAMETRIC_REPRESENTATION_CONTEXT() REPRESENTATION_CONTEXT('2D SPACE',''
  ) );
#7276 = PCURVE('',#7167,#7277);
#7277 = DEFINITIONAL_REPRESENTATION('',(#7278),#7282);
#7278 = LINE('',#7279,#7280);
#7279 = CARTESIAN_POINT('',(0.,0.62));
#7280 = VECTOR('',#7281,1.);
#7281 = DIRECTION('',(1.,0.));
#7282 = ( GEOMETRIC_REPRESENTATION_CONTEXT(2) 
PARAMETRIC_REPRESENTATION_CONTEXT() REPRESENTATION_CONTEXT('2D SPACE',''
  ) );
#7283 = ORIENTED_EDGE('',*,*,#7284,.F.);
#7284 = EDGE_CURVE('',#7211,#7262,#7285,.T.);
#7285 = SURFACE_CURVE('',#7286,(#7290,#7297),.PCURVE_S1.);
#7286 = LINE('',#7287,#7288);
#7287 = CARTESIAN_POINT('',(9.2,0.96,4.5));
#7288 = VECTOR('',#7289,1.);
#7289 = DIRECTION('',(0.,1.,0.));
#7290 = PCURVE('',#7219,#7291);
#7291 = DEFINITIONAL_REPRESENTATION('',(#7292),#7296);
#7292 = LINE('',#7293,#7294);
#7293 = CARTESIAN_POINT('',(4.5,0.));
#7294 = VECTOR('',#7295,1.);
#7295 = DIRECTION('',(0.,-1.));
#7296 = ( GEOMETRIC_REPRESENTATION_CONTEXT(2) 
PARAMETRIC_REPRESENTATION_CONTEXT() REPRESENTATION_CONTEXT('2D SPACE',''
  ) );
#7297 = PCURVE('',#7193,#7298);
#7298 = DEFINITIONAL_REPRESENTATION('',(#7299),#7303);
#7299 = LINE('',#7300,#7301);
#7300 = CARTESIAN_POINT('',(0.62,0.));
#7301 = VECTOR('',#7302,1.);
#7302 = DIRECTION('',(0.,1.));
#7303 = ( GEOMETRIC_REPRESENTATION_CONTEXT(2) 
PARAMETRIC_REPRESENTATION_CONTEXT() REPRESENTATION_CONTEXT('2D SPACE',''
  ) );
#7304 = ADVANCED_FACE('',(#7305),#7111,.F.);
#7305 = FACE_BOUND('',#7306,.F.);
#7306 = EDGE_LOOP('',(#7307,#7328,#7329,#7350));
#7307 = ORIENTED_EDGE('',*,*,#7308,.F.);
#7308 = EDGE_CURVE('',#7089,#7209,#7309,.T.);
#7309 = SURFACE_CURVE('',#7310,(#7314,#7321),.PCURVE_S1.);
#7310 = LINE('',#7311,#7312);
#7311 = CARTESIAN_POINT('',(8.58,0.96,0.));
#7312 = VECTOR('',#7313,1.);
#7313 = DIRECTION('',(1.,0.,0.));
#7314 = PCURVE('',#7111,#7315);
#7315 = DEFINITIONAL_REPRESENTATION('',(#7316),#7320);
#7316 = LINE('',#7317,#7318);
#7317 = CARTESIAN_POINT('',(0.,0.));
#7318 = VECTOR('',#7319,1.);
#7319 = DIRECTION('',(0.,1.));
#7320 = ( GEOMETRIC_REPRESENTATION_CONTEXT(2) 
PARAMETRIC_REPRESENTATION_CONTEXT() REPRESENTATION_CONTEXT('2D SPACE',''
  ) );
#7321 = PCURVE('',#7139,#7322);
#7322 = DEFINITIONAL_REPRESENTATION('',(#7323),#7327);
#7323 = LINE('',#7324,#7325);
#7324 = CARTESIAN_POINT('',(0.,0.));
#7325 = VECTOR('',#7326,1.);
#7326 = DIRECTION('',(1.,0.));
#7327 = ( GEOMETRIC_REPRESENTATION_CONTEXT(2) 
PARAMETRIC_REPRESENTATION_CONTEXT() REPRESENTATION_CONTEXT('2D SPACE',''
  ) );
#7328 = ORIENTED_EDGE('',*,*,#7088,.T.);
#7329 = ORIENTED_EDGE('',*,*,#7330,.T.);
#7330 = EDGE_CURVE('',#7091,#7211,#7331,.T.);
#7331 = SURFACE_CURVE('',#7332,(#7336,#7343),.PCURVE_S1.);
#7332 = LINE('',#7333,#7334);
#7333 = CARTESIAN_POINT('',(8.58,0.96,4.5));
#7334 = VECTOR('',#7335,1.);
#7335 = DIRECTION('',(1.,0.,0.));
#7336 = PCURVE('',#7111,#7337);
#7337 = DEFINITIONAL_REPRESENTATION('',(#7338),#7342);
#7338 = LINE('',#7339,#7340);
#7339 = CARTESIAN_POINT('',(4.5,0.));
#7340 = VECTOR('',#7341,1.);
#7341 = DIRECTION('',(0.,1.));
#7342 = ( GEOMETRIC_REPRESENTATION_CONTEXT(2) 
PARAMETRIC_REPRESENTATION_CONTEXT() REPRESENTATION_CONTEXT('2D SPACE',''
  ) );
#7343 = PCURVE('',#7193,#7344);
#7344 = DEFINITIONAL_REPRESENTATION('',(#7345),#7349);
#7345 = LINE('',#7346,#7347);
#7346 = CARTESIAN_POINT('',(0.,0.));
#7347 = VECTOR('',#7348,1.);
#7348 = DIRECTION('',(1.,0.));
#7349 = ( GEOMETRIC_REPRESENTATION_CONTEXT(2) 
PARAMETRIC_REPRESENTATION_CONTEXT() REPRESENTATION_CONTEXT('2D SPACE',''
  ) );
#7350 = ORIENTED_EDGE('',*,*,#7208,.F.);
#7351 = ADVANCED_FACE('',(#7352),#7167,.T.);
#7352 = FACE_BOUND('',#7353,.T.);
#7353 = EDGE_LOOP('',(#7354,#7375,#7376,#7397));
#7354 = ORIENTED_EDGE('',*,*,#7355,.F.);
#7355 = EDGE_CURVE('',#7124,#7239,#7356,.T.);
#7356 = SURFACE_CURVE('',#7357,(#7361,#7368),.PCURVE_S1.);
#7357 = LINE('',#7358,#7359);
#7358 = CARTESIAN_POINT('',(8.58,1.58,0.));
#7359 = VECTOR('',#7360,1.);
#7360 = DIRECTION('',(1.,0.,0.));
#7361 = PCURVE('',#7167,#7362);
#7362 = DEFINITIONAL_REPRESENTATION('',(#7363),#7367);
#7363 = LINE('',#7364,#7365);
#7364 = CARTESIAN_POINT('',(0.,0.));
#7365 = VECTOR('',#7366,1.);
#7366 = DIRECTION('',(0.,1.));
#7367 = ( GEOMETRIC_REPRESENTATION_CONTEXT(2) 
PARAMETRIC_REPRESENTATION_CONTEXT() REPRESENTATION_CONTEXT('2D SPACE',''
  ) );
#7368 = PCURVE('',#7139,#7369);
#7369 = DEFINITIONAL_REPRESENTATION('',(#7370),#7374);
#7370 = LINE('',#7371,#7372);
#7371 = CARTESIAN_POINT('',(0.,0.62));
#7372 = VECTOR('',#7373,1.);
#7373 = DIRECTION('',(1.,0.));
#7374 = ( GEOMETRIC_REPRESENTATION_CONTEXT(2) 
PARAMETRIC_REPRESENTATION_CONTEXT() REPRESENTATION_CONTEXT('2D SPACE',''
  ) );
#7375 = ORIENTED_EDGE('',*,*,#7151,.T.);
#7376 = ORIENTED_EDGE('',*,*,#7377,.T.);
#7377 = EDGE_CURVE('',#7152,#7262,#7378,.T.);
#7378 = SURFACE_CURVE('',#7379,(#7383,#7390),.PCURVE_S1.);
#7379 = LINE('',#7380,#7381);
#7380 = CARTESIAN_POINT('',(8.58,1.58,4.5));
#7381 = VECTOR('',#7382,1.);
#7382 = DIRECTION('',(1.,0.,0.));
#7383 = PCURVE('',#7167,#7384);
#7384 = DEFINITIONAL_REPRESENTATION('',(#7385),#7389);
#7385 = LINE('',#7386,#7387);
#7386 = CARTESIAN_POINT('',(4.5,0.));
#7387 = VECTOR('',#7388,1.);
#7388 = DIRECTION('',(0.,1.));
#7389 = ( GEOMETRIC_REPRESENTATION_CONTEXT(2) 
PARAMETRIC_REPRESENTATION_CONTEXT() REPRESENTATION_CONTEXT('2D SPACE',''
  ) );
#7390 = PCURVE('',#7193,#7391);
#7391 = DEFINITIONAL_REPRESENTATION('',(#7392),#7396);
#7392 = LINE('',#7393,#7394);
#7393 = CARTESIAN_POINT('',(0.,0.62));
#7394 = VECTOR('',#7395,1.);
#7395 = DIRECTION('',(1.,0.));
#7396 = ( GEOMETRIC_REPRESENTATION_CONTEXT(2) 
PARAMETRIC_REPRESENTATION_CONTEXT() REPRESENTATION_CONTEXT('2D SPACE',''
  ) );
#7397 = ORIENTED_EDGE('',*,*,#7261,.F.);
#7398 = ADVANCED_FACE('',(#7399),#7139,.F.);
#7399 = FACE_BOUND('',#7400,.F.);
#7400 = EDGE_LOOP('',(#7401,#7402,#7403,#7404));
#7401 = ORIENTED_EDGE('',*,*,#7123,.F.);
#7402 = ORIENTED_EDGE('',*,*,#7308,.T.);
#7403 = ORIENTED_EDGE('',*,*,#7238,.T.);
#7404 = ORIENTED_EDGE('',*,*,#7355,.F.);
#7405 = ADVANCED_FACE('',(#7406),#7193,.T.);
#7406 = FACE_BOUND('',#7407,.T.);
#7407 = EDGE_LOOP('',(#7408,#7409,#7410,#7411));
#7408 = ORIENTED_EDGE('',*,*,#7179,.F.);
#7409 = ORIENTED_EDGE('',*,*,#7330,.T.);
#7410 = ORIENTED_EDGE('',*,*,#7284,.T.);
#7411 = ORIENTED_EDGE('',*,*,#7377,.F.);
#7412 = ( GEOMETRIC_REPRESENTATION_CONTEXT(3) 
GLOBAL_UNCERTAINTY_ASSIGNED_CONTEXT((#7416)) 
GLOBAL_UNIT_ASSIGNED_CONTEXT((#7413,#7414,#7415)) REPRESENTATION_CONTEXT
('Context #1','3D Context with UNIT and UNCERTAINTY') );
#7413 = ( LENGTH_UNIT() NAMED_UNIT(*) SI_UNIT(.MILLI.,.METRE.) );
#7414 = ( NAMED_UNIT(*) PLANE_ANGLE_UNIT() SI_UNIT($,.RADIAN.) );
#7415 = ( NAMED_UNIT(*) SI_UNIT($,.STERADIAN.) SOLID_ANGLE_UNIT() );
#7416 = UNCERTAINTY_MEASURE_WITH_UNIT(LENGTH_MEASURE(1.E-07),#7413,
  'distance_accuracy_value','confusion accuracy');
#7417 = CONTEXT_DEPENDENT_SHAPE_REPRESENTATION(#7418,#7420);
#7418 = ( REPRESENTATION_RELATIONSHIP('','',#7081,#10) 
REPRESENTATION_RELATIONSHIP_WITH_TRANSFORMATION(#7419) 
SHAPE_REPRESENTATION_RELATIONSHIP() );
#7419 = ITEM_DEFINED_TRANSFORMATION('','',#11,#83);
#7420 = PRODUCT_DEFINITION_SHAPE('Placement','Placement of an item',
  #7421);
#7421 = NEXT_ASSEMBLY_USAGE_OCCURRENCE('109','pin_right_5','',#5,#7076,$
  );
#7422 = PRODUCT_RELATED_PRODUCT_CATEGORY('part',$,(#7078));
#7423 = SHAPE_DEFINITION_REPRESENTATION(#7424,#7430);
#7424 = PRODUCT_DEFINITION_SHAPE('','',#7425);
#7425 = PRODUCT_DEFINITION('design','',#7426,#7429);
#7426 = PRODUCT_DEFINITION_FORMATION('','',#7427);
#7427 = PRODUCT('pin_right_6','pin_right_6','',(#7428));
#7428 = PRODUCT_CONTEXT('',#2,'mechanical');
#7429 = PRODUCT_DEFINITION_CONTEXT('part definition',#2,'design');
#7430 = ADVANCED_BREP_SHAPE_REPRESENTATION('',(#11,#7431),#7761);
#7431 = MANIFOLD_SOLID_BREP('',#7432);
#7432 = CLOSED_SHELL('',(#7433,#7553,#7653,#7700,#7747,#7754));
#7433 = ADVANCED_FACE('',(#7434),#7448,.F.);
#7434 = FACE_BOUND('',#7435,.F.);
#7435 = EDGE_LOOP('',(#7436,#7471,#7499,#7527));
#7436 = ORIENTED_EDGE('',*,*,#7437,.F.);
#7437 = EDGE_CURVE('',#7438,#7440,#7442,.T.);
#7438 = VERTEX_POINT('',#7439);
#7439 = CARTESIAN_POINT('',(8.58,-1.58,0.));
#7440 = VERTEX_POINT('',#7441);
#7441 = CARTESIAN_POINT('',(8.58,-1.58,4.5));
#7442 = SURFACE_CURVE('',#7443,(#7447,#7459),.PCURVE_S1.);
#7443 = LINE('',#7444,#7445);
#7444 = CARTESIAN_POINT('',(8.58,-1.58,0.));
#7445 = VECTOR('',#7446,1.);
#7446 = DIRECTION('',(0.,0.,1.));
#7447 = PCURVE('',#7448,#7453);
#7448 = PLANE('',#7449);
#7449 = AXIS2_PLACEMENT_3D('',#7450,#7451,#7452);
#7450 = CARTESIAN_POINT('',(8.58,-1.58,0.));
#7451 = DIRECTION('',(1.,0.,0.));
#7452 = DIRECTION('',(0.,0.,1.));
#7453 = DEFINITIONAL_REPRESENTATION('',(#7454),#7458);
#7454 = LINE('',#7455,#7456);
#7455 = CARTESIAN_POINT('',(0.,0.));
#7456 = VECTOR('',#7457,1.);
#7457 = DIRECTION('',(1.,0.));
#7458 = ( GEOMETRIC_REPRESENTATION_CONTEXT(2) 
PARAMETRIC_REPRESENTATION_CONTEXT() REPRESENTATION_CONTEXT('2D SPACE',''
  ) );
#7459 = PCURVE('',#7460,#7465);
#7460 = PLANE('',#7461);
#7461 = AXIS2_PLACEMENT_3D('',#7462,#7463,#7464);
#7462 = CARTESIAN_POINT('',(8.58,-1.58,0.));
#7463 = DIRECTION('',(0.,1.,0.));
#7464 = DIRECTION('',(0.,0.,1.));
#7465 = DEFINITIONAL_REPRESENTATION('',(#7466),#7470);
#7466 = LINE('',#7467,#7468);
#7467 = CARTESIAN_POINT('',(0.,0.));
#7468 = VECTOR('',#7469,1.);
#7469 = DIRECTION('',(1.,0.));
#7470 = ( GEOMETRIC_REPRESENTATION_CONTEXT(2) 
PARAMETRIC_REPRESENTATION_CONTEXT() REPRESENTATION_CONTEXT('2D SPACE',''
  ) );
#7471 = ORIENTED_EDGE('',*,*,#7472,.T.);
#7472 = EDGE_CURVE('',#7438,#7473,#7475,.T.);
#7473 = VERTEX_POINT('',#7474);
#7474 = CARTESIAN_POINT('',(8.58,-0.96,0.));
#7475 = SURFACE_CURVE('',#7476,(#7480,#7487),.PCURVE_S1.);
#7476 = LINE('',#7477,#7478);
#7477 = CARTESIAN_POINT('',(8.58,-1.58,0.));
#7478 = VECTOR('',#7479,1.);
#7479 = DIRECTION('',(0.,1.,0.));
#7480 = PCURVE('',#7448,#7481);
#7481 = DEFINITIONAL_REPRESENTATION('',(#7482),#7486);
#7482 = LINE('',#7483,#7484);
#7483 = CARTESIAN_POINT('',(0.,0.));
#7484 = VECTOR('',#7485,1.);
#7485 = DIRECTION('',(0.,-1.));
#7486 = ( GEOMETRIC_REPRESENTATION_CONTEXT(2) 
PARAMETRIC_REPRESENTATION_CONTEXT() REPRESENTATION_CONTEXT('2D SPACE',''
  ) );
#7487 = PCURVE('',#7488,#7493);
#7488 = PLANE('',#7489);
#7489 = AXIS2_PLACEMENT_3D('',#7490,#7491,#7492);
#7490 = CARTESIAN_POINT('',(8.58,-1.58,0.));
#7491 = DIRECTION('',(0.,0.,1.));
#7492 = DIRECTION('',(1.,0.,0.));
#7493 = DEFINITIONAL_REPRESENTATION('',(#7494),#7498);
#7494 = LINE('',#7495,#7496);
#7495 = CARTESIAN_POINT('',(0.,0.));
#7496 = VECTOR('',#7497,1.);
#7497 = DIRECTION('',(0.,1.));
#7498 = ( GEOMETRIC_REPRESENTATION_CONTEXT(2) 
PARAMETRIC_REPRESENTATION_CONTEXT() REPRESENTATION_CONTEXT('2D SPACE',''
  ) );
#7499 = ORIENTED_EDGE('',*,*,#7500,.T.);
#7500 = EDGE_CURVE('',#7473,#7501,#7503,.T.);
#7501 = VERTEX_POINT('',#7502);
#7502 = CARTESIAN_POINT('',(8.58,-0.96,4.5));
#7503 = SURFACE_CURVE('',#7504,(#7508,#7515),.PCURVE_S1.);
#7504 = LINE('',#7505,#7506);
#7505 = CARTESIAN_POINT('',(8.58,-0.96,0.));
#7506 = VECTOR('',#7507,1.);
#7507 = DIRECTION('',(0.,0.,1.));
#7508 = PCURVE('',#7448,#7509);
#7509 = DEFINITIONAL_REPRESENTATION('',(#7510),#7514);
#7510 = LINE('',#7511,#7512);
#7511 = CARTESIAN_POINT('',(0.,-0.62));
#7512 = VECTOR('',#7513,1.);
#7513 = DIRECTION('',(1.,0.));
#7514 = ( GEOMETRIC_REPRESENTATION_CONTEXT(2) 
PARAMETRIC_REPRESENTATION_CONTEXT() REPRESENTATION_CONTEXT('2D SPACE',''
  ) );
#7515 = PCURVE('',#7516,#7521);
#7516 = PLANE('',#7517);
#7517 = AXIS2_PLACEMENT_3D('',#7518,#7519,#7520);
#7518 = CARTESIAN_POINT('',(8.58,-0.96,0.));
#7519 = DIRECTION('',(0.,1.,0.));
#7520 = DIRECTION('',(0.,0.,1.));
#7521 = DEFINITIONAL_REPRESENTATION('',(#7522),#7526);
#7522 = LINE('',#7523,#7524);
#7523 = CARTESIAN_POINT('',(0.,0.));
#7524 = VECTOR('',#7525,1.);
#7525 = DIRECTION('',(1.,0.));
#7526 = ( GEOMETRIC_REPRESENTATION_CONTEXT(2) 
PARAMETRIC_REPRESENTATION_CONTEXT() REPRESENTATION_CONTEXT('2D SPACE',''
  ) );
#7527 = ORIENTED_EDGE('',*,*,#7528,.F.);
#7528 = EDGE_CURVE('',#7440,#7501,#7529,.T.);
#7529 = SURFACE_CURVE('',#7530,(#7534,#7541),.PCURVE_S1.);
#7530 = LINE('',#7531,#7532);
#7531 = CARTESIAN_POINT('',(8.58,-1.58,4.5));
#7532 = VECTOR('',#7533,1.);
#7533 = DIRECTION('',(0.,1.,0.));
#7534 = PCURVE('',#7448,#7535);
#7535 = DEFINITIONAL_REPRESENTATION('',(#7536),#7540);
#7536 = LINE('',#7537,#7538);
#7537 = CARTESIAN_POINT('',(4.5,0.));
#7538 = VECTOR('',#7539,1.);
#7539 = DIRECTION('',(0.,-1.));
#7540 = ( GEOMETRIC_REPRESENTATION_CONTEXT(2) 
PARAMETRIC_REPRESENTATION_CONTEXT() REPRESENTATION_CONTEXT('2D SPACE',''
  ) );
#7541 = PCURVE('',#7542,#7547);
#7542 = PLANE('',#7543);
#7543 = AXIS2_PLACEMENT_3D('',#7544,#7545,#7546);
#7544 = CARTESIAN_POINT('',(8.58,-1.58,4.5));
#7545 = DIRECTION('',(0.,0.,1.));
#7546 = DIRECTION('',(1.,0.,0.));
#7547 = DEFINITIONAL_REPRESENTATION('',(#7548),#7552);
#7548 = LINE('',#7549,#7550);
#7549 = CARTESIAN_POINT('',(0.,0.));
#7550 = VECTOR('',#7551,1.);
#7551 = DIRECTION('',(0.,1.));
#7552 = ( GEOMETRIC_REPRESENTATION_CONTEXT(2) 
PARAMETRIC_REPRESENTATION_CONTEXT() REPRESENTATION_CONTEXT('2D SPACE',''
  ) );
#7553 = ADVANCED_FACE('',(#7554),#7568,.T.);
#7554 = FACE_BOUND('',#7555,.T.);
#7555 = EDGE_LOOP('',(#7556,#7586,#7609,#7632));
#7556 = ORIENTED_EDGE('',*,*,#7557,.F.);
#7557 = EDGE_CURVE('',#7558,#7560,#7562,.T.);
#7558 = VERTEX_POINT('',#7559);
#7559 = CARTESIAN_POINT('',(9.2,-1.58,0.));
#7560 = VERTEX_POINT('',#7561);
#7561 = CARTESIAN_POINT('',(9.2,-1.58,4.5));
#7562 = SURFACE_CURVE('',#7563,(#7567,#7579),.PCURVE_S1.);
#7563 = LINE('',#7564,#7565);
#7564 = CARTESIAN_POINT('',(9.2,-1.58,0.));
#7565 = VECTOR('',#7566,1.);
#7566 = DIRECTION('',(0.,0.,1.));
#7567 = PCURVE('',#7568,#7573);
#7568 = PLANE('',#7569);
#7569 = AXIS2_PLACEMENT_3D('',#7570,#7571,#7572);
#7570 = CARTESIAN_POINT('',(9.2,-1.58,0.));
#7571 = DIRECTION('',(1.,0.,0.));
#7572 = DIRECTION('',(0.,0.,1.));
#7573 = DEFINITIONAL_REPRESENTATION('',(#7574),#7578);
#7574 = LINE('',#7575,#7576);
#7575 = CARTESIAN_POINT('',(0.,0.));
#7576 = VECTOR('',#7577,1.);
#7577 = DIRECTION('',(1.,0.));
#7578 = ( GEOMETRIC_REPRESENTATION_CONTEXT(2) 
PARAMETRIC_REPRESENTATION_CONTEXT() REPRESENTATION_CONTEXT('2D SPACE',''
  ) );
#7579 = PCURVE('',#7460,#7580);
#7580 = DEFINITIONAL_REPRESENTATION('',(#7581),#7585);
#7581 = LINE('',#7582,#7583);
#7582 = CARTESIAN_POINT('',(0.,0.62));
#7583 = VECTOR('',#7584,1.);
#7584 = DIRECTION('',(1.,0.));
#7585 = ( GEOMETRIC_REPRESENTATION_CONTEXT(2) 
PARAMETRIC_REPRESENTATION_CONTEXT() REPRESENTATION_CONTEXT('2D SPACE',''
  ) );
#7586 = ORIENTED_EDGE('',*,*,#7587,.T.);
#7587 = EDGE_CURVE('',#7558,#7588,#7590,.T.);
#7588 = VERTEX_POINT('',#7589);
#7589 = CARTESIAN_POINT('',(9.2,-0.96,0.));
#7590 = SURFACE_CURVE('',#7591,(#7595,#7602),.PCURVE_S1.);
#7591 = LINE('',#7592,#7593);
#7592 = CARTESIAN_POINT('',(9.2,-1.58,0.));
#7593 = VECTOR('',#7594,1.);
#7594 = DIRECTION('',(0.,1.,0.));
#7595 = PCURVE('',#7568,#7596);
#7596 = DEFINITIONAL_REPRESENTATION('',(#7597),#7601);
#7597 = LINE('',#7598,#7599);
#7598 = CARTESIAN_POINT('',(0.,0.));
#7599 = VECTOR('',#7600,1.);
#7600 = DIRECTION('',(0.,-1.));
#7601 = ( GEOMETRIC_REPRESENTATION_CONTEXT(2) 
PARAMETRIC_REPRESENTATION_CONTEXT() REPRESENTATION_CONTEXT('2D SPACE',''
  ) );
#7602 = PCURVE('',#7488,#7603);
#7603 = DEFINITIONAL_REPRESENTATION('',(#7604),#7608);
#7604 = LINE('',#7605,#7606);
#7605 = CARTESIAN_POINT('',(0.62,0.));
#7606 = VECTOR('',#7607,1.);
#7607 = DIRECTION('',(0.,1.));
#7608 = ( GEOMETRIC_REPRESENTATION_CONTEXT(2) 
PARAMETRIC_REPRESENTATION_CONTEXT() REPRESENTATION_CONTEXT('2D SPACE',''
  ) );
#7609 = ORIENTED_EDGE('',*,*,#7610,.T.);
#7610 = EDGE_CURVE('',#7588,#7611,#7613,.T.);
#7611 = VERTEX_POINT('',#7612);
#7612 = CARTESIAN_POINT('',(9.2,-0.96,4.5));
#7613 = SURFACE_CURVE('',#7614,(#7618,#7625),.PCURVE_S1.);
#7614 = LINE('',#7615,#7616);
#7615 = CARTESIAN_POINT('',(9.2,-0.96,0.));
#7616 = VECTOR('',#7617,1.);
#7617 = DIRECTION('',(0.,0.,1.));
#7618 = PCURVE('',#7568,#7619);
#7619 = DEFINITIONAL_REPRESENTATION('',(#7620),#7624);
#7620 = LINE('',#7621,#7622);
#7621 = CARTESIAN_POINT('',(0.,-0.62));
#7622 = VECTOR('',#7623,1.);
#7623 = DIRECTION('',(1.,0.));
#7624 = ( GEOMETRIC_REPRESENTATION_CONTEXT(2) 
PARAMETRIC_REPRESENTATION_CONTEXT() REPRESENTATION_CONTEXT('2D SPACE',''
  ) );
#7625 = PCURVE('',#7516,#7626);
#7626 = DEFINITIONAL_REPRESENTATION('',(#7627),#7631);
#7627 = LINE('',#7628,#7629);
#7628 = CARTESIAN_POINT('',(0.,0.62));
#7629 = VECTOR('',#7630,1.);
#7630 = DIRECTION('',(1.,0.));
#7631 = ( GEOMETRIC_REPRESENTATION_CONTEXT(2) 
PARAMETRIC_REPRESENTATION_CONTEXT() REPRESENTATION_CONTEXT('2D SPACE',''
  ) );
#7632 = ORIENTED_EDGE('',*,*,#7633,.F.);
#7633 = EDGE_CURVE('',#7560,#7611,#7634,.T.);
#7634 = SURFACE_CURVE('',#7635,(#7639,#7646),.PCURVE_S1.);
#7635 = LINE('',#7636,#7637);
#7636 = CARTESIAN_POINT('',(9.2,-1.58,4.5));
#7637 = VECTOR('',#7638,1.);
#7638 = DIRECTION('',(0.,1.,0.));
#7639 = PCURVE('',#7568,#7640);
#7640 = DEFINITIONAL_REPRESENTATION('',(#7641),#7645);
#7641 = LINE('',#7642,#7643);
#7642 = CARTESIAN_POINT('',(4.5,0.));
#7643 = VECTOR('',#7644,1.);
#7644 = DIRECTION('',(0.,-1.));
#7645 = ( GEOMETRIC_REPRESENTATION_CONTEXT(2) 
PARAMETRIC_REPRESENTATION_CONTEXT() REPRESENTATION_CONTEXT('2D SPACE',''
  ) );
#7646 = PCURVE('',#7542,#7647);
#7647 = DEFINITIONAL_REPRESENTATION('',(#7648),#7652);
#7648 = LINE('',#7649,#7650);
#7649 = CARTESIAN_POINT('',(0.62,0.));
#7650 = VECTOR('',#7651,1.);
#7651 = DIRECTION('',(0.,1.));
#7652 = ( GEOMETRIC_REPRESENTATION_CONTEXT(2) 
PARAMETRIC_REPRESENTATION_CONTEXT() REPRESENTATION_CONTEXT('2D SPACE',''
  ) );
#7653 = ADVANCED_FACE('',(#7654),#7460,.F.);
#7654 = FACE_BOUND('',#7655,.F.);
#7655 = EDGE_LOOP('',(#7656,#7677,#7678,#7699));
#7656 = ORIENTED_EDGE('',*,*,#7657,.F.);
#7657 = EDGE_CURVE('',#7438,#7558,#7658,.T.);
#7658 = SURFACE_CURVE('',#7659,(#7663,#7670),.PCURVE_S1.);
#7659 = LINE('',#7660,#7661);
#7660 = CARTESIAN_POINT('',(8.58,-1.58,0.));
#7661 = VECTOR('',#7662,1.);
#7662 = DIRECTION('',(1.,0.,0.));
#7663 = PCURVE('',#7460,#7664);
#7664 = DEFINITIONAL_REPRESENTATION('',(#7665),#7669);
#7665 = LINE('',#7666,#7667);
#7666 = CARTESIAN_POINT('',(0.,0.));
#7667 = VECTOR('',#7668,1.);
#7668 = DIRECTION('',(0.,1.));
#7669 = ( GEOMETRIC_REPRESENTATION_CONTEXT(2) 
PARAMETRIC_REPRESENTATION_CONTEXT() REPRESENTATION_CONTEXT('2D SPACE',''
  ) );
#7670 = PCURVE('',#7488,#7671);
#7671 = DEFINITIONAL_REPRESENTATION('',(#7672),#7676);
#7672 = LINE('',#7673,#7674);
#7673 = CARTESIAN_POINT('',(0.,0.));
#7674 = VECTOR('',#7675,1.);
#7675 = DIRECTION('',(1.,0.));
#7676 = ( GEOMETRIC_REPRESENTATION_CONTEXT(2) 
PARAMETRIC_REPRESENTATION_CONTEXT() REPRESENTATION_CONTEXT('2D SPACE',''
  ) );
#7677 = ORIENTED_EDGE('',*,*,#7437,.T.);
#7678 = ORIENTED_EDGE('',*,*,#7679,.T.);
#7679 = EDGE_CURVE('',#7440,#7560,#7680,.T.);
#7680 = SURFACE_CURVE('',#7681,(#7685,#7692),.PCURVE_S1.);
#7681 = LINE('',#7682,#7683);
#7682 = CARTESIAN_POINT('',(8.58,-1.58,4.5));
#7683 = VECTOR('',#7684,1.);
#7684 = DIRECTION('',(1.,0.,0.));
#7685 = PCURVE('',#7460,#7686);
#7686 = DEFINITIONAL_REPRESENTATION('',(#7687),#7691);
#7687 = LINE('',#7688,#7689);
#7688 = CARTESIAN_POINT('',(4.5,0.));
#7689 = VECTOR('',#7690,1.);
#7690 = DIRECTION('',(0.,1.));
#7691 = ( GEOMETRIC_REPRESENTATION_CONTEXT(2) 
PARAMETRIC_REPRESENTATION_CONTEXT() REPRESENTATION_CONTEXT('2D SPACE',''
  ) );
#7692 = PCURVE('',#7542,#7693);
#7693 = DEFINITIONAL_REPRESENTATION('',(#7694),#7698);
#7694 = LINE('',#7695,#7696);
#7695 = CARTESIAN_POINT('',(0.,0.));
#7696 = VECTOR('',#7697,1.);
#7697 = DIRECTION('',(1.,0.));
#7698 = ( GEOMETRIC_REPRESENTATION_CONTEXT(2) 
PARAMETRIC_REPRESENTATION_CONTEXT() REPRESENTATION_CONTEXT('2D SPACE',''
  ) );
#7699 = ORIENTED_EDGE('',*,*,#7557,.F.);
#7700 = ADVANCED_FACE('',(#7701),#7516,.T.);
#7701 = FACE_BOUND('',#7702,.T.);
#7702 = EDGE_LOOP('',(#7703,#7724,#7725,#7746));
#7703 = ORIENTED_EDGE('',*,*,#7704,.F.);
#7704 = EDGE_CURVE('',#7473,#7588,#7705,.T.);
#7705 = SURFACE_CURVE('',#7706,(#7710,#7717),.PCURVE_S1.);
#7706 = LINE('',#7707,#7708);
#7707 = CARTESIAN_POINT('',(8.58,-0.96,0.));
#7708 = VECTOR('',#7709,1.);
#7709 = DIRECTION('',(1.,0.,0.));
#7710 = PCURVE('',#7516,#7711);
#7711 = DEFINITIONAL_REPRESENTATION('',(#7712),#7716);
#7712 = LINE('',#7713,#7714);
#7713 = CARTESIAN_POINT('',(0.,0.));
#7714 = VECTOR('',#7715,1.);
#7715 = DIRECTION('',(0.,1.));
#7716 = ( GEOMETRIC_REPRESENTATION_CONTEXT(2) 
PARAMETRIC_REPRESENTATION_CONTEXT() REPRESENTATION_CONTEXT('2D SPACE',''
  ) );
#7717 = PCURVE('',#7488,#7718);
#7718 = DEFINITIONAL_REPRESENTATION('',(#7719),#7723);
#7719 = LINE('',#7720,#7721);
#7720 = CARTESIAN_POINT('',(0.,0.62));
#7721 = VECTOR('',#7722,1.);
#7722 = DIRECTION('',(1.,0.));
#7723 = ( GEOMETRIC_REPRESENTATION_CONTEXT(2) 
PARAMETRIC_REPRESENTATION_CONTEXT() REPRESENTATION_CONTEXT('2D SPACE',''
  ) );
#7724 = ORIENTED_EDGE('',*,*,#7500,.T.);
#7725 = ORIENTED_EDGE('',*,*,#7726,.T.);
#7726 = EDGE_CURVE('',#7501,#7611,#7727,.T.);
#7727 = SURFACE_CURVE('',#7728,(#7732,#7739),.PCURVE_S1.);
#7728 = LINE('',#7729,#7730);
#7729 = CARTESIAN_POINT('',(8.58,-0.96,4.5));
#7730 = VECTOR('',#7731,1.);
#7731 = DIRECTION('',(1.,0.,0.));
#7732 = PCURVE('',#7516,#7733);
#7733 = DEFINITIONAL_REPRESENTATION('',(#7734),#7738);
#7734 = LINE('',#7735,#7736);
#7735 = CARTESIAN_POINT('',(4.5,0.));
#7736 = VECTOR('',#7737,1.);
#7737 = DIRECTION('',(0.,1.));
#7738 = ( GEOMETRIC_REPRESENTATION_CONTEXT(2) 
PARAMETRIC_REPRESENTATION_CONTEXT() REPRESENTATION_CONTEXT('2D SPACE',''
  ) );
#7739 = PCURVE('',#7542,#7740);
#7740 = DEFINITIONAL_REPRESENTATION('',(#7741),#7745);
#7741 = LINE('',#7742,#7743);
#7742 = CARTESIAN_POINT('',(0.,0.62));
#7743 = VECTOR('',#7744,1.);
#7744 = DIRECTION('',(1.,0.));
#7745 = ( GEOMETRIC_REPRESENTATION_CONTEXT(2) 
PARAMETRIC_REPRESENTATION_CONTEXT() REPRESENTATION_CONTEXT('2D SPACE',''
  ) );
#7746 = ORIENTED_EDGE('',*,*,#7610,.F.);
#7747 = ADVANCED_FACE('',(#7748),#7488,.F.);
#7748 = FACE_BOUND('',#7749,.F.);
#7749 = EDGE_LOOP('',(#7750,#7751,#7752,#7753));
#7750 = ORIENTED_EDGE('',*,*,#7472,.F.);
#7751 = ORIENTED_EDGE('',*,*,#7657,.T.);
#7752 = ORIENTED_EDGE('',*,*,#7587,.T.);
#7753 = ORIENTED_EDGE('',*,*,#7704,.F.);
#7754 = ADVANCED_FACE('',(#7755),#7542,.T.);
#7755 = FACE_BOUND('',#7756,.T.);
#7756 = EDGE_LOOP('',(#7757,#7758,#7759,#7760));
#7757 = ORIENTED_EDGE('',*,*,#7528,.F.);
#7758 = ORIENTED_EDGE('',*,*,#7679,.T.);
#7759 = ORIENTED_EDGE('',*,*,#7633,.T.);
#7760 = ORIENTED_EDGE('',*,*,#7726,.F.);
#7761 = ( GEOMETRIC_REPRESENTATION_CONTEXT(3) 
GLOBAL_UNCERTAINTY_ASSIGNED_CONTEXT((#7765)) 
GLOBAL_UNIT_ASSIGNED_CONTEXT((#7762,#7763,#7764)) REPRESENTATION_CONTEXT
('Context #1','3D Context with UNIT and UNCERTAINTY') );
#7762 = ( LENGTH_UNIT() NAMED_UNIT(*) SI_UNIT(.MILLI.,.METRE.) );
#7763 = ( NAMED_UNIT(*) PLANE_ANGLE_UNIT() SI_UNIT($,.RADIAN.) );
#7764 = ( NAMED_UNIT(*) SI_UNIT($,.STERADIAN.) SOLID_ANGLE_UNIT() );
#7765 = UNCERTAINTY_MEASURE_WITH_UNIT(LENGTH_MEASURE(1.E-07),#7762,
  'distance_accuracy_value','confusion accuracy');
#7766 = CONTEXT_DEPENDENT_SHAPE_REPRESENTATION(#7767,#7769);
#7767 = ( REPRESENTATION_RELATIONSHIP('','',#7430,#10) 
REPRESENTATION_RELATIONSHIP_WITH_TRANSFORMATION(#7768) 
SHAPE_REPRESENTATION_RELATIONSHIP() );
#7768 = ITEM_DEFINED_TRANSFORMATION('','',#11,#87);
#7769 = PRODUCT_DEFINITION_SHAPE('Placement','Placement of an item',
  #7770);
#7770 = NEXT_ASSEMBLY_USAGE_OCCURRENCE('110','pin_right_6','',#5,#7425,$
  );
#7771 = PRODUCT_RELATED_PRODUCT_CATEGORY('part',$,(#7427));
#7772 = SHAPE_DEFINITION_REPRESENTATION(#7773,#7779);
#7773 = PRODUCT_DEFINITION_SHAPE('','',#7774);
#7774 = PRODUCT_DEFINITION('design','',#7775,#7778);
#7775 = PRODUCT_DEFINITION_FORMATION('','',#7776);
#7776 = PRODUCT('pin_right_7','pin_right_7','',(#7777));
#7777 = PRODUCT_CONTEXT('',#2,'mechanical');
#7778 = PRODUCT_DEFINITION_CONTEXT('part definition',#2,'design');
#7779 = ADVANCED_BREP_SHAPE_REPRESENTATION('',(#11,#7780),#8110);
#7780 = MANIFOLD_SOLID_BREP('',#7781);
#7781 = CLOSED_SHELL('',(#7782,#7902,#8002,#8049,#8096,#8103));
#7782 = ADVANCED_FACE('',(#7783),#7797,.F.);
#7783 = FACE_BOUND('',#7784,.F.);
#7784 = EDGE_LOOP('',(#7785,#7820,#7848,#7876));
#7785 = ORIENTED_EDGE('',*,*,#7786,.F.);
#7786 = EDGE_CURVE('',#7787,#7789,#7791,.T.);
#7787 = VERTEX_POINT('',#7788);
#7788 = CARTESIAN_POINT('',(8.58,-4.12,0.));
#7789 = VERTEX_POINT('',#7790);
#7790 = CARTESIAN_POINT('',(8.58,-4.12,4.5));
#7791 = SURFACE_CURVE('',#7792,(#7796,#7808),.PCURVE_S1.);
#7792 = LINE('',#7793,#7794);
#7793 = CARTESIAN_POINT('',(8.58,-4.12,0.));
#7794 = VECTOR('',#7795,1.);
#7795 = DIRECTION('',(0.,0.,1.));
#7796 = PCURVE('',#7797,#7802);
#7797 = PLANE('',#7798);
#7798 = AXIS2_PLACEMENT_3D('',#7799,#7800,#7801);
#7799 = CARTESIAN_POINT('',(8.58,-4.12,0.));
#7800 = DIRECTION('',(1.,0.,0.));
#7801 = DIRECTION('',(0.,0.,1.));
#7802 = DEFINITIONAL_REPRESENTATION('',(#7803),#7807);
#7803 = LINE('',#7804,#7805);
#7804 = CARTESIAN_POINT('',(0.,0.));
#7805 = VECTOR('',#7806,1.);
#7806 = DIRECTION('',(1.,0.));
#7807 = ( GEOMETRIC_REPRESENTATION_CONTEXT(2) 
PARAMETRIC_REPRESENTATION_CONTEXT() REPRESENTATION_CONTEXT('2D SPACE',''
  ) );
#7808 = PCURVE('',#7809,#7814);
#7809 = PLANE('',#7810);
#7810 = AXIS2_PLACEMENT_3D('',#7811,#7812,#7813);
#7811 = CARTESIAN_POINT('',(8.58,-4.12,0.));
#7812 = DIRECTION('',(0.,1.,0.));
#7813 = DIRECTION('',(0.,0.,1.));
#7814 = DEFINITIONAL_REPRESENTATION('',(#7815),#7819);
#7815 = LINE('',#7816,#7817);
#7816 = CARTESIAN_POINT('',(0.,0.));
#7817 = VECTOR('',#7818,1.);
#7818 = DIRECTION('',(1.,0.));
#7819 = ( GEOMETRIC_REPRESENTATION_CONTEXT(2) 
PARAMETRIC_REPRESENTATION_CONTEXT() REPRESENTATION_CONTEXT('2D SPACE',''
  ) );
#7820 = ORIENTED_EDGE('',*,*,#7821,.T.);
#7821 = EDGE_CURVE('',#7787,#7822,#7824,.T.);
#7822 = VERTEX_POINT('',#7823);
#7823 = CARTESIAN_POINT('',(8.58,-3.5,0.));
#7824 = SURFACE_CURVE('',#7825,(#7829,#7836),.PCURVE_S1.);
#7825 = LINE('',#7826,#7827);
#7826 = CARTESIAN_POINT('',(8.58,-4.12,0.));
#7827 = VECTOR('',#7828,1.);
#7828 = DIRECTION('',(0.,1.,0.));
#7829 = PCURVE('',#7797,#7830);
#7830 = DEFINITIONAL_REPRESENTATION('',(#7831),#7835);
#7831 = LINE('',#7832,#7833);
#7832 = CARTESIAN_POINT('',(0.,0.));
#7833 = VECTOR('',#7834,1.);
#7834 = DIRECTION('',(0.,-1.));
#7835 = ( GEOMETRIC_REPRESENTATION_CONTEXT(2) 
PARAMETRIC_REPRESENTATION_CONTEXT() REPRESENTATION_CONTEXT('2D SPACE',''
  ) );
#7836 = PCURVE('',#7837,#7842);
#7837 = PLANE('',#7838);
#7838 = AXIS2_PLACEMENT_3D('',#7839,#7840,#7841);
#7839 = CARTESIAN_POINT('',(8.58,-4.12,0.));
#7840 = DIRECTION('',(0.,0.,1.));
#7841 = DIRECTION('',(1.,0.,0.));
#7842 = DEFINITIONAL_REPRESENTATION('',(#7843),#7847);
#7843 = LINE('',#7844,#7845);
#7844 = CARTESIAN_POINT('',(0.,0.));
#7845 = VECTOR('',#7846,1.);
#7846 = DIRECTION('',(0.,1.));
#7847 = ( GEOMETRIC_REPRESENTATION_CONTEXT(2) 
PARAMETRIC_REPRESENTATION_CONTEXT() REPRESENTATION_CONTEXT('2D SPACE',''
  ) );
#7848 = ORIENTED_EDGE('',*,*,#7849,.T.);
#7849 = EDGE_CURVE('',#7822,#7850,#7852,.T.);
#7850 = VERTEX_POINT('',#7851);
#7851 = CARTESIAN_POINT('',(8.58,-3.5,4.5));
#7852 = SURFACE_CURVE('',#7853,(#7857,#7864),.PCURVE_S1.);
#7853 = LINE('',#7854,#7855);
#7854 = CARTESIAN_POINT('',(8.58,-3.5,0.));
#7855 = VECTOR('',#7856,1.);
#7856 = DIRECTION('',(0.,0.,1.));
#7857 = PCURVE('',#7797,#7858);
#7858 = DEFINITIONAL_REPRESENTATION('',(#7859),#7863);
#7859 = LINE('',#7860,#7861);
#7860 = CARTESIAN_POINT('',(0.,-0.62));
#7861 = VECTOR('',#7862,1.);
#7862 = DIRECTION('',(1.,0.));
#7863 = ( GEOMETRIC_REPRESENTATION_CONTEXT(2) 
PARAMETRIC_REPRESENTATION_CONTEXT() REPRESENTATION_CONTEXT('2D SPACE',''
  ) );
#7864 = PCURVE('',#7865,#7870);
#7865 = PLANE('',#7866);
#7866 = AXIS2_PLACEMENT_3D('',#7867,#7868,#7869);
#7867 = CARTESIAN_POINT('',(8.58,-3.5,0.));
#7868 = DIRECTION('',(0.,1.,0.));
#7869 = DIRECTION('',(0.,0.,1.));
#7870 = DEFINITIONAL_REPRESENTATION('',(#7871),#7875);
#7871 = LINE('',#7872,#7873);
#7872 = CARTESIAN_POINT('',(0.,0.));
#7873 = VECTOR('',#7874,1.);
#7874 = DIRECTION('',(1.,0.));
#7875 = ( GEOMETRIC_REPRESENTATION_CONTEXT(2) 
PARAMETRIC_REPRESENTATION_CONTEXT() REPRESENTATION_CONTEXT('2D SPACE',''
  ) );
#7876 = ORIENTED_EDGE('',*,*,#7877,.F.);
#7877 = EDGE_CURVE('',#7789,#7850,#7878,.T.);
#7878 = SURFACE_CURVE('',#7879,(#7883,#7890),.PCURVE_S1.);
#7879 = LINE('',#7880,#7881);
#7880 = CARTESIAN_POINT('',(8.58,-4.12,4.5));
#7881 = VECTOR('',#7882,1.);
#7882 = DIRECTION('',(0.,1.,0.));
#7883 = PCURVE('',#7797,#7884);
#7884 = DEFINITIONAL_REPRESENTATION('',(#7885),#7889);
#7885 = LINE('',#7886,#7887);
#7886 = CARTESIAN_POINT('',(4.5,0.));
#7887 = VECTOR('',#7888,1.);
#7888 = DIRECTION('',(0.,-1.));
#7889 = ( GEOMETRIC_REPRESENTATION_CONTEXT(2) 
PARAMETRIC_REPRESENTATION_CONTEXT() REPRESENTATION_CONTEXT('2D SPACE',''
  ) );
#7890 = PCURVE('',#7891,#7896);
#7891 = PLANE('',#7892);
#7892 = AXIS2_PLACEMENT_3D('',#7893,#7894,#7895);
#7893 = CARTESIAN_POINT('',(8.58,-4.12,4.5));
#7894 = DIRECTION('',(0.,0.,1.));
#7895 = DIRECTION('',(1.,0.,0.));
#7896 = DEFINITIONAL_REPRESENTATION('',(#7897),#7901);
#7897 = LINE('',#7898,#7899);
#7898 = CARTESIAN_POINT('',(0.,0.));
#7899 = VECTOR('',#7900,1.);
#7900 = DIRECTION('',(0.,1.));
#7901 = ( GEOMETRIC_REPRESENTATION_CONTEXT(2) 
PARAMETRIC_REPRESENTATION_CONTEXT() REPRESENTATION_CONTEXT('2D SPACE',''
  ) );
#7902 = ADVANCED_FACE('',(#7903),#7917,.T.);
#7903 = FACE_BOUND('',#7904,.T.);
#7904 = EDGE_LOOP('',(#7905,#7935,#7958,#7981));
#7905 = ORIENTED_EDGE('',*,*,#7906,.F.);
#7906 = EDGE_CURVE('',#7907,#7909,#7911,.T.);
#7907 = VERTEX_POINT('',#7908);
#7908 = CARTESIAN_POINT('',(9.2,-4.12,0.));
#7909 = VERTEX_POINT('',#7910);
#7910 = CARTESIAN_POINT('',(9.2,-4.12,4.5));
#7911 = SURFACE_CURVE('',#7912,(#7916,#7928),.PCURVE_S1.);
#7912 = LINE('',#7913,#7914);
#7913 = CARTESIAN_POINT('',(9.2,-4.12,0.));
#7914 = VECTOR('',#7915,1.);
#7915 = DIRECTION('',(0.,0.,1.));
#7916 = PCURVE('',#7917,#7922);
#7917 = PLANE('',#7918);
#7918 = AXIS2_PLACEMENT_3D('',#7919,#7920,#7921);
#7919 = CARTESIAN_POINT('',(9.2,-4.12,0.));
#7920 = DIRECTION('',(1.,0.,0.));
#7921 = DIRECTION('',(0.,0.,1.));
#7922 = DEFINITIONAL_REPRESENTATION('',(#7923),#7927);
#7923 = LINE('',#7924,#7925);
#7924 = CARTESIAN_POINT('',(0.,0.));
#7925 = VECTOR('',#7926,1.);
#7926 = DIRECTION('',(1.,0.));
#7927 = ( GEOMETRIC_REPRESENTATION_CONTEXT(2) 
PARAMETRIC_REPRESENTATION_CONTEXT() REPRESENTATION_CONTEXT('2D SPACE',''
  ) );
#7928 = PCURVE('',#7809,#7929);
#7929 = DEFINITIONAL_REPRESENTATION('',(#7930),#7934);
#7930 = LINE('',#7931,#7932);
#7931 = CARTESIAN_POINT('',(0.,0.62));
#7932 = VECTOR('',#7933,1.);
#7933 = DIRECTION('',(1.,0.));
#7934 = ( GEOMETRIC_REPRESENTATION_CONTEXT(2) 
PARAMETRIC_REPRESENTATION_CONTEXT() REPRESENTATION_CONTEXT('2D SPACE',''
  ) );
#7935 = ORIENTED_EDGE('',*,*,#7936,.T.);
#7936 = EDGE_CURVE('',#7907,#7937,#7939,.T.);
#7937 = VERTEX_POINT('',#7938);
#7938 = CARTESIAN_POINT('',(9.2,-3.5,0.));
#7939 = SURFACE_CURVE('',#7940,(#7944,#7951),.PCURVE_S1.);
#7940 = LINE('',#7941,#7942);
#7941 = CARTESIAN_POINT('',(9.2,-4.12,0.));
#7942 = VECTOR('',#7943,1.);
#7943 = DIRECTION('',(0.,1.,0.));
#7944 = PCURVE('',#7917,#7945);
#7945 = DEFINITIONAL_REPRESENTATION('',(#7946),#7950);
#7946 = LINE('',#7947,#7948);
#7947 = CARTESIAN_POINT('',(0.,0.));
#7948 = VECTOR('',#7949,1.);
#7949 = DIRECTION('',(0.,-1.));
#7950 = ( GEOMETRIC_REPRESENTATION_CONTEXT(2) 
PARAMETRIC_REPRESENTATION_CONTEXT() REPRESENTATION_CONTEXT('2D SPACE',''
  ) );
#7951 = PCURVE('',#7837,#7952);
#7952 = DEFINITIONAL_REPRESENTATION('',(#7953),#7957);
#7953 = LINE('',#7954,#7955);
#7954 = CARTESIAN_POINT('',(0.62,0.));
#7955 = VECTOR('',#7956,1.);
#7956 = DIRECTION('',(0.,1.));
#7957 = ( GEOMETRIC_REPRESENTATION_CONTEXT(2) 
PARAMETRIC_REPRESENTATION_CONTEXT() REPRESENTATION_CONTEXT('2D SPACE',''
  ) );
#7958 = ORIENTED_EDGE('',*,*,#7959,.T.);
#7959 = EDGE_CURVE('',#7937,#7960,#7962,.T.);
#7960 = VERTEX_POINT('',#7961);
#7961 = CARTESIAN_POINT('',(9.2,-3.5,4.5));
#7962 = SURFACE_CURVE('',#7963,(#7967,#7974),.PCURVE_S1.);
#7963 = LINE('',#7964,#7965);
#7964 = CARTESIAN_POINT('',(9.2,-3.5,0.));
#7965 = VECTOR('',#7966,1.);
#7966 = DIRECTION('',(0.,0.,1.));
#7967 = PCURVE('',#7917,#7968);
#7968 = DEFINITIONAL_REPRESENTATION('',(#7969),#7973);
#7969 = LINE('',#7970,#7971);
#7970 = CARTESIAN_POINT('',(0.,-0.62));
#7971 = VECTOR('',#7972,1.);
#7972 = DIRECTION('',(1.,0.));
#7973 = ( GEOMETRIC_REPRESENTATION_CONTEXT(2) 
PARAMETRIC_REPRESENTATION_CONTEXT() REPRESENTATION_CONTEXT('2D SPACE',''
  ) );
#7974 = PCURVE('',#7865,#7975);
#7975 = DEFINITIONAL_REPRESENTATION('',(#7976),#7980);
#7976 = LINE('',#7977,#7978);
#7977 = CARTESIAN_POINT('',(0.,0.62));
#7978 = VECTOR('',#7979,1.);
#7979 = DIRECTION('',(1.,0.));
#7980 = ( GEOMETRIC_REPRESENTATION_CONTEXT(2) 
PARAMETRIC_REPRESENTATION_CONTEXT() REPRESENTATION_CONTEXT('2D SPACE',''
  ) );
#7981 = ORIENTED_EDGE('',*,*,#7982,.F.);
#7982 = EDGE_CURVE('',#7909,#7960,#7983,.T.);
#7983 = SURFACE_CURVE('',#7984,(#7988,#7995),.PCURVE_S1.);
#7984 = LINE('',#7985,#7986);
#7985 = CARTESIAN_POINT('',(9.2,-4.12,4.5));
#7986 = VECTOR('',#7987,1.);
#7987 = DIRECTION('',(0.,1.,0.));
#7988 = PCURVE('',#7917,#7989);
#7989 = DEFINITIONAL_REPRESENTATION('',(#7990),#7994);
#7990 = LINE('',#7991,#7992);
#7991 = CARTESIAN_POINT('',(4.5,0.));
#7992 = VECTOR('',#7993,1.);
#7993 = DIRECTION('',(0.,-1.));
#7994 = ( GEOMETRIC_REPRESENTATION_CONTEXT(2) 
PARAMETRIC_REPRESENTATION_CONTEXT() REPRESENTATION_CONTEXT('2D SPACE',''
  ) );
#7995 = PCURVE('',#7891,#7996);
#7996 = DEFINITIONAL_REPRESENTATION('',(#7997),#8001);
#7997 = LINE('',#7998,#7999);
#7998 = CARTESIAN_POINT('',(0.62,0.));
#7999 = VECTOR('',#8000,1.);
#8000 = DIRECTION('',(0.,1.));
#8001 = ( GEOMETRIC_REPRESENTATION_CONTEXT(2) 
PARAMETRIC_REPRESENTATION_CONTEXT() REPRESENTATION_CONTEXT('2D SPACE',''
  ) );
#8002 = ADVANCED_FACE('',(#8003),#7809,.F.);
#8003 = FACE_BOUND('',#8004,.F.);
#8004 = EDGE_LOOP('',(#8005,#8026,#8027,#8048));
#8005 = ORIENTED_EDGE('',*,*,#8006,.F.);
#8006 = EDGE_CURVE('',#7787,#7907,#8007,.T.);
#8007 = SURFACE_CURVE('',#8008,(#8012,#8019),.PCURVE_S1.);
#8008 = LINE('',#8009,#8010);
#8009 = CARTESIAN_POINT('',(8.58,-4.12,0.));
#8010 = VECTOR('',#8011,1.);
#8011 = DIRECTION('',(1.,0.,0.));
#8012 = PCURVE('',#7809,#8013);
#8013 = DEFINITIONAL_REPRESENTATION('',(#8014),#8018);
#8014 = LINE('',#8015,#8016);
#8015 = CARTESIAN_POINT('',(0.,0.));
#8016 = VECTOR('',#8017,1.);
#8017 = DIRECTION('',(0.,1.));
#8018 = ( GEOMETRIC_REPRESENTATION_CONTEXT(2) 
PARAMETRIC_REPRESENTATION_CONTEXT() REPRESENTATION_CONTEXT('2D SPACE',''
  ) );
#8019 = PCURVE('',#7837,#8020);
#8020 = DEFINITIONAL_REPRESENTATION('',(#8021),#8025);
#8021 = LINE('',#8022,#8023);
#8022 = CARTESIAN_POINT('',(0.,0.));
#8023 = VECTOR('',#8024,1.);
#8024 = DIRECTION('',(1.,0.));
#8025 = ( GEOMETRIC_REPRESENTATION_CONTEXT(2) 
PARAMETRIC_REPRESENTATION_CONTEXT() REPRESENTATION_CONTEXT('2D SPACE',''
  ) );
#8026 = ORIENTED_EDGE('',*,*,#7786,.T.);
#8027 = ORIENTED_EDGE('',*,*,#8028,.T.);
#8028 = EDGE_CURVE('',#7789,#7909,#8029,.T.);
#8029 = SURFACE_CURVE('',#8030,(#8034,#8041),.PCURVE_S1.);
#8030 = LINE('',#8031,#8032);
#8031 = CARTESIAN_POINT('',(8.58,-4.12,4.5));
#8032 = VECTOR('',#8033,1.);
#8033 = DIRECTION('',(1.,0.,0.));
#8034 = PCURVE('',#7809,#8035);
#8035 = DEFINITIONAL_REPRESENTATION('',(#8036),#8040);
#8036 = LINE('',#8037,#8038);
#8037 = CARTESIAN_POINT('',(4.5,0.));
#8038 = VECTOR('',#8039,1.);
#8039 = DIRECTION('',(0.,1.));
#8040 = ( GEOMETRIC_REPRESENTATION_CONTEXT(2) 
PARAMETRIC_REPRESENTATION_CONTEXT() REPRESENTATION_CONTEXT('2D SPACE',''
  ) );
#8041 = PCURVE('',#7891,#8042);
#8042 = DEFINITIONAL_REPRESENTATION('',(#8043),#8047);
#8043 = LINE('',#8044,#8045);
#8044 = CARTESIAN_POINT('',(0.,0.));
#8045 = VECTOR('',#8046,1.);
#8046 = DIRECTION('',(1.,0.));
#8047 = ( GEOMETRIC_REPRESENTATION_CONTEXT(2) 
PARAMETRIC_REPRESENTATION_CONTEXT() REPRESENTATION_CONTEXT('2D SPACE',''
  ) );
#8048 = ORIENTED_EDGE('',*,*,#7906,.F.);
#8049 = ADVANCED_FACE('',(#8050),#7865,.T.);
#8050 = FACE_BOUND('',#8051,.T.);
#8051 = EDGE_LOOP('',(#8052,#8073,#8074,#8095));
#8052 = ORIENTED_EDGE('',*,*,#8053,.F.);
#8053 = EDGE_CURVE('',#7822,#7937,#8054,.T.);
#8054 = SURFACE_CURVE('',#8055,(#8059,#8066),.PCURVE_S1.);
#8055 = LINE('',#8056,#8057);
#8056 = CARTESIAN_POINT('',(8.58,-3.5,0.));
#8057 = VECTOR('',#8058,1.);
#8058 = DIRECTION('',(1.,0.,0.));
#8059 = PCURVE('',#7865,#8060);
#8060 = DEFINITIONAL_REPRESENTATION('',(#8061),#8065);
#8061 = LINE('',#8062,#8063);
#8062 = CARTESIAN_POINT('',(0.,0.));
#8063 = VECTOR('',#8064,1.);
#8064 = DIRECTION('',(0.,1.));
#8065 = ( GEOMETRIC_REPRESENTATION_CONTEXT(2) 
PARAMETRIC_REPRESENTATION_CONTEXT() REPRESENTATION_CONTEXT('2D SPACE',''
  ) );
#8066 = PCURVE('',#7837,#8067);
#8067 = DEFINITIONAL_REPRESENTATION('',(#8068),#8072);
#8068 = LINE('',#8069,#8070);
#8069 = CARTESIAN_POINT('',(0.,0.62));
#8070 = VECTOR('',#8071,1.);
#8071 = DIRECTION('',(1.,0.));
#8072 = ( GEOMETRIC_REPRESENTATION_CONTEXT(2) 
PARAMETRIC_REPRESENTATION_CONTEXT() REPRESENTATION_CONTEXT('2D SPACE',''
  ) );
#8073 = ORIENTED_EDGE('',*,*,#7849,.T.);
#8074 = ORIENTED_EDGE('',*,*,#8075,.T.);
#8075 = EDGE_CURVE('',#7850,#7960,#8076,.T.);
#8076 = SURFACE_CURVE('',#8077,(#8081,#8088),.PCURVE_S1.);
#8077 = LINE('',#8078,#8079);
#8078 = CARTESIAN_POINT('',(8.58,-3.5,4.5));
#8079 = VECTOR('',#8080,1.);
#8080 = DIRECTION('',(1.,0.,0.));
#8081 = PCURVE('',#7865,#8082);
#8082 = DEFINITIONAL_REPRESENTATION('',(#8083),#8087);
#8083 = LINE('',#8084,#8085);
#8084 = CARTESIAN_POINT('',(4.5,0.));
#8085 = VECTOR('',#8086,1.);
#8086 = DIRECTION('',(0.,1.));
#8087 = ( GEOMETRIC_REPRESENTATION_CONTEXT(2) 
PARAMETRIC_REPRESENTATION_CONTEXT() REPRESENTATION_CONTEXT('2D SPACE',''
  ) );
#8088 = PCURVE('',#7891,#8089);
#8089 = DEFINITIONAL_REPRESENTATION('',(#8090),#8094);
#8090 = LINE('',#8091,#8092);
#8091 = CARTESIAN_POINT('',(0.,0.62));
#8092 = VECTOR('',#8093,1.);
#8093 = DIRECTION('',(1.,0.));
#8094 = ( GEOMETRIC_REPRESENTATION_CONTEXT(2) 
PARAMETRIC_REPRESENTATION_CONTEXT() REPRESENTATION_CONTEXT('2D SPACE',''
  ) );
#8095 = ORIENTED_EDGE('',*,*,#7959,.F.);
#8096 = ADVANCED_FACE('',(#8097),#7837,.F.);
#8097 = FACE_BOUND('',#8098,.F.);
#8098 = EDGE_LOOP('',(#8099,#8100,#8101,#8102));
#8099 = ORIENTED_EDGE('',*,*,#7821,.F.);
#8100 = ORIENTED_EDGE('',*,*,#8006,.T.);
#8101 = ORIENTED_EDGE('',*,*,#7936,.T.);
#8102 = ORIENTED_EDGE('',*,*,#8053,.F.);
#8103 = ADVANCED_FACE('',(#8104),#7891,.T.);
#8104 = FACE_BOUND('',#8105,.T.);
#8105 = EDGE_LOOP('',(#8106,#8107,#8108,#8109));
#8106 = ORIENTED_EDGE('',*,*,#7877,.F.);
#8107 = ORIENTED_EDGE('',*,*,#8028,.T.);
#8108 = ORIENTED_EDGE('',*,*,#7982,.T.);
#8109 = ORIENTED_EDGE('',*,*,#8075,.F.);
#8110 = ( GEOMETRIC_REPRESENTATION_CONTEXT(3) 
GLOBAL_UNCERTAINTY_ASSIGNED_CONTEXT((#8114)) 
GLOBAL_UNIT_ASSIGNED_CONTEXT((#8111,#8112,#8113)) REPRESENTATION_CONTEXT
('Context #1','3D Context with UNIT and UNCERTAINTY') );
#8111 = ( LENGTH_UNIT() NAMED_UNIT(*) SI_UNIT(.MILLI.,.METRE.) );
#8112 = ( NAMED_UNIT(*) PLANE_ANGLE_UNIT() SI_UNIT($,.RADIAN.) );
#8113 = ( NAMED_UNIT(*) SI_UNIT($,.STERADIAN.) SOLID_ANGLE_UNIT() );
#8114 = UNCERTAINTY_MEASURE_WITH_UNIT(LENGTH_MEASURE(1.E-07),#8111,
  'distance_accuracy_value','confusion accuracy');
#8115 = CONTEXT_DEPENDENT_SHAPE_REPRESENTATION(#8116,#8118);
#8116 = ( REPRESENTATION_RELATIONSHIP('','',#7779,#10) 
REPRESENTATION_RELATIONSHIP_WITH_TRANSFORMATION(#8117) 
SHAPE_REPRESENTATION_RELATIONSHIP() );
#8117 = ITEM_DEFINED_TRANSFORMATION('','',#11,#91);
#8118 = PRODUCT_DEFINITION_SHAPE('Placement','Placement of an item',
  #8119);
#8119 = NEXT_ASSEMBLY_USAGE_OCCURRENCE('111','pin_right_7','',#5,#7774,$
  );
#8120 = PRODUCT_RELATED_PRODUCT_CATEGORY('part',$,(#7776));
#8121 = SHAPE_DEFINITION_REPRESENTATION(#8122,#8128);
#8122 = PRODUCT_DEFINITION_SHAPE('','',#8123);
#8123 = PRODUCT_DEFINITION('design','',#8124,#8127);
#8124 = PRODUCT_DEFINITION_FORMATION('','',#8125);
#8125 = PRODUCT('pin_right_8','pin_right_8','',(#8126));
#8126 = PRODUCT_CONTEXT('',#2,'mechanical');
#8127 = PRODUCT_DEFINITION_CONTEXT('part definition',#2,'design');
#8128 = ADVANCED_BREP_SHAPE_REPRESENTATION('',(#11,#8129),#8459);
#8129 = MANIFOLD_SOLID_BREP('',#8130);
#8130 = CLOSED_SHELL('',(#8131,#8251,#8351,#8398,#8445,#8452));
#8131 = ADVANCED_FACE('',(#8132),#8146,.F.);
#8132 = FACE_BOUND('',#8133,.F.);
#8133 = EDGE_LOOP('',(#8134,#8169,#8197,#8225));
#8134 = ORIENTED_EDGE('',*,*,#8135,.F.);
#8135 = EDGE_CURVE('',#8136,#8138,#8140,.T.);
#8136 = VERTEX_POINT('',#8137);
#8137 = CARTESIAN_POINT('',(8.58,-6.66,0.));
#8138 = VERTEX_POINT('',#8139);
#8139 = CARTESIAN_POINT('',(8.58,-6.66,4.5));
#8140 = SURFACE_CURVE('',#8141,(#8145,#8157),.PCURVE_S1.);
#8141 = LINE('',#8142,#8143);
#8142 = CARTESIAN_POINT('',(8.58,-6.66,0.));
#8143 = VECTOR('',#8144,1.);
#8144 = DIRECTION('',(0.,0.,1.));
#8145 = PCURVE('',#8146,#8151);
#8146 = PLANE('',#8147);
#8147 = AXIS2_PLACEMENT_3D('',#8148,#8149,#8150);
#8148 = CARTESIAN_POINT('',(8.58,-6.66,0.));
#8149 = DIRECTION('',(1.,0.,0.));
#8150 = DIRECTION('',(0.,0.,1.));
#8151 = DEFINITIONAL_REPRESENTATION('',(#8152),#8156);
#8152 = LINE('',#8153,#8154);
#8153 = CARTESIAN_POINT('',(0.,0.));
#8154 = VECTOR('',#8155,1.);
#8155 = DIRECTION('',(1.,0.));
#8156 = ( GEOMETRIC_REPRESENTATION_CONTEXT(2) 
PARAMETRIC_REPRESENTATION_CONTEXT() REPRESENTATION_CONTEXT('2D SPACE',''
  ) );
#8157 = PCURVE('',#8158,#8163);
#8158 = PLANE('',#8159);
#8159 = AXIS2_PLACEMENT_3D('',#8160,#8161,#8162);
#8160 = CARTESIAN_POINT('',(8.58,-6.66,0.));
#8161 = DIRECTION('',(0.,1.,0.));
#8162 = DIRECTION('',(0.,0.,1.));
#8163 = DEFINITIONAL_REPRESENTATION('',(#8164),#8168);
#8164 = LINE('',#8165,#8166);
#8165 = CARTESIAN_POINT('',(0.,0.));
#8166 = VECTOR('',#8167,1.);
#8167 = DIRECTION('',(1.,0.));
#8168 = ( GEOMETRIC_REPRESENTATION_CONTEXT(2) 
PARAMETRIC_REPRESENTATION_CONTEXT() REPRESENTATION_CONTEXT('2D SPACE',''
  ) );
#8169 = ORIENTED_EDGE('',*,*,#8170,.T.);
#8170 = EDGE_CURVE('',#8136,#8171,#8173,.T.);
#8171 = VERTEX_POINT('',#8172);
#8172 = CARTESIAN_POINT('',(8.58,-6.04,0.));
#8173 = SURFACE_CURVE('',#8174,(#8178,#8185),.PCURVE_S1.);
#8174 = LINE('',#8175,#8176);
#8175 = CARTESIAN_POINT('',(8.58,-6.66,0.));
#8176 = VECTOR('',#8177,1.);
#8177 = DIRECTION('',(0.,1.,0.));
#8178 = PCURVE('',#8146,#8179);
#8179 = DEFINITIONAL_REPRESENTATION('',(#8180),#8184);
#8180 = LINE('',#8181,#8182);
#8181 = CARTESIAN_POINT('',(0.,0.));
#8182 = VECTOR('',#8183,1.);
#8183 = DIRECTION('',(0.,-1.));
#8184 = ( GEOMETRIC_REPRESENTATION_CONTEXT(2) 
PARAMETRIC_REPRESENTATION_CONTEXT() REPRESENTATION_CONTEXT('2D SPACE',''
  ) );
#8185 = PCURVE('',#8186,#8191);
#8186 = PLANE('',#8187);
#8187 = AXIS2_PLACEMENT_3D('',#8188,#8189,#8190);
#8188 = CARTESIAN_POINT('',(8.58,-6.66,0.));
#8189 = DIRECTION('',(0.,0.,1.));
#8190 = DIRECTION('',(1.,0.,0.));
#8191 = DEFINITIONAL_REPRESENTATION('',(#8192),#8196);
#8192 = LINE('',#8193,#8194);
#8193 = CARTESIAN_POINT('',(0.,0.));
#8194 = VECTOR('',#8195,1.);
#8195 = DIRECTION('',(0.,1.));
#8196 = ( GEOMETRIC_REPRESENTATION_CONTEXT(2) 
PARAMETRIC_REPRESENTATION_CONTEXT() REPRESENTATION_CONTEXT('2D SPACE',''
  ) );
#8197 = ORIENTED_EDGE('',*,*,#8198,.T.);
#8198 = EDGE_CURVE('',#8171,#8199,#8201,.T.);
#8199 = VERTEX_POINT('',#8200);
#8200 = CARTESIAN_POINT('',(8.58,-6.04,4.5));
#8201 = SURFACE_CURVE('',#8202,(#8206,#8213),.PCURVE_S1.);
#8202 = LINE('',#8203,#8204);
#8203 = CARTESIAN_POINT('',(8.58,-6.04,0.));
#8204 = VECTOR('',#8205,1.);
#8205 = DIRECTION('',(0.,0.,1.));
#8206 = PCURVE('',#8146,#8207);
#8207 = DEFINITIONAL_REPRESENTATION('',(#8208),#8212);
#8208 = LINE('',#8209,#8210);
#8209 = CARTESIAN_POINT('',(0.,-0.62));
#8210 = VECTOR('',#8211,1.);
#8211 = DIRECTION('',(1.,0.));
#8212 = ( GEOMETRIC_REPRESENTATION_CONTEXT(2) 
PARAMETRIC_REPRESENTATION_CONTEXT() REPRESENTATION_CONTEXT('2D SPACE',''
  ) );
#8213 = PCURVE('',#8214,#8219);
#8214 = PLANE('',#8215);
#8215 = AXIS2_PLACEMENT_3D('',#8216,#8217,#8218);
#8216 = CARTESIAN_POINT('',(8.58,-6.04,0.));
#8217 = DIRECTION('',(0.,1.,0.));
#8218 = DIRECTION('',(0.,0.,1.));
#8219 = DEFINITIONAL_REPRESENTATION('',(#8220),#8224);
#8220 = LINE('',#8221,#8222);
#8221 = CARTESIAN_POINT('',(0.,0.));
#8222 = VECTOR('',#8223,1.);
#8223 = DIRECTION('',(1.,0.));
#8224 = ( GEOMETRIC_REPRESENTATION_CONTEXT(2) 
PARAMETRIC_REPRESENTATION_CONTEXT() REPRESENTATION_CONTEXT('2D SPACE',''
  ) );
#8225 = ORIENTED_EDGE('',*,*,#8226,.F.);
#8226 = EDGE_CURVE('',#8138,#8199,#8227,.T.);
#8227 = SURFACE_CURVE('',#8228,(#8232,#8239),.PCURVE_S1.);
#8228 = LINE('',#8229,#8230);
#8229 = CARTESIAN_POINT('',(8.58,-6.66,4.5));
#8230 = VECTOR('',#8231,1.);
#8231 = DIRECTION('',(0.,1.,0.));
#8232 = PCURVE('',#8146,#8233);
#8233 = DEFINITIONAL_REPRESENTATION('',(#8234),#8238);
#8234 = LINE('',#8235,#8236);
#8235 = CARTESIAN_POINT('',(4.5,0.));
#8236 = VECTOR('',#8237,1.);
#8237 = DIRECTION('',(0.,-1.));
#8238 = ( GEOMETRIC_REPRESENTATION_CONTEXT(2) 
PARAMETRIC_REPRESENTATION_CONTEXT() REPRESENTATION_CONTEXT('2D SPACE',''
  ) );
#8239 = PCURVE('',#8240,#8245);
#8240 = PLANE('',#8241);
#8241 = AXIS2_PLACEMENT_3D('',#8242,#8243,#8244);
#8242 = CARTESIAN_POINT('',(8.58,-6.66,4.5));
#8243 = DIRECTION('',(0.,0.,1.));
#8244 = DIRECTION('',(1.,0.,0.));
#8245 = DEFINITIONAL_REPRESENTATION('',(#8246),#8250);
#8246 = LINE('',#8247,#8248);
#8247 = CARTESIAN_POINT('',(0.,0.));
#8248 = VECTOR('',#8249,1.);
#8249 = DIRECTION('',(0.,1.));
#8250 = ( GEOMETRIC_REPRESENTATION_CONTEXT(2) 
PARAMETRIC_REPRESENTATION_CONTEXT() REPRESENTATION_CONTEXT('2D SPACE',''
  ) );
#8251 = ADVANCED_FACE('',(#8252),#8266,.T.);
#8252 = FACE_BOUND('',#8253,.T.);
#8253 = EDGE_LOOP('',(#8254,#8284,#8307,#8330));
#8254 = ORIENTED_EDGE('',*,*,#8255,.F.);
#8255 = EDGE_CURVE('',#8256,#8258,#8260,.T.);
#8256 = VERTEX_POINT('',#8257);
#8257 = CARTESIAN_POINT('',(9.2,-6.66,0.));
#8258 = VERTEX_POINT('',#8259);
#8259 = CARTESIAN_POINT('',(9.2,-6.66,4.5));
#8260 = SURFACE_CURVE('',#8261,(#8265,#8277),.PCURVE_S1.);
#8261 = LINE('',#8262,#8263);
#8262 = CARTESIAN_POINT('',(9.2,-6.66,0.));
#8263 = VECTOR('',#8264,1.);
#8264 = DIRECTION('',(0.,0.,1.));
#8265 = PCURVE('',#8266,#8271);
#8266 = PLANE('',#8267);
#8267 = AXIS2_PLACEMENT_3D('',#8268,#8269,#8270);
#8268 = CARTESIAN_POINT('',(9.2,-6.66,0.));
#8269 = DIRECTION('',(1.,0.,0.));
#8270 = DIRECTION('',(0.,0.,1.));
#8271 = DEFINITIONAL_REPRESENTATION('',(#8272),#8276);
#8272 = LINE('',#8273,#8274);
#8273 = CARTESIAN_POINT('',(0.,0.));
#8274 = VECTOR('',#8275,1.);
#8275 = DIRECTION('',(1.,0.));
#8276 = ( GEOMETRIC_REPRESENTATION_CONTEXT(2) 
PARAMETRIC_REPRESENTATION_CONTEXT() REPRESENTATION_CONTEXT('2D SPACE',''
  ) );
#8277 = PCURVE('',#8158,#8278);
#8278 = DEFINITIONAL_REPRESENTATION('',(#8279),#8283);
#8279 = LINE('',#8280,#8281);
#8280 = CARTESIAN_POINT('',(0.,0.62));
#8281 = VECTOR('',#8282,1.);
#8282 = DIRECTION('',(1.,0.));
#8283 = ( GEOMETRIC_REPRESENTATION_CONTEXT(2) 
PARAMETRIC_REPRESENTATION_CONTEXT() REPRESENTATION_CONTEXT('2D SPACE',''
  ) );
#8284 = ORIENTED_EDGE('',*,*,#8285,.T.);
#8285 = EDGE_CURVE('',#8256,#8286,#8288,.T.);
#8286 = VERTEX_POINT('',#8287);
#8287 = CARTESIAN_POINT('',(9.2,-6.04,0.));
#8288 = SURFACE_CURVE('',#8289,(#8293,#8300),.PCURVE_S1.);
#8289 = LINE('',#8290,#8291);
#8290 = CARTESIAN_POINT('',(9.2,-6.66,0.));
#8291 = VECTOR('',#8292,1.);
#8292 = DIRECTION('',(0.,1.,0.));
#8293 = PCURVE('',#8266,#8294);
#8294 = DEFINITIONAL_REPRESENTATION('',(#8295),#8299);
#8295 = LINE('',#8296,#8297);
#8296 = CARTESIAN_POINT('',(0.,0.));
#8297 = VECTOR('',#8298,1.);
#8298 = DIRECTION('',(0.,-1.));
#8299 = ( GEOMETRIC_REPRESENTATION_CONTEXT(2) 
PARAMETRIC_REPRESENTATION_CONTEXT() REPRESENTATION_CONTEXT('2D SPACE',''
  ) );
#8300 = PCURVE('',#8186,#8301);
#8301 = DEFINITIONAL_REPRESENTATION('',(#8302),#8306);
#8302 = LINE('',#8303,#8304);
#8303 = CARTESIAN_POINT('',(0.62,0.));
#8304 = VECTOR('',#8305,1.);
#8305 = DIRECTION('',(0.,1.));
#8306 = ( GEOMETRIC_REPRESENTATION_CONTEXT(2) 
PARAMETRIC_REPRESENTATION_CONTEXT() REPRESENTATION_CONTEXT('2D SPACE',''
  ) );
#8307 = ORIENTED_EDGE('',*,*,#8308,.T.);
#8308 = EDGE_CURVE('',#8286,#8309,#8311,.T.);
#8309 = VERTEX_POINT('',#8310);
#8310 = CARTESIAN_POINT('',(9.2,-6.04,4.5));
#8311 = SURFACE_CURVE('',#8312,(#8316,#8323),.PCURVE_S1.);
#8312 = LINE('',#8313,#8314);
#8313 = CARTESIAN_POINT('',(9.2,-6.04,0.));
#8314 = VECTOR('',#8315,1.);
#8315 = DIRECTION('',(0.,0.,1.));
#8316 = PCURVE('',#8266,#8317);
#8317 = DEFINITIONAL_REPRESENTATION('',(#8318),#8322);
#8318 = LINE('',#8319,#8320);
#8319 = CARTESIAN_POINT('',(0.,-0.62));
#8320 = VECTOR('',#8321,1.);
#8321 = DIRECTION('',(1.,0.));
#8322 = ( GEOMETRIC_REPRESENTATION_CONTEXT(2) 
PARAMETRIC_REPRESENTATION_CONTEXT() REPRESENTATION_CONTEXT('2D SPACE',''
  ) );
#8323 = PCURVE('',#8214,#8324);
#8324 = DEFINITIONAL_REPRESENTATION('',(#8325),#8329);
#8325 = LINE('',#8326,#8327);
#8326 = CARTESIAN_POINT('',(0.,0.62));
#8327 = VECTOR('',#8328,1.);
#8328 = DIRECTION('',(1.,0.));
#8329 = ( GEOMETRIC_REPRESENTATION_CONTEXT(2) 
PARAMETRIC_REPRESENTATION_CONTEXT() REPRESENTATION_CONTEXT('2D SPACE',''
  ) );
#8330 = ORIENTED_EDGE('',*,*,#8331,.F.);
#8331 = EDGE_CURVE('',#8258,#8309,#8332,.T.);
#8332 = SURFACE_CURVE('',#8333,(#8337,#8344),.PCURVE_S1.);
#8333 = LINE('',#8334,#8335);
#8334 = CARTESIAN_POINT('',(9.2,-6.66,4.5));
#8335 = VECTOR('',#8336,1.);
#8336 = DIRECTION('',(0.,1.,0.));
#8337 = PCURVE('',#8266,#8338);
#8338 = DEFINITIONAL_REPRESENTATION('',(#8339),#8343);
#8339 = LINE('',#8340,#8341);
#8340 = CARTESIAN_POINT('',(4.5,0.));
#8341 = VECTOR('',#8342,1.);
#8342 = DIRECTION('',(0.,-1.));
#8343 = ( GEOMETRIC_REPRESENTATION_CONTEXT(2) 
PARAMETRIC_REPRESENTATION_CONTEXT() REPRESENTATION_CONTEXT('2D SPACE',''
  ) );
#8344 = PCURVE('',#8240,#8345);
#8345 = DEFINITIONAL_REPRESENTATION('',(#8346),#8350);
#8346 = LINE('',#8347,#8348);
#8347 = CARTESIAN_POINT('',(0.62,0.));
#8348 = VECTOR('',#8349,1.);
#8349 = DIRECTION('',(0.,1.));
#8350 = ( GEOMETRIC_REPRESENTATION_CONTEXT(2) 
PARAMETRIC_REPRESENTATION_CONTEXT() REPRESENTATION_CONTEXT('2D SPACE',''
  ) );
#8351 = ADVANCED_FACE('',(#8352),#8158,.F.);
#8352 = FACE_BOUND('',#8353,.F.);
#8353 = EDGE_LOOP('',(#8354,#8375,#8376,#8397));
#8354 = ORIENTED_EDGE('',*,*,#8355,.F.);
#8355 = EDGE_CURVE('',#8136,#8256,#8356,.T.);
#8356 = SURFACE_CURVE('',#8357,(#8361,#8368),.PCURVE_S1.);
#8357 = LINE('',#8358,#8359);
#8358 = CARTESIAN_POINT('',(8.58,-6.66,0.));
#8359 = VECTOR('',#8360,1.);
#8360 = DIRECTION('',(1.,0.,0.));
#8361 = PCURVE('',#8158,#8362);
#8362 = DEFINITIONAL_REPRESENTATION('',(#8363),#8367);
#8363 = LINE('',#8364,#8365);
#8364 = CARTESIAN_POINT('',(0.,0.));
#8365 = VECTOR('',#8366,1.);
#8366 = DIRECTION('',(0.,1.));
#8367 = ( GEOMETRIC_REPRESENTATION_CONTEXT(2) 
PARAMETRIC_REPRESENTATION_CONTEXT() REPRESENTATION_CONTEXT('2D SPACE',''
  ) );
#8368 = PCURVE('',#8186,#8369);
#8369 = DEFINITIONAL_REPRESENTATION('',(#8370),#8374);
#8370 = LINE('',#8371,#8372);
#8371 = CARTESIAN_POINT('',(0.,0.));
#8372 = VECTOR('',#8373,1.);
#8373 = DIRECTION('',(1.,0.));
#8374 = ( GEOMETRIC_REPRESENTATION_CONTEXT(2) 
PARAMETRIC_REPRESENTATION_CONTEXT() REPRESENTATION_CONTEXT('2D SPACE',''
  ) );
#8375 = ORIENTED_EDGE('',*,*,#8135,.T.);
#8376 = ORIENTED_EDGE('',*,*,#8377,.T.);
#8377 = EDGE_CURVE('',#8138,#8258,#8378,.T.);
#8378 = SURFACE_CURVE('',#8379,(#8383,#8390),.PCURVE_S1.);
#8379 = LINE('',#8380,#8381);
#8380 = CARTESIAN_POINT('',(8.58,-6.66,4.5));
#8381 = VECTOR('',#8382,1.);
#8382 = DIRECTION('',(1.,0.,0.));
#8383 = PCURVE('',#8158,#8384);
#8384 = DEFINITIONAL_REPRESENTATION('',(#8385),#8389);
#8385 = LINE('',#8386,#8387);
#8386 = CARTESIAN_POINT('',(4.5,0.));
#8387 = VECTOR('',#8388,1.);
#8388 = DIRECTION('',(0.,1.));
#8389 = ( GEOMETRIC_REPRESENTATION_CONTEXT(2) 
PARAMETRIC_REPRESENTATION_CONTEXT() REPRESENTATION_CONTEXT('2D SPACE',''
  ) );
#8390 = PCURVE('',#8240,#8391);
#8391 = DEFINITIONAL_REPRESENTATION('',(#8392),#8396);
#8392 = LINE('',#8393,#8394);
#8393 = CARTESIAN_POINT('',(0.,0.));
#8394 = VECTOR('',#8395,1.);
#8395 = DIRECTION('',(1.,0.));
#8396 = ( GEOMETRIC_REPRESENTATION_CONTEXT(2) 
PARAMETRIC_REPRESENTATION_CONTEXT() REPRESENTATION_CONTEXT('2D SPACE',''
  ) );
#8397 = ORIENTED_EDGE('',*,*,#8255,.F.);
#8398 = ADVANCED_FACE('',(#8399),#8214,.T.);
#8399 = FACE_BOUND('',#8400,.T.);
#8400 = EDGE_LOOP('',(#8401,#8422,#8423,#8444));
#8401 = ORIENTED_EDGE('',*,*,#8402,.F.);
#8402 = EDGE_CURVE('',#8171,#8286,#8403,.T.);
#8403 = SURFACE_CURVE('',#8404,(#8408,#8415),.PCURVE_S1.);
#8404 = LINE('',#8405,#8406);
#8405 = CARTESIAN_POINT('',(8.58,-6.04,0.));
#8406 = VECTOR('',#8407,1.);
#8407 = DIRECTION('',(1.,0.,0.));
#8408 = PCURVE('',#8214,#8409);
#8409 = DEFINITIONAL_REPRESENTATION('',(#8410),#8414);
#8410 = LINE('',#8411,#8412);
#8411 = CARTESIAN_POINT('',(0.,0.));
#8412 = VECTOR('',#8413,1.);
#8413 = DIRECTION('',(0.,1.));
#8414 = ( GEOMETRIC_REPRESENTATION_CONTEXT(2) 
PARAMETRIC_REPRESENTATION_CONTEXT() REPRESENTATION_CONTEXT('2D SPACE',''
  ) );
#8415 = PCURVE('',#8186,#8416);
#8416 = DEFINITIONAL_REPRESENTATION('',(#8417),#8421);
#8417 = LINE('',#8418,#8419);
#8418 = CARTESIAN_POINT('',(0.,0.62));
#8419 = VECTOR('',#8420,1.);
#8420 = DIRECTION('',(1.,0.));
#8421 = ( GEOMETRIC_REPRESENTATION_CONTEXT(2) 
PARAMETRIC_REPRESENTATION_CONTEXT() REPRESENTATION_CONTEXT('2D SPACE',''
  ) );
#8422 = ORIENTED_EDGE('',*,*,#8198,.T.);
#8423 = ORIENTED_EDGE('',*,*,#8424,.T.);
#8424 = EDGE_CURVE('',#8199,#8309,#8425,.T.);
#8425 = SURFACE_CURVE('',#8426,(#8430,#8437),.PCURVE_S1.);
#8426 = LINE('',#8427,#8428);
#8427 = CARTESIAN_POINT('',(8.58,-6.04,4.5));
#8428 = VECTOR('',#8429,1.);
#8429 = DIRECTION('',(1.,0.,0.));
#8430 = PCURVE('',#8214,#8431);
#8431 = DEFINITIONAL_REPRESENTATION('',(#8432),#8436);
#8432 = LINE('',#8433,#8434);
#8433 = CARTESIAN_POINT('',(4.5,0.));
#8434 = VECTOR('',#8435,1.);
#8435 = DIRECTION('',(0.,1.));
#8436 = ( GEOMETRIC_REPRESENTATION_CONTEXT(2) 
PARAMETRIC_REPRESENTATION_CONTEXT() REPRESENTATION_CONTEXT('2D SPACE',''
  ) );
#8437 = PCURVE('',#8240,#8438);
#8438 = DEFINITIONAL_REPRESENTATION('',(#8439),#8443);
#8439 = LINE('',#8440,#8441);
#8440 = CARTESIAN_POINT('',(0.,0.62));
#8441 = VECTOR('',#8442,1.);
#8442 = DIRECTION('',(1.,0.));
#8443 = ( GEOMETRIC_REPRESENTATION_CONTEXT(2) 
PARAMETRIC_REPRESENTATION_CONTEXT() REPRESENTATION_CONTEXT('2D SPACE',''
  ) );
#8444 = ORIENTED_EDGE('',*,*,#8308,.F.);
#8445 = ADVANCED_FACE('',(#8446),#8186,.F.);
#8446 = FACE_BOUND('',#8447,.F.);
#8447 = EDGE_LOOP('',(#8448,#8449,#8450,#8451));
#8448 = ORIENTED_EDGE('',*,*,#8170,.F.);
#8449 = ORIENTED_EDGE('',*,*,#8355,.T.);
#8450 = ORIENTED_EDGE('',*,*,#8285,.T.);
#8451 = ORIENTED_EDGE('',*,*,#8402,.F.);
#8452 = ADVANCED_FACE('',(#8453),#8240,.T.);
#8453 = FACE_BOUND('',#8454,.T.);
#8454 = EDGE_LOOP('',(#8455,#8456,#8457,#8458));
#8455 = ORIENTED_EDGE('',*,*,#8226,.F.);
#8456 = ORIENTED_EDGE('',*,*,#8377,.T.);
#8457 = ORIENTED_EDGE('',*,*,#8331,.T.);
#8458 = ORIENTED_EDGE('',*,*,#8424,.F.);
#8459 = ( GEOMETRIC_REPRESENTATION_CONTEXT(3) 
GLOBAL_UNCERTAINTY_ASSIGNED_CONTEXT((#8463)) 
GLOBAL_UNIT_ASSIGNED_CONTEXT((#8460,#8461,#8462)) REPRESENTATION_CONTEXT
('Context #1','3D Context with UNIT and UNCERTAINTY') );
#8460 = ( LENGTH_UNIT() NAMED_UNIT(*) SI_UNIT(.MILLI.,.METRE.) );
#8461 = ( NAMED_UNIT(*) PLANE_ANGLE_UNIT() SI_UNIT($,.RADIAN.) );
#8462 = ( NAMED_UNIT(*) SI_UNIT($,.STERADIAN.) SOLID_ANGLE_UNIT() );
#8463 = UNCERTAINTY_MEASURE_WITH_UNIT(LENGTH_MEASURE(1.E-07),#8460,
  'distance_accuracy_value','confusion accuracy');
#8464 = CONTEXT_DEPENDENT_SHAPE_REPRESENTATION(#8465,#8467);
#8465 = ( REPRESENTATION_RELATIONSHIP('','',#8128,#10) 
REPRESENTATION_RELATIONSHIP_WITH_TRANSFORMATION(#8466) 
SHAPE_REPRESENTATION_RELATIONSHIP() );
#8466 = ITEM_DEFINED_TRANSFORMATION('','',#11,#95);
#8467 = PRODUCT_DEFINITION_SHAPE('Placement','Placement of an item',
  #8468);
#8468 = NEXT_ASSEMBLY_USAGE_OCCURRENCE('112','pin_right_8','',#5,#8123,$
  );
#8469 = PRODUCT_RELATED_PRODUCT_CATEGORY('part',$,(#8125));
#8470 = SHAPE_DEFINITION_REPRESENTATION(#8471,#8477);
#8471 = PRODUCT_DEFINITION_SHAPE('','',#8472);
#8472 = PRODUCT_DEFINITION('design','',#8473,#8476);
#8473 = PRODUCT_DEFINITION_FORMATION('','',#8474);
#8474 = PRODUCT('pin_right_9','pin_right_9','',(#8475));
#8475 = PRODUCT_CONTEXT('',#2,'mechanical');
#8476 = PRODUCT_DEFINITION_CONTEXT('part definition',#2,'design');
#8477 = ADVANCED_BREP_SHAPE_REPRESENTATION('',(#11,#8478),#8808);
#8478 = MANIFOLD_SOLID_BREP('',#8479);
#8479 = CLOSED_SHELL('',(#8480,#8600,#8700,#8747,#8794,#8801));
#8480 = ADVANCED_FACE('',(#8481),#8495,.F.);
#8481 = FACE_BOUND('',#8482,.F.);
#8482 = EDGE_LOOP('',(#8483,#8518,#8546,#8574));
#8483 = ORIENTED_EDGE('',*,*,#8484,.F.);
#8484 = EDGE_CURVE('',#8485,#8487,#8489,.T.);
#8485 = VERTEX_POINT('',#8486);
#8486 = CARTESIAN_POINT('',(8.58,-9.2,0.));
#8487 = VERTEX_POINT('',#8488);
#8488 = CARTESIAN_POINT('',(8.58,-9.2,4.5));
#8489 = SURFACE_CURVE('',#8490,(#8494,#8506),.PCURVE_S1.);
#8490 = LINE('',#8491,#8492);
#8491 = CARTESIAN_POINT('',(8.58,-9.2,0.));
#8492 = VECTOR('',#8493,1.);
#8493 = DIRECTION('',(0.,0.,1.));
#8494 = PCURVE('',#8495,#8500);
#8495 = PLANE('',#8496);
#8496 = AXIS2_PLACEMENT_3D('',#8497,#8498,#8499);
#8497 = CARTESIAN_POINT('',(8.58,-9.2,0.));
#8498 = DIRECTION('',(1.,0.,0.));
#8499 = DIRECTION('',(0.,0.,1.));
#8500 = DEFINITIONAL_REPRESENTATION('',(#8501),#8505);
#8501 = LINE('',#8502,#8503);
#8502 = CARTESIAN_POINT('',(0.,0.));
#8503 = VECTOR('',#8504,1.);
#8504 = DIRECTION('',(1.,0.));
#8505 = ( GEOMETRIC_REPRESENTATION_CONTEXT(2) 
PARAMETRIC_REPRESENTATION_CONTEXT() REPRESENTATION_CONTEXT('2D SPACE',''
  ) );
#8506 = PCURVE('',#8507,#8512);
#8507 = PLANE('',#8508);
#8508 = AXIS2_PLACEMENT_3D('',#8509,#8510,#8511);
#8509 = CARTESIAN_POINT('',(8.58,-9.2,0.));
#8510 = DIRECTION('',(0.,1.,0.));
#8511 = DIRECTION('',(0.,0.,1.));
#8512 = DEFINITIONAL_REPRESENTATION('',(#8513),#8517);
#8513 = LINE('',#8514,#8515);
#8514 = CARTESIAN_POINT('',(0.,0.));
#8515 = VECTOR('',#8516,1.);
#8516 = DIRECTION('',(1.,0.));
#8517 = ( GEOMETRIC_REPRESENTATION_CONTEXT(2) 
PARAMETRIC_REPRESENTATION_CONTEXT() REPRESENTATION_CONTEXT('2D SPACE',''
  ) );
#8518 = ORIENTED_EDGE('',*,*,#8519,.T.);
#8519 = EDGE_CURVE('',#8485,#8520,#8522,.T.);
#8520 = VERTEX_POINT('',#8521);
#8521 = CARTESIAN_POINT('',(8.58,-8.58,0.));
#8522 = SURFACE_CURVE('',#8523,(#8527,#8534),.PCURVE_S1.);
#8523 = LINE('',#8524,#8525);
#8524 = CARTESIAN_POINT('',(8.58,-9.2,0.));
#8525 = VECTOR('',#8526,1.);
#8526 = DIRECTION('',(0.,1.,0.));
#8527 = PCURVE('',#8495,#8528);
#8528 = DEFINITIONAL_REPRESENTATION('',(#8529),#8533);
#8529 = LINE('',#8530,#8531);
#8530 = CARTESIAN_POINT('',(0.,0.));
#8531 = VECTOR('',#8532,1.);
#8532 = DIRECTION('',(0.,-1.));
#8533 = ( GEOMETRIC_REPRESENTATION_CONTEXT(2) 
PARAMETRIC_REPRESENTATION_CONTEXT() REPRESENTATION_CONTEXT('2D SPACE',''
  ) );
#8534 = PCURVE('',#8535,#8540);
#8535 = PLANE('',#8536);
#8536 = AXIS2_PLACEMENT_3D('',#8537,#8538,#8539);
#8537 = CARTESIAN_POINT('',(8.58,-9.2,0.));
#8538 = DIRECTION('',(0.,0.,1.));
#8539 = DIRECTION('',(1.,0.,0.));
#8540 = DEFINITIONAL_REPRESENTATION('',(#8541),#8545);
#8541 = LINE('',#8542,#8543);
#8542 = CARTESIAN_POINT('',(0.,0.));
#8543 = VECTOR('',#8544,1.);
#8544 = DIRECTION('',(0.,1.));
#8545 = ( GEOMETRIC_REPRESENTATION_CONTEXT(2) 
PARAMETRIC_REPRESENTATION_CONTEXT() REPRESENTATION_CONTEXT('2D SPACE',''
  ) );
#8546 = ORIENTED_EDGE('',*,*,#8547,.T.);
#8547 = EDGE_CURVE('',#8520,#8548,#8550,.T.);
#8548 = VERTEX_POINT('',#8549);
#8549 = CARTESIAN_POINT('',(8.58,-8.58,4.5));
#8550 = SURFACE_CURVE('',#8551,(#8555,#8562),.PCURVE_S1.);
#8551 = LINE('',#8552,#8553);
#8552 = CARTESIAN_POINT('',(8.58,-8.58,0.));
#8553 = VECTOR('',#8554,1.);
#8554 = DIRECTION('',(0.,0.,1.));
#8555 = PCURVE('',#8495,#8556);
#8556 = DEFINITIONAL_REPRESENTATION('',(#8557),#8561);
#8557 = LINE('',#8558,#8559);
#8558 = CARTESIAN_POINT('',(0.,-0.62));
#8559 = VECTOR('',#8560,1.);
#8560 = DIRECTION('',(1.,0.));
#8561 = ( GEOMETRIC_REPRESENTATION_CONTEXT(2) 
PARAMETRIC_REPRESENTATION_CONTEXT() REPRESENTATION_CONTEXT('2D SPACE',''
  ) );
#8562 = PCURVE('',#8563,#8568);
#8563 = PLANE('',#8564);
#8564 = AXIS2_PLACEMENT_3D('',#8565,#8566,#8567);
#8565 = CARTESIAN_POINT('',(8.58,-8.58,0.));
#8566 = DIRECTION('',(0.,1.,0.));
#8567 = DIRECTION('',(0.,0.,1.));
#8568 = DEFINITIONAL_REPRESENTATION('',(#8569),#8573);
#8569 = LINE('',#8570,#8571);
#8570 = CARTESIAN_POINT('',(0.,0.));
#8571 = VECTOR('',#8572,1.);
#8572 = DIRECTION('',(1.,0.));
#8573 = ( GEOMETRIC_REPRESENTATION_CONTEXT(2) 
PARAMETRIC_REPRESENTATION_CONTEXT() REPRESENTATION_CONTEXT('2D SPACE',''
  ) );
#8574 = ORIENTED_EDGE('',*,*,#8575,.F.);
#8575 = EDGE_CURVE('',#8487,#8548,#8576,.T.);
#8576 = SURFACE_CURVE('',#8577,(#8581,#8588),.PCURVE_S1.);
#8577 = LINE('',#8578,#8579);
#8578 = CARTESIAN_POINT('',(8.58,-9.2,4.5));
#8579 = VECTOR('',#8580,1.);
#8580 = DIRECTION('',(0.,1.,0.));
#8581 = PCURVE('',#8495,#8582);
#8582 = DEFINITIONAL_REPRESENTATION('',(#8583),#8587);
#8583 = LINE('',#8584,#8585);
#8584 = CARTESIAN_POINT('',(4.5,0.));
#8585 = VECTOR('',#8586,1.);
#8586 = DIRECTION('',(0.,-1.));
#8587 = ( GEOMETRIC_REPRESENTATION_CONTEXT(2) 
PARAMETRIC_REPRESENTATION_CONTEXT() REPRESENTATION_CONTEXT('2D SPACE',''
  ) );
#8588 = PCURVE('',#8589,#8594);
#8589 = PLANE('',#8590);
#8590 = AXIS2_PLACEMENT_3D('',#8591,#8592,#8593);
#8591 = CARTESIAN_POINT('',(8.58,-9.2,4.5));
#8592 = DIRECTION('',(0.,0.,1.));
#8593 = DIRECTION('',(1.,0.,0.));
#8594 = DEFINITIONAL_REPRESENTATION('',(#8595),#8599);
#8595 = LINE('',#8596,#8597);
#8596 = CARTESIAN_POINT('',(0.,0.));
#8597 = VECTOR('',#8598,1.);
#8598 = DIRECTION('',(0.,1.));
#8599 = ( GEOMETRIC_REPRESENTATION_CONTEXT(2) 
PARAMETRIC_REPRESENTATION_CONTEXT() REPRESENTATION_CONTEXT('2D SPACE',''
  ) );
#8600 = ADVANCED_FACE('',(#8601),#8615,.T.);
#8601 = FACE_BOUND('',#8602,.T.);
#8602 = EDGE_LOOP('',(#8603,#8633,#8656,#8679));
#8603 = ORIENTED_EDGE('',*,*,#8604,.F.);
#8604 = EDGE_CURVE('',#8605,#8607,#8609,.T.);
#8605 = VERTEX_POINT('',#8606);
#8606 = CARTESIAN_POINT('',(9.2,-9.2,0.));
#8607 = VERTEX_POINT('',#8608);
#8608 = CARTESIAN_POINT('',(9.2,-9.2,4.5));
#8609 = SURFACE_CURVE('',#8610,(#8614,#8626),.PCURVE_S1.);
#8610 = LINE('',#8611,#8612);
#8611 = CARTESIAN_POINT('',(9.2,-9.2,0.));
#8612 = VECTOR('',#8613,1.);
#8613 = DIRECTION('',(0.,0.,1.));
#8614 = PCURVE('',#8615,#8620);
#8615 = PLANE('',#8616);
#8616 = AXIS2_PLACEMENT_3D('',#8617,#8618,#8619);
#8617 = CARTESIAN_POINT('',(9.2,-9.2,0.));
#8618 = DIRECTION('',(1.,0.,0.));
#8619 = DIRECTION('',(0.,0.,1.));
#8620 = DEFINITIONAL_REPRESENTATION('',(#8621),#8625);
#8621 = LINE('',#8622,#8623);
#8622 = CARTESIAN_POINT('',(0.,0.));
#8623 = VECTOR('',#8624,1.);
#8624 = DIRECTION('',(1.,0.));
#8625 = ( GEOMETRIC_REPRESENTATION_CONTEXT(2) 
PARAMETRIC_REPRESENTATION_CONTEXT() REPRESENTATION_CONTEXT('2D SPACE',''
  ) );
#8626 = PCURVE('',#8507,#8627);
#8627 = DEFINITIONAL_REPRESENTATION('',(#8628),#8632);
#8628 = LINE('',#8629,#8630);
#8629 = CARTESIAN_POINT('',(0.,0.62));
#8630 = VECTOR('',#8631,1.);
#8631 = DIRECTION('',(1.,0.));
#8632 = ( GEOMETRIC_REPRESENTATION_CONTEXT(2) 
PARAMETRIC_REPRESENTATION_CONTEXT() REPRESENTATION_CONTEXT('2D SPACE',''
  ) );
#8633 = ORIENTED_EDGE('',*,*,#8634,.T.);
#8634 = EDGE_CURVE('',#8605,#8635,#8637,.T.);
#8635 = VERTEX_POINT('',#8636);
#8636 = CARTESIAN_POINT('',(9.2,-8.58,0.));
#8637 = SURFACE_CURVE('',#8638,(#8642,#8649),.PCURVE_S1.);
#8638 = LINE('',#8639,#8640);
#8639 = CARTESIAN_POINT('',(9.2,-9.2,0.));
#8640 = VECTOR('',#8641,1.);
#8641 = DIRECTION('',(0.,1.,0.));
#8642 = PCURVE('',#8615,#8643);
#8643 = DEFINITIONAL_REPRESENTATION('',(#8644),#8648);
#8644 = LINE('',#8645,#8646);
#8645 = CARTESIAN_POINT('',(0.,0.));
#8646 = VECTOR('',#8647,1.);
#8647 = DIRECTION('',(0.,-1.));
#8648 = ( GEOMETRIC_REPRESENTATION_CONTEXT(2) 
PARAMETRIC_REPRESENTATION_CONTEXT() REPRESENTATION_CONTEXT('2D SPACE',''
  ) );
#8649 = PCURVE('',#8535,#8650);
#8650 = DEFINITIONAL_REPRESENTATION('',(#8651),#8655);
#8651 = LINE('',#8652,#8653);
#8652 = CARTESIAN_POINT('',(0.62,0.));
#8653 = VECTOR('',#8654,1.);
#8654 = DIRECTION('',(0.,1.));
#8655 = ( GEOMETRIC_REPRESENTATION_CONTEXT(2) 
PARAMETRIC_REPRESENTATION_CONTEXT() REPRESENTATION_CONTEXT('2D SPACE',''
  ) );
#8656 = ORIENTED_EDGE('',*,*,#8657,.T.);
#8657 = EDGE_CURVE('',#8635,#8658,#8660,.T.);
#8658 = VERTEX_POINT('',#8659);
#8659 = CARTESIAN_POINT('',(9.2,-8.58,4.5));
#8660 = SURFACE_CURVE('',#8661,(#8665,#8672),.PCURVE_S1.);
#8661 = LINE('',#8662,#8663);
#8662 = CARTESIAN_POINT('',(9.2,-8.58,0.));
#8663 = VECTOR('',#8664,1.);
#8664 = DIRECTION('',(0.,0.,1.));
#8665 = PCURVE('',#8615,#8666);
#8666 = DEFINITIONAL_REPRESENTATION('',(#8667),#8671);
#8667 = LINE('',#8668,#8669);
#8668 = CARTESIAN_POINT('',(0.,-0.62));
#8669 = VECTOR('',#8670,1.);
#8670 = DIRECTION('',(1.,0.));
#8671 = ( GEOMETRIC_REPRESENTATION_CONTEXT(2) 
PARAMETRIC_REPRESENTATION_CONTEXT() REPRESENTATION_CONTEXT('2D SPACE',''
  ) );
#8672 = PCURVE('',#8563,#8673);
#8673 = DEFINITIONAL_REPRESENTATION('',(#8674),#8678);
#8674 = LINE('',#8675,#8676);
#8675 = CARTESIAN_POINT('',(0.,0.62));
#8676 = VECTOR('',#8677,1.);
#8677 = DIRECTION('',(1.,0.));
#8678 = ( GEOMETRIC_REPRESENTATION_CONTEXT(2) 
PARAMETRIC_REPRESENTATION_CONTEXT() REPRESENTATION_CONTEXT('2D SPACE',''
  ) );
#8679 = ORIENTED_EDGE('',*,*,#8680,.F.);
#8680 = EDGE_CURVE('',#8607,#8658,#8681,.T.);
#8681 = SURFACE_CURVE('',#8682,(#8686,#8693),.PCURVE_S1.);
#8682 = LINE('',#8683,#8684);
#8683 = CARTESIAN_POINT('',(9.2,-9.2,4.5));
#8684 = VECTOR('',#8685,1.);
#8685 = DIRECTION('',(0.,1.,0.));
#8686 = PCURVE('',#8615,#8687);
#8687 = DEFINITIONAL_REPRESENTATION('',(#8688),#8692);
#8688 = LINE('',#8689,#8690);
#8689 = CARTESIAN_POINT('',(4.5,0.));
#8690 = VECTOR('',#8691,1.);
#8691 = DIRECTION('',(0.,-1.));
#8692 = ( GEOMETRIC_REPRESENTATION_CONTEXT(2) 
PARAMETRIC_REPRESENTATION_CONTEXT() REPRESENTATION_CONTEXT('2D SPACE',''
  ) );
#8693 = PCURVE('',#8589,#8694);
#8694 = DEFINITIONAL_REPRESENTATION('',(#8695),#8699);
#8695 = LINE('',#8696,#8697);
#8696 = CARTESIAN_POINT('',(0.62,0.));
#8697 = VECTOR('',#8698,1.);
#8698 = DIRECTION('',(0.,1.));
#8699 = ( GEOMETRIC_REPRESENTATION_CONTEXT(2) 
PARAMETRIC_REPRESENTATION_CONTEXT() REPRESENTATION_CONTEXT('2D SPACE',''
  ) );
#8700 = ADVANCED_FACE('',(#8701),#8507,.F.);
#8701 = FACE_BOUND('',#8702,.F.);
#8702 = EDGE_LOOP('',(#8703,#8724,#8725,#8746));
#8703 = ORIENTED_EDGE('',*,*,#8704,.F.);
#8704 = EDGE_CURVE('',#8485,#8605,#8705,.T.);
#8705 = SURFACE_CURVE('',#8706,(#8710,#8717),.PCURVE_S1.);
#8706 = LINE('',#8707,#8708);
#8707 = CARTESIAN_POINT('',(8.58,-9.2,0.));
#8708 = VECTOR('',#8709,1.);
#8709 = DIRECTION('',(1.,0.,0.));
#8710 = PCURVE('',#8507,#8711);
#8711 = DEFINITIONAL_REPRESENTATION('',(#8712),#8716);
#8712 = LINE('',#8713,#8714);
#8713 = CARTESIAN_POINT('',(0.,0.));
#8714 = VECTOR('',#8715,1.);
#8715 = DIRECTION('',(0.,1.));
#8716 = ( GEOMETRIC_REPRESENTATION_CONTEXT(2) 
PARAMETRIC_REPRESENTATION_CONTEXT() REPRESENTATION_CONTEXT('2D SPACE',''
  ) );
#8717 = PCURVE('',#8535,#8718);
#8718 = DEFINITIONAL_REPRESENTATION('',(#8719),#8723);
#8719 = LINE('',#8720,#8721);
#8720 = CARTESIAN_POINT('',(0.,0.));
#8721 = VECTOR('',#8722,1.);
#8722 = DIRECTION('',(1.,0.));
#8723 = ( GEOMETRIC_REPRESENTATION_CONTEXT(2) 
PARAMETRIC_REPRESENTATION_CONTEXT() REPRESENTATION_CONTEXT('2D SPACE',''
  ) );
#8724 = ORIENTED_EDGE('',*,*,#8484,.T.);
#8725 = ORIENTED_EDGE('',*,*,#8726,.T.);
#8726 = EDGE_CURVE('',#8487,#8607,#8727,.T.);
#8727 = SURFACE_CURVE('',#8728,(#8732,#8739),.PCURVE_S1.);
#8728 = LINE('',#8729,#8730);
#8729 = CARTESIAN_POINT('',(8.58,-9.2,4.5));
#8730 = VECTOR('',#8731,1.);
#8731 = DIRECTION('',(1.,0.,0.));
#8732 = PCURVE('',#8507,#8733);
#8733 = DEFINITIONAL_REPRESENTATION('',(#8734),#8738);
#8734 = LINE('',#8735,#8736);
#8735 = CARTESIAN_POINT('',(4.5,0.));
#8736 = VECTOR('',#8737,1.);
#8737 = DIRECTION('',(0.,1.));
#8738 = ( GEOMETRIC_REPRESENTATION_CONTEXT(2) 
PARAMETRIC_REPRESENTATION_CONTEXT() REPRESENTATION_CONTEXT('2D SPACE',''
  ) );
#8739 = PCURVE('',#8589,#8740);
#8740 = DEFINITIONAL_REPRESENTATION('',(#8741),#8745);
#8741 = LINE('',#8742,#8743);
#8742 = CARTESIAN_POINT('',(0.,0.));
#8743 = VECTOR('',#8744,1.);
#8744 = DIRECTION('',(1.,0.));
#8745 = ( GEOMETRIC_REPRESENTATION_CONTEXT(2) 
PARAMETRIC_REPRESENTATION_CONTEXT() REPRESENTATION_CONTEXT('2D SPACE',''
  ) );
#8746 = ORIENTED_EDGE('',*,*,#8604,.F.);
#8747 = ADVANCED_FACE('',(#8748),#8563,.T.);
#8748 = FACE_BOUND('',#8749,.T.);
#8749 = EDGE_LOOP('',(#8750,#8771,#8772,#8793));
#8750 = ORIENTED_EDGE('',*,*,#8751,.F.);
#8751 = EDGE_CURVE('',#8520,#8635,#8752,.T.);
#8752 = SURFACE_CURVE('',#8753,(#8757,#8764),.PCURVE_S1.);
#8753 = LINE('',#8754,#8755);
#8754 = CARTESIAN_POINT('',(8.58,-8.58,0.));
#8755 = VECTOR('',#8756,1.);
#8756 = DIRECTION('',(1.,0.,0.));
#8757 = PCURVE('',#8563,#8758);
#8758 = DEFINITIONAL_REPRESENTATION('',(#8759),#8763);
#8759 = LINE('',#8760,#8761);
#8760 = CARTESIAN_POINT('',(0.,0.));
#8761 = VECTOR('',#8762,1.);
#8762 = DIRECTION('',(0.,1.));
#8763 = ( GEOMETRIC_REPRESENTATION_CONTEXT(2) 
PARAMETRIC_REPRESENTATION_CONTEXT() REPRESENTATION_CONTEXT('2D SPACE',''
  ) );
#8764 = PCURVE('',#8535,#8765);
#8765 = DEFINITIONAL_REPRESENTATION('',(#8766),#8770);
#8766 = LINE('',#8767,#8768);
#8767 = CARTESIAN_POINT('',(0.,0.62));
#8768 = VECTOR('',#8769,1.);
#8769 = DIRECTION('',(1.,0.));
#8770 = ( GEOMETRIC_REPRESENTATION_CONTEXT(2) 
PARAMETRIC_REPRESENTATION_CONTEXT() REPRESENTATION_CONTEXT('2D SPACE',''
  ) );
#8771 = ORIENTED_EDGE('',*,*,#8547,.T.);
#8772 = ORIENTED_EDGE('',*,*,#8773,.T.);
#8773 = EDGE_CURVE('',#8548,#8658,#8774,.T.);
#8774 = SURFACE_CURVE('',#8775,(#8779,#8786),.PCURVE_S1.);
#8775 = LINE('',#8776,#8777);
#8776 = CARTESIAN_POINT('',(8.58,-8.58,4.5));
#8777 = VECTOR('',#8778,1.);
#8778 = DIRECTION('',(1.,0.,0.));
#8779 = PCURVE('',#8563,#8780);
#8780 = DEFINITIONAL_REPRESENTATION('',(#8781),#8785);
#8781 = LINE('',#8782,#8783);
#8782 = CARTESIAN_POINT('',(4.5,0.));
#8783 = VECTOR('',#8784,1.);
#8784 = DIRECTION('',(0.,1.));
#8785 = ( GEOMETRIC_REPRESENTATION_CONTEXT(2) 
PARAMETRIC_REPRESENTATION_CONTEXT() REPRESENTATION_CONTEXT('2D SPACE',''
  ) );
#8786 = PCURVE('',#8589,#8787);
#8787 = DEFINITIONAL_REPRESENTATION('',(#8788),#8792);
#8788 = LINE('',#8789,#8790);
#8789 = CARTESIAN_POINT('',(0.,0.62));
#8790 = VECTOR('',#8791,1.);
#8791 = DIRECTION('',(1.,0.));
#8792 = ( GEOMETRIC_REPRESENTATION_CONTEXT(2) 
PARAMETRIC_REPRESENTATION_CONTEXT() REPRESENTATION_CONTEXT('2D SPACE',''
  ) );
#8793 = ORIENTED_EDGE('',*,*,#8657,.F.);
#8794 = ADVANCED_FACE('',(#8795),#8535,.F.);
#8795 = FACE_BOUND('',#8796,.F.);
#8796 = EDGE_LOOP('',(#8797,#8798,#8799,#8800));
#8797 = ORIENTED_EDGE('',*,*,#8519,.F.);
#8798 = ORIENTED_EDGE('',*,*,#8704,.T.);
#8799 = ORIENTED_EDGE('',*,*,#8634,.T.);
#8800 = ORIENTED_EDGE('',*,*,#8751,.F.);
#8801 = ADVANCED_FACE('',(#8802),#8589,.T.);
#8802 = FACE_BOUND('',#8803,.T.);
#8803 = EDGE_LOOP('',(#8804,#8805,#8806,#8807));
#8804 = ORIENTED_EDGE('',*,*,#8575,.F.);
#8805 = ORIENTED_EDGE('',*,*,#8726,.T.);
#8806 = ORIENTED_EDGE('',*,*,#8680,.T.);
#8807 = ORIENTED_EDGE('',*,*,#8773,.F.);
#8808 = ( GEOMETRIC_REPRESENTATION_CONTEXT(3) 
GLOBAL_UNCERTAINTY_ASSIGNED_CONTEXT((#8812)) 
GLOBAL_UNIT_ASSIGNED_CONTEXT((#8809,#8810,#8811)) REPRESENTATION_CONTEXT
('Context #1','3D Context with UNIT and UNCERTAINTY') );
#8809 = ( LENGTH_UNIT() NAMED_UNIT(*) SI_UNIT(.MILLI.,.METRE.) );
#8810 = ( NAMED_UNIT(*) PLANE_ANGLE_UNIT() SI_UNIT($,.RADIAN.) );
#8811 = ( NAMED_UNIT(*) SI_UNIT($,.STERADIAN.) SOLID_ANGLE_UNIT() );
#8812 = UNCERTAINTY_MEASURE_WITH_UNIT(LENGTH_MEASURE(1.E-07),#8809,
  'distance_accuracy_value','confusion accuracy');
#8813 = CONTEXT_DEPENDENT_SHAPE_REPRESENTATION(#8814,#8816);
#8814 = ( REPRESENTATION_RELATIONSHIP('','',#8477,#10) 
REPRESENTATION_RELATIONSHIP_WITH_TRANSFORMATION(#8815) 
SHAPE_REPRESENTATION_RELATIONSHIP() );
#8815 = ITEM_DEFINED_TRANSFORMATION('','',#11,#99);
#8816 = PRODUCT_DEFINITION_SHAPE('Placement','Placement of an item',
  #8817);
#8817 = NEXT_ASSEMBLY_USAGE_OCCURRENCE('113','pin_right_9','',#5,#8472,$
  );
#8818 = PRODUCT_RELATED_PRODUCT_CATEGORY('part',$,(#8474));
#8819 = SHAPE_DEFINITION_REPRESENTATION(#8820,#8826);
#8820 = PRODUCT_DEFINITION_SHAPE('','',#8821);
#8821 = PRODUCT_DEFINITION('design','',#8822,#8825);
#8822 = PRODUCT_DEFINITION_FORMATION('','',#8823);
#8823 = PRODUCT('pin_right_10','pin_right_10','',(#8824));
#8824 = PRODUCT_CONTEXT('',#2,'mechanical');
#8825 = PRODUCT_DEFINITION_CONTEXT('part definition',#2,'design');
#8826 = ADVANCED_BREP_SHAPE_REPRESENTATION('',(#11,#8827),#9157);
#8827 = MANIFOLD_SOLID_BREP('',#8828);
#8828 = CLOSED_SHELL('',(#8829,#8949,#9049,#9096,#9143,#9150));
#8829 = ADVANCED_FACE('',(#8830),#8844,.F.);
#8830 = FACE_BOUND('',#8831,.F.);
#8831 = EDGE_LOOP('',(#8832,#8867,#8895,#8923));
#8832 = ORIENTED_EDGE('',*,*,#8833,.F.);
#8833 = EDGE_CURVE('',#8834,#8836,#8838,.T.);
#8834 = VERTEX_POINT('',#8835);
#8835 = CARTESIAN_POINT('',(8.58,-11.74,0.));
#8836 = VERTEX_POINT('',#8837);
#8837 = CARTESIAN_POINT('',(8.58,-11.74,4.5));
#8838 = SURFACE_CURVE('',#8839,(#8843,#8855),.PCURVE_S1.);
#8839 = LINE('',#8840,#8841);
#8840 = CARTESIAN_POINT('',(8.58,-11.74,0.));
#8841 = VECTOR('',#8842,1.);
#8842 = DIRECTION('',(0.,0.,1.));
#8843 = PCURVE('',#8844,#8849);
#8844 = PLANE('',#8845);
#8845 = AXIS2_PLACEMENT_3D('',#8846,#8847,#8848);
#8846 = CARTESIAN_POINT('',(8.58,-11.74,0.));
#8847 = DIRECTION('',(1.,0.,0.));
#8848 = DIRECTION('',(0.,0.,1.));
#8849 = DEFINITIONAL_REPRESENTATION('',(#8850),#8854);
#8850 = LINE('',#8851,#8852);
#8851 = CARTESIAN_POINT('',(0.,0.));
#8852 = VECTOR('',#8853,1.);
#8853 = DIRECTION('',(1.,0.));
#8854 = ( GEOMETRIC_REPRESENTATION_CONTEXT(2) 
PARAMETRIC_REPRESENTATION_CONTEXT() REPRESENTATION_CONTEXT('2D SPACE',''
  ) );
#8855 = PCURVE('',#8856,#8861);
#8856 = PLANE('',#8857);
#8857 = AXIS2_PLACEMENT_3D('',#8858,#8859,#8860);
#8858 = CARTESIAN_POINT('',(8.58,-11.74,0.));
#8859 = DIRECTION('',(0.,1.,0.));
#8860 = DIRECTION('',(0.,0.,1.));
#8861 = DEFINITIONAL_REPRESENTATION('',(#8862),#8866);
#8862 = LINE('',#8863,#8864);
#8863 = CARTESIAN_POINT('',(0.,0.));
#8864 = VECTOR('',#8865,1.);
#8865 = DIRECTION('',(1.,0.));
#8866 = ( GEOMETRIC_REPRESENTATION_CONTEXT(2) 
PARAMETRIC_REPRESENTATION_CONTEXT() REPRESENTATION_CONTEXT('2D SPACE',''
  ) );
#8867 = ORIENTED_EDGE('',*,*,#8868,.T.);
#8868 = EDGE_CURVE('',#8834,#8869,#8871,.T.);
#8869 = VERTEX_POINT('',#8870);
#8870 = CARTESIAN_POINT('',(8.58,-11.12,0.));
#8871 = SURFACE_CURVE('',#8872,(#8876,#8883),.PCURVE_S1.);
#8872 = LINE('',#8873,#8874);
#8873 = CARTESIAN_POINT('',(8.58,-11.74,0.));
#8874 = VECTOR('',#8875,1.);
#8875 = DIRECTION('',(0.,1.,0.));
#8876 = PCURVE('',#8844,#8877);
#8877 = DEFINITIONAL_REPRESENTATION('',(#8878),#8882);
#8878 = LINE('',#8879,#8880);
#8879 = CARTESIAN_POINT('',(0.,0.));
#8880 = VECTOR('',#8881,1.);
#8881 = DIRECTION('',(0.,-1.));
#8882 = ( GEOMETRIC_REPRESENTATION_CONTEXT(2) 
PARAMETRIC_REPRESENTATION_CONTEXT() REPRESENTATION_CONTEXT('2D SPACE',''
  ) );
#8883 = PCURVE('',#8884,#8889);
#8884 = PLANE('',#8885);
#8885 = AXIS2_PLACEMENT_3D('',#8886,#8887,#8888);
#8886 = CARTESIAN_POINT('',(8.58,-11.74,0.));
#8887 = DIRECTION('',(0.,0.,1.));
#8888 = DIRECTION('',(1.,0.,0.));
#8889 = DEFINITIONAL_REPRESENTATION('',(#8890),#8894);
#8890 = LINE('',#8891,#8892);
#8891 = CARTESIAN_POINT('',(0.,0.));
#8892 = VECTOR('',#8893,1.);
#8893 = DIRECTION('',(0.,1.));
#8894 = ( GEOMETRIC_REPRESENTATION_CONTEXT(2) 
PARAMETRIC_REPRESENTATION_CONTEXT() REPRESENTATION_CONTEXT('2D SPACE',''
  ) );
#8895 = ORIENTED_EDGE('',*,*,#8896,.T.);
#8896 = EDGE_CURVE('',#8869,#8897,#8899,.T.);
#8897 = VERTEX_POINT('',#8898);
#8898 = CARTESIAN_POINT('',(8.58,-11.12,4.5));
#8899 = SURFACE_CURVE('',#8900,(#8904,#8911),.PCURVE_S1.);
#8900 = LINE('',#8901,#8902);
#8901 = CARTESIAN_POINT('',(8.58,-11.12,0.));
#8902 = VECTOR('',#8903,1.);
#8903 = DIRECTION('',(0.,0.,1.));
#8904 = PCURVE('',#8844,#8905);
#8905 = DEFINITIONAL_REPRESENTATION('',(#8906),#8910);
#8906 = LINE('',#8907,#8908);
#8907 = CARTESIAN_POINT('',(0.,-0.62));
#8908 = VECTOR('',#8909,1.);
#8909 = DIRECTION('',(1.,0.));
#8910 = ( GEOMETRIC_REPRESENTATION_CONTEXT(2) 
PARAMETRIC_REPRESENTATION_CONTEXT() REPRESENTATION_CONTEXT('2D SPACE',''
  ) );
#8911 = PCURVE('',#8912,#8917);
#8912 = PLANE('',#8913);
#8913 = AXIS2_PLACEMENT_3D('',#8914,#8915,#8916);
#8914 = CARTESIAN_POINT('',(8.58,-11.12,0.));
#8915 = DIRECTION('',(0.,1.,0.));
#8916 = DIRECTION('',(0.,0.,1.));
#8917 = DEFINITIONAL_REPRESENTATION('',(#8918),#8922);
#8918 = LINE('',#8919,#8920);
#8919 = CARTESIAN_POINT('',(0.,0.));
#8920 = VECTOR('',#8921,1.);
#8921 = DIRECTION('',(1.,0.));
#8922 = ( GEOMETRIC_REPRESENTATION_CONTEXT(2) 
PARAMETRIC_REPRESENTATION_CONTEXT() REPRESENTATION_CONTEXT('2D SPACE',''
  ) );
#8923 = ORIENTED_EDGE('',*,*,#8924,.F.);
#8924 = EDGE_CURVE('',#8836,#8897,#8925,.T.);
#8925 = SURFACE_CURVE('',#8926,(#8930,#8937),.PCURVE_S1.);
#8926 = LINE('',#8927,#8928);
#8927 = CARTESIAN_POINT('',(8.58,-11.74,4.5));
#8928 = VECTOR('',#8929,1.);
#8929 = DIRECTION('',(0.,1.,0.));
#8930 = PCURVE('',#8844,#8931);
#8931 = DEFINITIONAL_REPRESENTATION('',(#8932),#8936);
#8932 = LINE('',#8933,#8934);
#8933 = CARTESIAN_POINT('',(4.5,0.));
#8934 = VECTOR('',#8935,1.);
#8935 = DIRECTION('',(0.,-1.));
#8936 = ( GEOMETRIC_REPRESENTATION_CONTEXT(2) 
PARAMETRIC_REPRESENTATION_CONTEXT() REPRESENTATION_CONTEXT('2D SPACE',''
  ) );
#8937 = PCURVE('',#8938,#8943);
#8938 = PLANE('',#8939);
#8939 = AXIS2_PLACEMENT_3D('',#8940,#8941,#8942);
#8940 = CARTESIAN_POINT('',(8.58,-11.74,4.5));
#8941 = DIRECTION('',(0.,0.,1.));
#8942 = DIRECTION('',(1.,0.,0.));
#8943 = DEFINITIONAL_REPRESENTATION('',(#8944),#8948);
#8944 = LINE('',#8945,#8946);
#8945 = CARTESIAN_POINT('',(0.,0.));
#8946 = VECTOR('',#8947,1.);
#8947 = DIRECTION('',(0.,1.));
#8948 = ( GEOMETRIC_REPRESENTATION_CONTEXT(2) 
PARAMETRIC_REPRESENTATION_CONTEXT() REPRESENTATION_CONTEXT('2D SPACE',''
  ) );
#8949 = ADVANCED_FACE('',(#8950),#8964,.T.);
#8950 = FACE_BOUND('',#8951,.T.);
#8951 = EDGE_LOOP('',(#8952,#8982,#9005,#9028));
#8952 = ORIENTED_EDGE('',*,*,#8953,.F.);
#8953 = EDGE_CURVE('',#8954,#8956,#8958,.T.);
#8954 = VERTEX_POINT('',#8955);
#8955 = CARTESIAN_POINT('',(9.2,-11.74,0.));
#8956 = VERTEX_POINT('',#8957);
#8957 = CARTESIAN_POINT('',(9.2,-11.74,4.5));
#8958 = SURFACE_CURVE('',#8959,(#8963,#8975),.PCURVE_S1.);
#8959 = LINE('',#8960,#8961);
#8960 = CARTESIAN_POINT('',(9.2,-11.74,0.));
#8961 = VECTOR('',#8962,1.);
#8962 = DIRECTION('',(0.,0.,1.));
#8963 = PCURVE('',#8964,#8969);
#8964 = PLANE('',#8965);
#8965 = AXIS2_PLACEMENT_3D('',#8966,#8967,#8968);
#8966 = CARTESIAN_POINT('',(9.2,-11.74,0.));
#8967 = DIRECTION('',(1.,0.,0.));
#8968 = DIRECTION('',(0.,0.,1.));
#8969 = DEFINITIONAL_REPRESENTATION('',(#8970),#8974);
#8970 = LINE('',#8971,#8972);
#8971 = CARTESIAN_POINT('',(0.,0.));
#8972 = VECTOR('',#8973,1.);
#8973 = DIRECTION('',(1.,0.));
#8974 = ( GEOMETRIC_REPRESENTATION_CONTEXT(2) 
PARAMETRIC_REPRESENTATION_CONTEXT() REPRESENTATION_CONTEXT('2D SPACE',''
  ) );
#8975 = PCURVE('',#8856,#8976);
#8976 = DEFINITIONAL_REPRESENTATION('',(#8977),#8981);
#8977 = LINE('',#8978,#8979);
#8978 = CARTESIAN_POINT('',(0.,0.62));
#8979 = VECTOR('',#8980,1.);
#8980 = DIRECTION('',(1.,0.));
#8981 = ( GEOMETRIC_REPRESENTATION_CONTEXT(2) 
PARAMETRIC_REPRESENTATION_CONTEXT() REPRESENTATION_CONTEXT('2D SPACE',''
  ) );
#8982 = ORIENTED_EDGE('',*,*,#8983,.T.);
#8983 = EDGE_CURVE('',#8954,#8984,#8986,.T.);
#8984 = VERTEX_POINT('',#8985);
#8985 = CARTESIAN_POINT('',(9.2,-11.12,0.));
#8986 = SURFACE_CURVE('',#8987,(#8991,#8998),.PCURVE_S1.);
#8987 = LINE('',#8988,#8989);
#8988 = CARTESIAN_POINT('',(9.2,-11.74,0.));
#8989 = VECTOR('',#8990,1.);
#8990 = DIRECTION('',(0.,1.,0.));
#8991 = PCURVE('',#8964,#8992);
#8992 = DEFINITIONAL_REPRESENTATION('',(#8993),#8997);
#8993 = LINE('',#8994,#8995);
#8994 = CARTESIAN_POINT('',(0.,0.));
#8995 = VECTOR('',#8996,1.);
#8996 = DIRECTION('',(0.,-1.));
#8997 = ( GEOMETRIC_REPRESENTATION_CONTEXT(2) 
PARAMETRIC_REPRESENTATION_CONTEXT() REPRESENTATION_CONTEXT('2D SPACE',''
  ) );
#8998 = PCURVE('',#8884,#8999);
#8999 = DEFINITIONAL_REPRESENTATION('',(#9000),#9004);
#9000 = LINE('',#9001,#9002);
#9001 = CARTESIAN_POINT('',(0.62,0.));
#9002 = VECTOR('',#9003,1.);
#9003 = DIRECTION('',(0.,1.));
#9004 = ( GEOMETRIC_REPRESENTATION_CONTEXT(2) 
PARAMETRIC_REPRESENTATION_CONTEXT() REPRESENTATION_CONTEXT('2D SPACE',''
  ) );
#9005 = ORIENTED_EDGE('',*,*,#9006,.T.);
#9006 = EDGE_CURVE('',#8984,#9007,#9009,.T.);
#9007 = VERTEX_POINT('',#9008);
#9008 = CARTESIAN_POINT('',(9.2,-11.12,4.5));
#9009 = SURFACE_CURVE('',#9010,(#9014,#9021),.PCURVE_S1.);
#9010 = LINE('',#9011,#9012);
#9011 = CARTESIAN_POINT('',(9.2,-11.12,0.));
#9012 = VECTOR('',#9013,1.);
#9013 = DIRECTION('',(0.,0.,1.));
#9014 = PCURVE('',#8964,#9015);
#9015 = DEFINITIONAL_REPRESENTATION('',(#9016),#9020);
#9016 = LINE('',#9017,#9018);
#9017 = CARTESIAN_POINT('',(0.,-0.62));
#9018 = VECTOR('',#9019,1.);
#9019 = DIRECTION('',(1.,0.));
#9020 = ( GEOMETRIC_REPRESENTATION_CONTEXT(2) 
PARAMETRIC_REPRESENTATION_CONTEXT() REPRESENTATION_CONTEXT('2D SPACE',''
  ) );
#9021 = PCURVE('',#8912,#9022);
#9022 = DEFINITIONAL_REPRESENTATION('',(#9023),#9027);
#9023 = LINE('',#9024,#9025);
#9024 = CARTESIAN_POINT('',(0.,0.62));
#9025 = VECTOR('',#9026,1.);
#9026 = DIRECTION('',(1.,0.));
#9027 = ( GEOMETRIC_REPRESENTATION_CONTEXT(2) 
PARAMETRIC_REPRESENTATION_CONTEXT() REPRESENTATION_CONTEXT('2D SPACE',''
  ) );
#9028 = ORIENTED_EDGE('',*,*,#9029,.F.);
#9029 = EDGE_CURVE('',#8956,#9007,#9030,.T.);
#9030 = SURFACE_CURVE('',#9031,(#9035,#9042),.PCURVE_S1.);
#9031 = LINE('',#9032,#9033);
#9032 = CARTESIAN_POINT('',(9.2,-11.74,4.5));
#9033 = VECTOR('',#9034,1.);
#9034 = DIRECTION('',(0.,1.,0.));
#9035 = PCURVE('',#8964,#9036);
#9036 = DEFINITIONAL_REPRESENTATION('',(#9037),#9041);
#9037 = LINE('',#9038,#9039);
#9038 = CARTESIAN_POINT('',(4.5,0.));
#9039 = VECTOR('',#9040,1.);
#9040 = DIRECTION('',(0.,-1.));
#9041 = ( GEOMETRIC_REPRESENTATION_CONTEXT(2) 
PARAMETRIC_REPRESENTATION_CONTEXT() REPRESENTATION_CONTEXT('2D SPACE',''
  ) );
#9042 = PCURVE('',#8938,#9043);
#9043 = DEFINITIONAL_REPRESENTATION('',(#9044),#9048);
#9044 = LINE('',#9045,#9046);
#9045 = CARTESIAN_POINT('',(0.62,0.));
#9046 = VECTOR('',#9047,1.);
#9047 = DIRECTION('',(0.,1.));
#9048 = ( GEOMETRIC_REPRESENTATION_CONTEXT(2) 
PARAMETRIC_REPRESENTATION_CONTEXT() REPRESENTATION_CONTEXT('2D SPACE',''
  ) );
#9049 = ADVANCED_FACE('',(#9050),#8856,.F.);
#9050 = FACE_BOUND('',#9051,.F.);
#9051 = EDGE_LOOP('',(#9052,#9073,#9074,#9095));
#9052 = ORIENTED_EDGE('',*,*,#9053,.F.);
#9053 = EDGE_CURVE('',#8834,#8954,#9054,.T.);
#9054 = SURFACE_CURVE('',#9055,(#9059,#9066),.PCURVE_S1.);
#9055 = LINE('',#9056,#9057);
#9056 = CARTESIAN_POINT('',(8.58,-11.74,0.));
#9057 = VECTOR('',#9058,1.);
#9058 = DIRECTION('',(1.,0.,0.));
#9059 = PCURVE('',#8856,#9060);
#9060 = DEFINITIONAL_REPRESENTATION('',(#9061),#9065);
#9061 = LINE('',#9062,#9063);
#9062 = CARTESIAN_POINT('',(0.,0.));
#9063 = VECTOR('',#9064,1.);
#9064 = DIRECTION('',(0.,1.));
#9065 = ( GEOMETRIC_REPRESENTATION_CONTEXT(2) 
PARAMETRIC_REPRESENTATION_CONTEXT() REPRESENTATION_CONTEXT('2D SPACE',''
  ) );
#9066 = PCURVE('',#8884,#9067);
#9067 = DEFINITIONAL_REPRESENTATION('',(#9068),#9072);
#9068 = LINE('',#9069,#9070);
#9069 = CARTESIAN_POINT('',(0.,0.));
#9070 = VECTOR('',#9071,1.);
#9071 = DIRECTION('',(1.,0.));
#9072 = ( GEOMETRIC_REPRESENTATION_CONTEXT(2) 
PARAMETRIC_REPRESENTATION_CONTEXT() REPRESENTATION_CONTEXT('2D SPACE',''
  ) );
#9073 = ORIENTED_EDGE('',*,*,#8833,.T.);
#9074 = ORIENTED_EDGE('',*,*,#9075,.T.);
#9075 = EDGE_CURVE('',#8836,#8956,#9076,.T.);
#9076 = SURFACE_CURVE('',#9077,(#9081,#9088),.PCURVE_S1.);
#9077 = LINE('',#9078,#9079);
#9078 = CARTESIAN_POINT('',(8.58,-11.74,4.5));
#9079 = VECTOR('',#9080,1.);
#9080 = DIRECTION('',(1.,0.,0.));
#9081 = PCURVE('',#8856,#9082);
#9082 = DEFINITIONAL_REPRESENTATION('',(#9083),#9087);
#9083 = LINE('',#9084,#9085);
#9084 = CARTESIAN_POINT('',(4.5,0.));
#9085 = VECTOR('',#9086,1.);
#9086 = DIRECTION('',(0.,1.));
#9087 = ( GEOMETRIC_REPRESENTATION_CONTEXT(2) 
PARAMETRIC_REPRESENTATION_CONTEXT() REPRESENTATION_CONTEXT('2D SPACE',''
  ) );
#9088 = PCURVE('',#8938,#9089);
#9089 = DEFINITIONAL_REPRESENTATION('',(#9090),#9094);
#9090 = LINE('',#9091,#9092);
#9091 = CARTESIAN_POINT('',(0.,0.));
#9092 = VECTOR('',#9093,1.);
#9093 = DIRECTION('',(1.,0.));
#9094 = ( GEOMETRIC_REPRESENTATION_CONTEXT(2) 
PARAMETRIC_REPRESENTATION_CONTEXT() REPRESENTATION_CONTEXT('2D SPACE',''
  ) );
#9095 = ORIENTED_EDGE('',*,*,#8953,.F.);
#9096 = ADVANCED_FACE('',(#9097),#8912,.T.);
#9097 = FACE_BOUND('',#9098,.T.);
#9098 = EDGE_LOOP('',(#9099,#9120,#9121,#9142));
#9099 = ORIENTED_EDGE('',*,*,#9100,.F.);
#9100 = EDGE_CURVE('',#8869,#8984,#9101,.T.);
#9101 = SURFACE_CURVE('',#9102,(#9106,#9113),.PCURVE_S1.);
#9102 = LINE('',#9103,#9104);
#9103 = CARTESIAN_POINT('',(8.58,-11.12,0.));
#9104 = VECTOR('',#9105,1.);
#9105 = DIRECTION('',(1.,0.,0.));
#9106 = PCURVE('',#8912,#9107);
#9107 = DEFINITIONAL_REPRESENTATION('',(#9108),#9112);
#9108 = LINE('',#9109,#9110);
#9109 = CARTESIAN_POINT('',(0.,0.));
#9110 = VECTOR('',#9111,1.);
#9111 = DIRECTION('',(0.,1.));
#9112 = ( GEOMETRIC_REPRESENTATION_CONTEXT(2) 
PARAMETRIC_REPRESENTATION_CONTEXT() REPRESENTATION_CONTEXT('2D SPACE',''
  ) );
#9113 = PCURVE('',#8884,#9114);
#9114 = DEFINITIONAL_REPRESENTATION('',(#9115),#9119);
#9115 = LINE('',#9116,#9117);
#9116 = CARTESIAN_POINT('',(0.,0.62));
#9117 = VECTOR('',#9118,1.);
#9118 = DIRECTION('',(1.,0.));
#9119 = ( GEOMETRIC_REPRESENTATION_CONTEXT(2) 
PARAMETRIC_REPRESENTATION_CONTEXT() REPRESENTATION_CONTEXT('2D SPACE',''
  ) );
#9120 = ORIENTED_EDGE('',*,*,#8896,.T.);
#9121 = ORIENTED_EDGE('',*,*,#9122,.T.);
#9122 = EDGE_CURVE('',#8897,#9007,#9123,.T.);
#9123 = SURFACE_CURVE('',#9124,(#9128,#9135),.PCURVE_S1.);
#9124 = LINE('',#9125,#9126);
#9125 = CARTESIAN_POINT('',(8.58,-11.12,4.5));
#9126 = VECTOR('',#9127,1.);
#9127 = DIRECTION('',(1.,0.,0.));
#9128 = PCURVE('',#8912,#9129);
#9129 = DEFINITIONAL_REPRESENTATION('',(#9130),#9134);
#9130 = LINE('',#9131,#9132);
#9131 = CARTESIAN_POINT('',(4.5,0.));
#9132 = VECTOR('',#9133,1.);
#9133 = DIRECTION('',(0.,1.));
#9134 = ( GEOMETRIC_REPRESENTATION_CONTEXT(2) 
PARAMETRIC_REPRESENTATION_CONTEXT() REPRESENTATION_CONTEXT('2D SPACE',''
  ) );
#9135 = PCURVE('',#8938,#9136);
#9136 = DEFINITIONAL_REPRESENTATION('',(#9137),#9141);
#9137 = LINE('',#9138,#9139);
#9138 = CARTESIAN_POINT('',(0.,0.62));
#9139 = VECTOR('',#9140,1.);
#9140 = DIRECTION('',(1.,0.));
#9141 = ( GEOMETRIC_REPRESENTATION_CONTEXT(2) 
PARAMETRIC_REPRESENTATION_CONTEXT() REPRESENTATION_CONTEXT('2D SPACE',''
  ) );
#9142 = ORIENTED_EDGE('',*,*,#9006,.F.);
#9143 = ADVANCED_FACE('',(#9144),#8884,.F.);
#9144 = FACE_BOUND('',#9145,.F.);
#9145 = EDGE_LOOP('',(#9146,#9147,#9148,#9149));
#9146 = ORIENTED_EDGE('',*,*,#8868,.F.);
#9147 = ORIENTED_EDGE('',*,*,#9053,.T.);
#9148 = ORIENTED_EDGE('',*,*,#8983,.T.);
#9149 = ORIENTED_EDGE('',*,*,#9100,.F.);
#9150 = ADVANCED_FACE('',(#9151),#8938,.T.);
#9151 = FACE_BOUND('',#9152,.T.);
#9152 = EDGE_LOOP('',(#9153,#9154,#9155,#9156));
#9153 = ORIENTED_EDGE('',*,*,#8924,.F.);
#9154 = ORIENTED_EDGE('',*,*,#9075,.T.);
#9155 = ORIENTED_EDGE('',*,*,#9029,.T.);
#9156 = ORIENTED_EDGE('',*,*,#9122,.F.);
#9157 = ( GEOMETRIC_REPRESENTATION_CONTEXT(3) 
GLOBAL_UNCERTAINTY_ASSIGNED_CONTEXT((#9161)) 
GLOBAL_UNIT_ASSIGNED_CONTEXT((#9158,#9159,#9160)) REPRESENTATION_CONTEXT
('Context #1','3D Context with UNIT and UNCERTAINTY') );
#9158 = ( LENGTH_UNIT() NAMED_UNIT(*) SI_UNIT(.MILLI.,.METRE.) );
#9159 = ( NAMED_UNIT(*) PLANE_ANGLE_UNIT() SI_UNIT($,.RADIAN.) );
#9160 = ( NAMED_UNIT(*) SI_UNIT($,.STERADIAN.) SOLID_ANGLE_UNIT() );
#9161 = UNCERTAINTY_MEASURE_WITH_UNIT(LENGTH_MEASURE(1.E-07),#9158,
  'distance_accuracy_value','confusion accuracy');
#9162 = CONTEXT_DEPENDENT_SHAPE_REPRESENTATION(#9163,#9165);
#9163 = ( REPRESENTATION_RELATIONSHIP('','',#8826,#10) 
REPRESENTATION_RELATIONSHIP_WITH_TRANSFORMATION(#9164) 
SHAPE_REPRESENTATION_RELATIONSHIP() );
#9164 = ITEM_DEFINED_TRANSFORMATION('','',#11,#103);
#9165 = PRODUCT_DEFINITION_SHAPE('Placement','Placement of an item',
  #9166);
#9166 = NEXT_ASSEMBLY_USAGE_OCCURRENCE('114','pin_right_10','',#5,#8821,
  $);
#9167 = PRODUCT_RELATED_PRODUCT_CATEGORY('part',$,(#8823));
#9168 = SHAPE_DEFINITION_REPRESENTATION(#9169,#9175);
#9169 = PRODUCT_DEFINITION_SHAPE('','',#9170);
#9170 = PRODUCT_DEFINITION('design','',#9171,#9174);
#9171 = PRODUCT_DEFINITION_FORMATION('','',#9172);
#9172 = PRODUCT('mcp23017','mcp23017','',(#9173));
#9173 = PRODUCT_CONTEXT('',#2,'mechanical');
#9174 = PRODUCT_DEFINITION_CONTEXT('part definition',#2,'design');
#9175 = ADVANCED_BREP_SHAPE_REPRESENTATION('',(#11,#9176),#9842);
#9176 = MANIFOLD_SOLID_BREP('',#9177);
#9177 = CLOSED_SHELL('',(#9178,#9298,#9498,#9548,#9602,#9727,#9754,#9781
    ,#9808,#9835));
#9178 = ADVANCED_FACE('',(#9179),#9193,.F.);
#9179 = FACE_BOUND('',#9180,.F.);
#9180 = EDGE_LOOP('',(#9181,#9216,#9244,#9272));
#9181 = ORIENTED_EDGE('',*,*,#9182,.F.);
#9182 = EDGE_CURVE('',#9183,#9185,#9187,.T.);
#9183 = VERTEX_POINT('',#9184);
#9184 = CARTESIAN_POINT('',(-4.75,-4.95,5.35));
#9185 = VERTEX_POINT('',#9186);
#9186 = CARTESIAN_POINT('',(-4.75,4.95,5.35));
#9187 = SURFACE_CURVE('',#9188,(#9192,#9204),.PCURVE_S1.);
#9188 = LINE('',#9189,#9190);
#9189 = CARTESIAN_POINT('',(-4.75,-5.15,5.35));
#9190 = VECTOR('',#9191,1.);
#9191 = DIRECTION('',(0.,1.,0.));
#9192 = PCURVE('',#9193,#9198);
#9193 = PLANE('',#9194);
#9194 = AXIS2_PLACEMENT_3D('',#9195,#9196,#9197);
#9195 = CARTESIAN_POINT('',(-4.75,-5.15,4.1));
#9196 = DIRECTION('',(1.,0.,0.));
#9197 = DIRECTION('',(0.,0.,1.));
#9198 = DEFINITIONAL_REPRESENTATION('',(#9199),#9203);
#9199 = LINE('',#9200,#9201);
#9200 = CARTESIAN_POINT('',(1.25,0.));
#9201 = VECTOR('',#9202,1.);
#9202 = DIRECTION('',(0.,-1.));
#9203 = ( GEOMETRIC_REPRESENTATION_CONTEXT(2) 
PARAMETRIC_REPRESENTATION_CONTEXT() REPRESENTATION_CONTEXT('2D SPACE',''
  ) );
#9204 = PCURVE('',#9205,#9210);
#9205 = PLANE('',#9206);
#9206 = AXIS2_PLACEMENT_3D('',#9207,#9208,#9209);
#9207 = CARTESIAN_POINT('',(-4.75,-5.15,5.35));
#9208 = DIRECTION('',(0.,0.,1.));
#9209 = DIRECTION('',(1.,0.,0.));
#9210 = DEFINITIONAL_REPRESENTATION('',(#9211),#9215);
#9211 = LINE('',#9212,#9213);
#9212 = CARTESIAN_POINT('',(0.,0.));
#9213 = VECTOR('',#9214,1.);
#9214 = DIRECTION('',(0.,1.));
#9215 = ( GEOMETRIC_REPRESENTATION_CONTEXT(2) 
PARAMETRIC_REPRESENTATION_CONTEXT() REPRESENTATION_CONTEXT('2D SPACE',''
  ) );
#9216 = ORIENTED_EDGE('',*,*,#9217,.F.);
#9217 = EDGE_CURVE('',#9218,#9183,#9220,.T.);
#9218 = VERTEX_POINT('',#9219);
#9219 = CARTESIAN_POINT('',(-4.75,-4.95,4.1));
#9220 = SURFACE_CURVE('',#9221,(#9225,#9232),.PCURVE_S1.);
#9221 = LINE('',#9222,#9223);
#9222 = CARTESIAN_POINT('',(-4.75,-4.95,4.1));
#9223 = VECTOR('',#9224,1.);
#9224 = DIRECTION('',(0.,0.,1.));
#9225 = PCURVE('',#9193,#9226);
#9226 = DEFINITIONAL_REPRESENTATION('',(#9227),#9231);
#9227 = LINE('',#9228,#9229);
#9228 = CARTESIAN_POINT('',(0.,-0.2));
#9229 = VECTOR('',#9230,1.);
#9230 = DIRECTION('',(1.,0.));
#9231 = ( GEOMETRIC_REPRESENTATION_CONTEXT(2) 
PARAMETRIC_REPRESENTATION_CONTEXT() REPRESENTATION_CONTEXT('2D SPACE',''
  ) );
#9232 = PCURVE('',#9233,#9238);
#9233 = CYLINDRICAL_SURFACE('',#9234,0.2);
#9234 = AXIS2_PLACEMENT_3D('',#9235,#9236,#9237);
#9235 = CARTESIAN_POINT('',(-4.55,-4.95,4.1));
#9236 = DIRECTION('',(0.,0.,1.));
#9237 = DIRECTION('',(-1.,-0.,0.));
#9238 = DEFINITIONAL_REPRESENTATION('',(#9239),#9243);
#9239 = LINE('',#9240,#9241);
#9240 = CARTESIAN_POINT('',(0.,0.));
#9241 = VECTOR('',#9242,1.);
#9242 = DIRECTION('',(0.,1.));
#9243 = ( GEOMETRIC_REPRESENTATION_CONTEXT(2) 
PARAMETRIC_REPRESENTATION_CONTEXT() REPRESENTATION_CONTEXT('2D SPACE',''
  ) );
#9244 = ORIENTED_EDGE('',*,*,#9245,.T.);
#9245 = EDGE_CURVE('',#9218,#9246,#9248,.T.);
#9246 = VERTEX_POINT('',#9247);
#9247 = CARTESIAN_POINT('',(-4.75,4.95,4.1));
#9248 = SURFACE_CURVE('',#9249,(#9253,#9260),.PCURVE_S1.);
#9249 = LINE('',#9250,#9251);
#9250 = CARTESIAN_POINT('',(-4.75,-5.15,4.1));
#9251 = VECTOR('',#9252,1.);
#9252 = DIRECTION('',(0.,1.,0.));
#9253 = PCURVE('',#9193,#9254);
#9254 = DEFINITIONAL_REPRESENTATION('',(#9255),#9259);
#9255 = LINE('',#9256,#9257);
#9256 = CARTESIAN_POINT('',(0.,0.));
#9257 = VECTOR('',#9258,1.);
#9258 = DIRECTION('',(0.,-1.));
#9259 = ( GEOMETRIC_REPRESENTATION_CONTEXT(2) 
PARAMETRIC_REPRESENTATION_CONTEXT() REPRESENTATION_CONTEXT('2D SPACE',''
  ) );
#9260 = PCURVE('',#9261,#9266);
#9261 = PLANE('',#9262);
#9262 = AXIS2_PLACEMENT_3D('',#9263,#9264,#9265);
#9263 = CARTESIAN_POINT('',(-4.75,-5.15,4.1));
#9264 = DIRECTION('',(0.,0.,1.));
#9265 = DIRECTION('',(1.,0.,0.));
#9266 = DEFINITIONAL_REPRESENTATION('',(#9267),#9271);
#9267 = LINE('',#9268,#9269);
#9268 = CARTESIAN_POINT('',(0.,0.));
#9269 = VECTOR('',#9270,1.);
#9270 = DIRECTION('',(0.,1.));
#9271 = ( GEOMETRIC_REPRESENTATION_CONTEXT(2) 
PARAMETRIC_REPRESENTATION_CONTEXT() REPRESENTATION_CONTEXT('2D SPACE',''
  ) );
#9272 = ORIENTED_EDGE('',*,*,#9273,.T.);
#9273 = EDGE_CURVE('',#9246,#9185,#9274,.T.);
#9274 = SURFACE_CURVE('',#9275,(#9279,#9286),.PCURVE_S1.);
#9275 = LINE('',#9276,#9277);
#9276 = CARTESIAN_POINT('',(-4.75,4.95,4.1));
#9277 = VECTOR('',#9278,1.);
#9278 = DIRECTION('',(0.,0.,1.));
#9279 = PCURVE('',#9193,#9280);
#9280 = DEFINITIONAL_REPRESENTATION('',(#9281),#9285);
#9281 = LINE('',#9282,#9283);
#9282 = CARTESIAN_POINT('',(0.,-10.1));
#9283 = VECTOR('',#9284,1.);
#9284 = DIRECTION('',(1.,0.));
#9285 = ( GEOMETRIC_REPRESENTATION_CONTEXT(2) 
PARAMETRIC_REPRESENTATION_CONTEXT() REPRESENTATION_CONTEXT('2D SPACE',''
  ) );
#9286 = PCURVE('',#9287,#9292);
#9287 = CYLINDRICAL_SURFACE('',#9288,0.2);
#9288 = AXIS2_PLACEMENT_3D('',#9289,#9290,#9291);
#9289 = CARTESIAN_POINT('',(-4.55,4.95,4.1));
#9290 = DIRECTION('',(0.,0.,1.));
#9291 = DIRECTION('',(-1.,-0.,0.));
#9292 = DEFINITIONAL_REPRESENTATION('',(#9293),#9297);
#9293 = LINE('',#9294,#9295);
#9294 = CARTESIAN_POINT('',(-0.,0.));
#9295 = VECTOR('',#9296,1.);
#9296 = DIRECTION('',(-0.,1.));
#9297 = ( GEOMETRIC_REPRESENTATION_CONTEXT(2) 
PARAMETRIC_REPRESENTATION_CONTEXT() REPRESENTATION_CONTEXT('2D SPACE',''
  ) );
#9298 = ADVANCED_FACE('',(#9299),#9205,.T.);
#9299 = FACE_BOUND('',#9300,.T.);
#9300 = EDGE_LOOP('',(#9301,#9302,#9326,#9354,#9387,#9415,#9444,#9472));
#9301 = ORIENTED_EDGE('',*,*,#9182,.F.);
#9302 = ORIENTED_EDGE('',*,*,#9303,.T.);
#9303 = EDGE_CURVE('',#9183,#9304,#9306,.T.);
#9304 = VERTEX_POINT('',#9305);
#9305 = CARTESIAN_POINT('',(-4.55,-5.15,5.35));
#9306 = SURFACE_CURVE('',#9307,(#9312,#9319),.PCURVE_S1.);
#9307 = CIRCLE('',#9308,0.2);
#9308 = AXIS2_PLACEMENT_3D('',#9309,#9310,#9311);
#9309 = CARTESIAN_POINT('',(-4.55,-4.95,5.35));
#9310 = DIRECTION('',(0.,0.,1.));
#9311 = DIRECTION('',(0.,-1.,0.));
#9312 = PCURVE('',#9205,#9313);
#9313 = DEFINITIONAL_REPRESENTATION('',(#9314),#9318);
#9314 = CIRCLE('',#9315,0.2);
#9315 = AXIS2_PLACEMENT_2D('',#9316,#9317);
#9316 = CARTESIAN_POINT('',(0.2,0.2));
#9317 = DIRECTION('',(0.,-1.));
#9318 = ( GEOMETRIC_REPRESENTATION_CONTEXT(2) 
PARAMETRIC_REPRESENTATION_CONTEXT() REPRESENTATION_CONTEXT('2D SPACE',''
  ) );
#9319 = PCURVE('',#9233,#9320);
#9320 = DEFINITIONAL_REPRESENTATION('',(#9321),#9325);
#9321 = LINE('',#9322,#9323);
#9322 = CARTESIAN_POINT('',(-4.712388980385,1.25));
#9323 = VECTOR('',#9324,1.);
#9324 = DIRECTION('',(1.,0.));
#9325 = ( GEOMETRIC_REPRESENTATION_CONTEXT(2) 
PARAMETRIC_REPRESENTATION_CONTEXT() REPRESENTATION_CONTEXT('2D SPACE',''
  ) );
#9326 = ORIENTED_EDGE('',*,*,#9327,.T.);
#9327 = EDGE_CURVE('',#9304,#9328,#9330,.T.);
#9328 = VERTEX_POINT('',#9329);
#9329 = CARTESIAN_POINT('',(2.55,-5.15,5.35));
#9330 = SURFACE_CURVE('',#9331,(#9335,#9342),.PCURVE_S1.);
#9331 = LINE('',#9332,#9333);
#9332 = CARTESIAN_POINT('',(-4.75,-5.15,5.35));
#9333 = VECTOR('',#9334,1.);
#9334 = DIRECTION('',(1.,0.,0.));
#9335 = PCURVE('',#9205,#9336);
#9336 = DEFINITIONAL_REPRESENTATION('',(#9337),#9341);
#9337 = LINE('',#9338,#9339);
#9338 = CARTESIAN_POINT('',(0.,0.));
#9339 = VECTOR('',#9340,1.);
#9340 = DIRECTION('',(1.,0.));
#9341 = ( GEOMETRIC_REPRESENTATION_CONTEXT(2) 
PARAMETRIC_REPRESENTATION_CONTEXT() REPRESENTATION_CONTEXT('2D SPACE',''
  ) );
#9342 = PCURVE('',#9343,#9348);
#9343 = PLANE('',#9344);
#9344 = AXIS2_PLACEMENT_3D('',#9345,#9346,#9347);
#9345 = CARTESIAN_POINT('',(-4.75,-5.15,4.1));
#9346 = DIRECTION('',(0.,1.,0.));
#9347 = DIRECTION('',(0.,0.,1.));
#9348 = DEFINITIONAL_REPRESENTATION('',(#9349),#9353);
#9349 = LINE('',#9350,#9351);
#9350 = CARTESIAN_POINT('',(1.25,0.));
#9351 = VECTOR('',#9352,1.);
#9352 = DIRECTION('',(0.,1.));
#9353 = ( GEOMETRIC_REPRESENTATION_CONTEXT(2) 
PARAMETRIC_REPRESENTATION_CONTEXT() REPRESENTATION_CONTEXT('2D SPACE',''
  ) );
#9354 = ORIENTED_EDGE('',*,*,#9355,.F.);
#9355 = EDGE_CURVE('',#9356,#9328,#9358,.T.);
#9356 = VERTEX_POINT('',#9357);
#9357 = CARTESIAN_POINT('',(2.75,-4.95,5.35));
#9358 = SURFACE_CURVE('',#9359,(#9364,#9375),.PCURVE_S1.);
#9359 = CIRCLE('',#9360,0.2);
#9360 = AXIS2_PLACEMENT_3D('',#9361,#9362,#9363);
#9361 = CARTESIAN_POINT('',(2.55,-4.95,5.35));
#9362 = DIRECTION('',(-0.,-0.,-1.));
#9363 = DIRECTION('',(0.,-1.,0.));
#9364 = PCURVE('',#9205,#9365);
#9365 = DEFINITIONAL_REPRESENTATION('',(#9366),#9374);
#9366 = ( BOUNDED_CURVE() B_SPLINE_CURVE(2,(#9367,#9368,#9369,#9370,
#9371,#9372,#9373),.UNSPECIFIED.,.T.,.F.) B_SPLINE_CURVE_WITH_KNOTS((1,2
    ,2,2,2,1),(-2.094395102393,0.,2.094395102393,4.188790204786,
6.28318530718,8.377580409573),.UNSPECIFIED.) CURVE() 
GEOMETRIC_REPRESENTATION_ITEM() RATIONAL_B_SPLINE_CURVE((1.,0.5,1.,0.5,
1.,0.5,1.)) REPRESENTATION_ITEM('') );
#9367 = CARTESIAN_POINT('',(7.3,1.665334536938E-16));
#9368 = CARTESIAN_POINT('',(6.953589838486,1.665334536938E-16));
#9369 = CARTESIAN_POINT('',(7.126794919243,0.3));
#9370 = CARTESIAN_POINT('',(7.3,0.6));
#9371 = CARTESIAN_POINT('',(7.473205080757,0.3));
#9372 = CARTESIAN_POINT('',(7.646410161514,4.718447854657E-16));
#9373 = CARTESIAN_POINT('',(7.3,1.665334536938E-16));
#9374 = ( GEOMETRIC_REPRESENTATION_CONTEXT(2) 
PARAMETRIC_REPRESENTATION_CONTEXT() REPRESENTATION_CONTEXT('2D SPACE',''
  ) );
#9375 = PCURVE('',#9376,#9381);
#9376 = CYLINDRICAL_SURFACE('',#9377,0.2);
#9377 = AXIS2_PLACEMENT_3D('',#9378,#9379,#9380);
#9378 = CARTESIAN_POINT('',(2.55,-4.95,4.1));
#9379 = DIRECTION('',(0.,0.,1.));
#9380 = DIRECTION('',(1.,0.,-0.));
#9381 = DEFINITIONAL_REPRESENTATION('',(#9382),#9386);
#9382 = LINE('',#9383,#9384);
#9383 = CARTESIAN_POINT('',(4.712388980385,1.25));
#9384 = VECTOR('',#9385,1.);
#9385 = DIRECTION('',(-1.,0.));
#9386 = ( GEOMETRIC_REPRESENTATION_CONTEXT(2) 
PARAMETRIC_REPRESENTATION_CONTEXT() REPRESENTATION_CONTEXT('2D SPACE',''
  ) );
#9387 = ORIENTED_EDGE('',*,*,#9388,.T.);
#9388 = EDGE_CURVE('',#9356,#9389,#9391,.T.);
#9389 = VERTEX_POINT('',#9390);
#9390 = CARTESIAN_POINT('',(2.75,4.95,5.35));
#9391 = SURFACE_CURVE('',#9392,(#9396,#9403),.PCURVE_S1.);
#9392 = LINE('',#9393,#9394);
#9393 = CARTESIAN_POINT('',(2.75,-5.15,5.35));
#9394 = VECTOR('',#9395,1.);
#9395 = DIRECTION('',(0.,1.,0.));
#9396 = PCURVE('',#9205,#9397);
#9397 = DEFINITIONAL_REPRESENTATION('',(#9398),#9402);
#9398 = LINE('',#9399,#9400);
#9399 = CARTESIAN_POINT('',(7.5,0.));
#9400 = VECTOR('',#9401,1.);
#9401 = DIRECTION('',(0.,1.));
#9402 = ( GEOMETRIC_REPRESENTATION_CONTEXT(2) 
PARAMETRIC_REPRESENTATION_CONTEXT() REPRESENTATION_CONTEXT('2D SPACE',''
  ) );
#9403 = PCURVE('',#9404,#9409);
#9404 = PLANE('',#9405);
#9405 = AXIS2_PLACEMENT_3D('',#9406,#9407,#9408);
#9406 = CARTESIAN_POINT('',(2.75,-5.15,4.1));
#9407 = DIRECTION('',(1.,0.,0.));
#9408 = DIRECTION('',(0.,0.,1.));
#9409 = DEFINITIONAL_REPRESENTATION('',(#9410),#9414);
#9410 = LINE('',#9411,#9412);
#9411 = CARTESIAN_POINT('',(1.25,0.));
#9412 = VECTOR('',#9413,1.);
#9413 = DIRECTION('',(0.,-1.));
#9414 = ( GEOMETRIC_REPRESENTATION_CONTEXT(2) 
PARAMETRIC_REPRESENTATION_CONTEXT() REPRESENTATION_CONTEXT('2D SPACE',''
  ) );
#9415 = ORIENTED_EDGE('',*,*,#9416,.T.);
#9416 = EDGE_CURVE('',#9389,#9417,#9419,.T.);
#9417 = VERTEX_POINT('',#9418);
#9418 = CARTESIAN_POINT('',(2.55,5.15,5.35));
#9419 = SURFACE_CURVE('',#9420,(#9425,#9432),.PCURVE_S1.);
#9420 = CIRCLE('',#9421,0.2);
#9421 = AXIS2_PLACEMENT_3D('',#9422,#9423,#9424);
#9422 = CARTESIAN_POINT('',(2.55,4.95,5.35));
#9423 = DIRECTION('',(0.,0.,1.));
#9424 = DIRECTION('',(0.,-1.,0.));
#9425 = PCURVE('',#9205,#9426);
#9426 = DEFINITIONAL_REPRESENTATION('',(#9427),#9431);
#9427 = CIRCLE('',#9428,0.2);
#9428 = AXIS2_PLACEMENT_2D('',#9429,#9430);
#9429 = CARTESIAN_POINT('',(7.3,10.1));
#9430 = DIRECTION('',(0.,-1.));
#9431 = ( GEOMETRIC_REPRESENTATION_CONTEXT(2) 
PARAMETRIC_REPRESENTATION_CONTEXT() REPRESENTATION_CONTEXT('2D SPACE',''
  ) );
#9432 = PCURVE('',#9433,#9438);
#9433 = CYLINDRICAL_SURFACE('',#9434,0.2);
#9434 = AXIS2_PLACEMENT_3D('',#9435,#9436,#9437);
#9435 = CARTESIAN_POINT('',(2.55,4.95,4.1));
#9436 = DIRECTION('',(0.,0.,1.));
#9437 = DIRECTION('',(1.,0.,-0.));
#9438 = DEFINITIONAL_REPRESENTATION('',(#9439),#9443);
#9439 = LINE('',#9440,#9441);
#9440 = CARTESIAN_POINT('',(-1.570796326795,1.25));
#9441 = VECTOR('',#9442,1.);
#9442 = DIRECTION('',(1.,0.));
#9443 = ( GEOMETRIC_REPRESENTATION_CONTEXT(2) 
PARAMETRIC_REPRESENTATION_CONTEXT() REPRESENTATION_CONTEXT('2D SPACE',''
  ) );
#9444 = ORIENTED_EDGE('',*,*,#9445,.F.);
#9445 = EDGE_CURVE('',#9446,#9417,#9448,.T.);
#9446 = VERTEX_POINT('',#9447);
#9447 = CARTESIAN_POINT('',(-4.55,5.15,5.35));
#9448 = SURFACE_CURVE('',#9449,(#9453,#9460),.PCURVE_S1.);
#9449 = LINE('',#9450,#9451);
#9450 = CARTESIAN_POINT('',(-4.75,5.15,5.35));
#9451 = VECTOR('',#9452,1.);
#9452 = DIRECTION('',(1.,0.,0.));
#9453 = PCURVE('',#9205,#9454);
#9454 = DEFINITIONAL_REPRESENTATION('',(#9455),#9459);
#9455 = LINE('',#9456,#9457);
#9456 = CARTESIAN_POINT('',(0.,10.3));
#9457 = VECTOR('',#9458,1.);
#9458 = DIRECTION('',(1.,0.));
#9459 = ( GEOMETRIC_REPRESENTATION_CONTEXT(2) 
PARAMETRIC_REPRESENTATION_CONTEXT() REPRESENTATION_CONTEXT('2D SPACE',''
  ) );
#9460 = PCURVE('',#9461,#9466);
#9461 = PLANE('',#9462);
#9462 = AXIS2_PLACEMENT_3D('',#9463,#9464,#9465);
#9463 = CARTESIAN_POINT('',(-4.75,5.15,4.1));
#9464 = DIRECTION('',(0.,1.,0.));
#9465 = DIRECTION('',(0.,0.,1.));
#9466 = DEFINITIONAL_REPRESENTATION('',(#9467),#9471);
#9467 = LINE('',#9468,#9469);
#9468 = CARTESIAN_POINT('',(1.25,0.));
#9469 = VECTOR('',#9470,1.);
#9470 = DIRECTION('',(0.,1.));
#9471 = ( GEOMETRIC_REPRESENTATION_CONTEXT(2) 
PARAMETRIC_REPRESENTATION_CONTEXT() REPRESENTATION_CONTEXT('2D SPACE',''
  ) );
#9472 = ORIENTED_EDGE('',*,*,#9473,.F.);
#9473 = EDGE_CURVE('',#9185,#9446,#9474,.T.);
#9474 = SURFACE_CURVE('',#9475,(#9480,#9491),.PCURVE_S1.);
#9475 = CIRCLE('',#9476,0.2);
#9476 = AXIS2_PLACEMENT_3D('',#9477,#9478,#9479);
#9477 = CARTESIAN_POINT('',(-4.55,4.95,5.35));
#9478 = DIRECTION('',(-0.,-0.,-1.));
#9479 = DIRECTION('',(0.,-1.,0.));
#9480 = PCURVE('',#9205,#9481);
#9481 = DEFINITIONAL_REPRESENTATION('',(#9482),#9490);
#9482 = ( BOUNDED_CURVE() B_SPLINE_CURVE(2,(#9483,#9484,#9485,#9486,
#9487,#9488,#9489),.UNSPECIFIED.,.T.,.F.) B_SPLINE_CURVE_WITH_KNOTS((1,2
    ,2,2,2,1),(-2.094395102393,0.,2.094395102393,4.188790204786,
6.28318530718,8.377580409573),.UNSPECIFIED.) CURVE() 
GEOMETRIC_REPRESENTATION_ITEM() RATIONAL_B_SPLINE_CURVE((1.,0.5,1.,0.5,
1.,0.5,1.)) REPRESENTATION_ITEM('') );
#9483 = CARTESIAN_POINT('',(0.2,9.9));
#9484 = CARTESIAN_POINT('',(-0.146410161514,9.9));
#9485 = CARTESIAN_POINT('',(2.679491924311E-02,10.2));
#9486 = CARTESIAN_POINT('',(0.2,10.5));
#9487 = CARTESIAN_POINT('',(0.373205080757,10.2));
#9488 = CARTESIAN_POINT('',(0.546410161514,9.9));
#9489 = CARTESIAN_POINT('',(0.2,9.9));
#9490 = ( GEOMETRIC_REPRESENTATION_CONTEXT(2) 
PARAMETRIC_REPRESENTATION_CONTEXT() REPRESENTATION_CONTEXT('2D SPACE',''
  ) );
#9491 = PCURVE('',#9287,#9492);
#9492 = DEFINITIONAL_REPRESENTATION('',(#9493),#9497);
#9493 = LINE('',#9494,#9495);
#9494 = CARTESIAN_POINT('',(1.570796326795,1.25));
#9495 = VECTOR('',#9496,1.);
#9496 = DIRECTION('',(-1.,0.));
#9497 = ( GEOMETRIC_REPRESENTATION_CONTEXT(2) 
PARAMETRIC_REPRESENTATION_CONTEXT() REPRESENTATION_CONTEXT('2D SPACE',''
  ) );
#9498 = ADVANCED_FACE('',(#9499),#9233,.T.);
#9499 = FACE_BOUND('',#9500,.T.);
#9500 = EDGE_LOOP('',(#9501,#9525,#9546,#9547));
#9501 = ORIENTED_EDGE('',*,*,#9502,.T.);
#9502 = EDGE_CURVE('',#9218,#9503,#9505,.T.);
#9503 = VERTEX_POINT('',#9504);
#9504 = CARTESIAN_POINT('',(-4.55,-5.15,4.1));
#9505 = SURFACE_CURVE('',#9506,(#9511,#9518),.PCURVE_S1.);
#9506 = CIRCLE('',#9507,0.2);
#9507 = AXIS2_PLACEMENT_3D('',#9508,#9509,#9510);
#9508 = CARTESIAN_POINT('',(-4.55,-4.95,4.1));
#9509 = DIRECTION('',(0.,0.,1.));
#9510 = DIRECTION('',(0.,-1.,0.));
#9511 = PCURVE('',#9233,#9512);
#9512 = DEFINITIONAL_REPRESENTATION('',(#9513),#9517);
#9513 = LINE('',#9514,#9515);
#9514 = CARTESIAN_POINT('',(-4.712388980385,0.));
#9515 = VECTOR('',#9516,1.);
#9516 = DIRECTION('',(1.,0.));
#9517 = ( GEOMETRIC_REPRESENTATION_CONTEXT(2) 
PARAMETRIC_REPRESENTATION_CONTEXT() REPRESENTATION_CONTEXT('2D SPACE',''
  ) );
#9518 = PCURVE('',#9261,#9519);
#9519 = DEFINITIONAL_REPRESENTATION('',(#9520),#9524);
#9520 = CIRCLE('',#9521,0.2);
#9521 = AXIS2_PLACEMENT_2D('',#9522,#9523);
#9522 = CARTESIAN_POINT('',(0.2,0.2));
#9523 = DIRECTION('',(0.,-1.));
#9524 = ( GEOMETRIC_REPRESENTATION_CONTEXT(2) 
PARAMETRIC_REPRESENTATION_CONTEXT() REPRESENTATION_CONTEXT('2D SPACE',''
  ) );
#9525 = ORIENTED_EDGE('',*,*,#9526,.T.);
#9526 = EDGE_CURVE('',#9503,#9304,#9527,.T.);
#9527 = SURFACE_CURVE('',#9528,(#9532,#9539),.PCURVE_S1.);
#9528 = LINE('',#9529,#9530);
#9529 = CARTESIAN_POINT('',(-4.55,-5.15,4.1));
#9530 = VECTOR('',#9531,1.);
#9531 = DIRECTION('',(0.,0.,1.));
#9532 = PCURVE('',#9233,#9533);
#9533 = DEFINITIONAL_REPRESENTATION('',(#9534),#9538);
#9534 = LINE('',#9535,#9536);
#9535 = CARTESIAN_POINT('',(1.570796326795,0.));
#9536 = VECTOR('',#9537,1.);
#9537 = DIRECTION('',(0.,1.));
#9538 = ( GEOMETRIC_REPRESENTATION_CONTEXT(2) 
PARAMETRIC_REPRESENTATION_CONTEXT() REPRESENTATION_CONTEXT('2D SPACE',''
  ) );
#9539 = PCURVE('',#9343,#9540);
#9540 = DEFINITIONAL_REPRESENTATION('',(#9541),#9545);
#9541 = LINE('',#9542,#9543);
#9542 = CARTESIAN_POINT('',(0.,0.2));
#9543 = VECTOR('',#9544,1.);
#9544 = DIRECTION('',(1.,0.));
#9545 = ( GEOMETRIC_REPRESENTATION_CONTEXT(2) 
PARAMETRIC_REPRESENTATION_CONTEXT() REPRESENTATION_CONTEXT('2D SPACE',''
  ) );
#9546 = ORIENTED_EDGE('',*,*,#9303,.F.);
#9547 = ORIENTED_EDGE('',*,*,#9217,.F.);
#9548 = ADVANCED_FACE('',(#9549),#9287,.T.);
#9549 = FACE_BOUND('',#9550,.F.);
#9550 = EDGE_LOOP('',(#9551,#9579,#9600,#9601));
#9551 = ORIENTED_EDGE('',*,*,#9552,.T.);
#9552 = EDGE_CURVE('',#9246,#9553,#9555,.T.);
#9553 = VERTEX_POINT('',#9554);
#9554 = CARTESIAN_POINT('',(-4.55,5.15,4.1));
#9555 = SURFACE_CURVE('',#9556,(#9561,#9568),.PCURVE_S1.);
#9556 = CIRCLE('',#9557,0.2);
#9557 = AXIS2_PLACEMENT_3D('',#9558,#9559,#9560);
#9558 = CARTESIAN_POINT('',(-4.55,4.95,4.1));
#9559 = DIRECTION('',(-0.,-0.,-1.));
#9560 = DIRECTION('',(0.,-1.,0.));
#9561 = PCURVE('',#9287,#9562);
#9562 = DEFINITIONAL_REPRESENTATION('',(#9563),#9567);
#9563 = LINE('',#9564,#9565);
#9564 = CARTESIAN_POINT('',(1.570796326795,-0.));
#9565 = VECTOR('',#9566,1.);
#9566 = DIRECTION('',(-1.,0.));
#9567 = ( GEOMETRIC_REPRESENTATION_CONTEXT(2) 
PARAMETRIC_REPRESENTATION_CONTEXT() REPRESENTATION_CONTEXT('2D SPACE',''
  ) );
#9568 = PCURVE('',#9261,#9569);
#9569 = DEFINITIONAL_REPRESENTATION('',(#9570),#9578);
#9570 = ( BOUNDED_CURVE() B_SPLINE_CURVE(2,(#9571,#9572,#9573,#9574,
#9575,#9576,#9577),.UNSPECIFIED.,.T.,.F.) B_SPLINE_CURVE_WITH_KNOTS((1,2
    ,2,2,2,1),(-2.094395102393,0.,2.094395102393,4.188790204786,
6.28318530718,8.377580409573),.UNSPECIFIED.) CURVE() 
GEOMETRIC_REPRESENTATION_ITEM() RATIONAL_B_SPLINE_CURVE((1.,0.5,1.,0.5,
1.,0.5,1.)) REPRESENTATION_ITEM('') );
#9571 = CARTESIAN_POINT('',(0.2,9.9));
#9572 = CARTESIAN_POINT('',(-0.146410161514,9.9));
#9573 = CARTESIAN_POINT('',(2.679491924311E-02,10.2));
#9574 = CARTESIAN_POINT('',(0.2,10.5));
#9575 = CARTESIAN_POINT('',(0.373205080757,10.2));
#9576 = CARTESIAN_POINT('',(0.546410161514,9.9));
#9577 = CARTESIAN_POINT('',(0.2,9.9));
#9578 = ( GEOMETRIC_REPRESENTATION_CONTEXT(2) 
PARAMETRIC_REPRESENTATION_CONTEXT() REPRESENTATION_CONTEXT('2D SPACE',''
  ) );
#9579 = ORIENTED_EDGE('',*,*,#9580,.T.);
#9580 = EDGE_CURVE('',#9553,#9446,#9581,.T.);
#9581 = SURFACE_CURVE('',#9582,(#9586,#9593),.PCURVE_S1.);
#9582 = LINE('',#9583,#9584);
#9583 = CARTESIAN_POINT('',(-4.55,5.15,4.1));
#9584 = VECTOR('',#9585,1.);
#9585 = DIRECTION('',(0.,0.,1.));
#9586 = PCURVE('',#9287,#9587);
#9587 = DEFINITIONAL_REPRESENTATION('',(#9588),#9592);
#9588 = LINE('',#9589,#9590);
#9589 = CARTESIAN_POINT('',(-1.570796326795,0.));
#9590 = VECTOR('',#9591,1.);
#9591 = DIRECTION('',(-0.,1.));
#9592 = ( GEOMETRIC_REPRESENTATION_CONTEXT(2) 
PARAMETRIC_REPRESENTATION_CONTEXT() REPRESENTATION_CONTEXT('2D SPACE',''
  ) );
#9593 = PCURVE('',#9461,#9594);
#9594 = DEFINITIONAL_REPRESENTATION('',(#9595),#9599);
#9595 = LINE('',#9596,#9597);
#9596 = CARTESIAN_POINT('',(0.,0.2));
#9597 = VECTOR('',#9598,1.);
#9598 = DIRECTION('',(1.,0.));
#9599 = ( GEOMETRIC_REPRESENTATION_CONTEXT(2) 
PARAMETRIC_REPRESENTATION_CONTEXT() REPRESENTATION_CONTEXT('2D SPACE',''
  ) );
#9600 = ORIENTED_EDGE('',*,*,#9473,.F.);
#9601 = ORIENTED_EDGE('',*,*,#9273,.F.);
#9602 = ADVANCED_FACE('',(#9603),#9261,.F.);
#9603 = FACE_BOUND('',#9604,.F.);
#9604 = EDGE_LOOP('',(#9605,#9606,#9607,#9630,#9658,#9681,#9705,#9726));
#9605 = ORIENTED_EDGE('',*,*,#9245,.F.);
#9606 = ORIENTED_EDGE('',*,*,#9502,.T.);
#9607 = ORIENTED_EDGE('',*,*,#9608,.T.);
#9608 = EDGE_CURVE('',#9503,#9609,#9611,.T.);
#9609 = VERTEX_POINT('',#9610);
#9610 = CARTESIAN_POINT('',(2.55,-5.15,4.1));
#9611 = SURFACE_CURVE('',#9612,(#9616,#9623),.PCURVE_S1.);
#9612 = LINE('',#9613,#9614);
#9613 = CARTESIAN_POINT('',(-4.75,-5.15,4.1));
#9614 = VECTOR('',#9615,1.);
#9615 = DIRECTION('',(1.,0.,0.));
#9616 = PCURVE('',#9261,#9617);
#9617 = DEFINITIONAL_REPRESENTATION('',(#9618),#9622);
#9618 = LINE('',#9619,#9620);
#9619 = CARTESIAN_POINT('',(0.,0.));
#9620 = VECTOR('',#9621,1.);
#9621 = DIRECTION('',(1.,0.));
#9622 = ( GEOMETRIC_REPRESENTATION_CONTEXT(2) 
PARAMETRIC_REPRESENTATION_CONTEXT() REPRESENTATION_CONTEXT('2D SPACE',''
  ) );
#9623 = PCURVE('',#9343,#9624);
#9624 = DEFINITIONAL_REPRESENTATION('',(#9625),#9629);
#9625 = LINE('',#9626,#9627);
#9626 = CARTESIAN_POINT('',(0.,0.));
#9627 = VECTOR('',#9628,1.);
#9628 = DIRECTION('',(0.,1.));
#9629 = ( GEOMETRIC_REPRESENTATION_CONTEXT(2) 
PARAMETRIC_REPRESENTATION_CONTEXT() REPRESENTATION_CONTEXT('2D SPACE',''
  ) );
#9630 = ORIENTED_EDGE('',*,*,#9631,.F.);
#9631 = EDGE_CURVE('',#9632,#9609,#9634,.T.);
#9632 = VERTEX_POINT('',#9633);
#9633 = CARTESIAN_POINT('',(2.75,-4.95,4.1));
#9634 = SURFACE_CURVE('',#9635,(#9640,#9651),.PCURVE_S1.);
#9635 = CIRCLE('',#9636,0.2);
#9636 = AXIS2_PLACEMENT_3D('',#9637,#9638,#9639);
#9637 = CARTESIAN_POINT('',(2.55,-4.95,4.1));
#9638 = DIRECTION('',(-0.,-0.,-1.));
#9639 = DIRECTION('',(0.,-1.,0.));
#9640 = PCURVE('',#9261,#9641);
#9641 = DEFINITIONAL_REPRESENTATION('',(#9642),#9650);
#9642 = ( BOUNDED_CURVE() B_SPLINE_CURVE(2,(#9643,#9644,#9645,#9646,
#9647,#9648,#9649),.UNSPECIFIED.,.T.,.F.) B_SPLINE_CURVE_WITH_KNOTS((1,2
    ,2,2,2,1),(-2.094395102393,0.,2.094395102393,4.188790204786,
6.28318530718,8.377580409573),.UNSPECIFIED.) CURVE() 
GEOMETRIC_REPRESENTATION_ITEM() RATIONAL_B_SPLINE_CURVE((1.,0.5,1.,0.5,
1.,0.5,1.)) REPRESENTATION_ITEM('') );
#9643 = CARTESIAN_POINT('',(7.3,1.665334536938E-16));
#9644 = CARTESIAN_POINT('',(6.953589838486,1.665334536938E-16));
#9645 = CARTESIAN_POINT('',(7.126794919243,0.3));
#9646 = CARTESIAN_POINT('',(7.3,0.6));
#9647 = CARTESIAN_POINT('',(7.473205080757,0.3));
#9648 = CARTESIAN_POINT('',(7.646410161514,4.718447854657E-16));
#9649 = CARTESIAN_POINT('',(7.3,1.665334536938E-16));
#9650 = ( GEOMETRIC_REPRESENTATION_CONTEXT(2) 
PARAMETRIC_REPRESENTATION_CONTEXT() REPRESENTATION_CONTEXT('2D SPACE',''
  ) );
#9651 = PCURVE('',#9376,#9652);
#9652 = DEFINITIONAL_REPRESENTATION('',(#9653),#9657);
#9653 = LINE('',#9654,#9655);
#9654 = CARTESIAN_POINT('',(4.712388980385,-0.));
#9655 = VECTOR('',#9656,1.);
#9656 = DIRECTION('',(-1.,0.));
#9657 = ( GEOMETRIC_REPRESENTATION_CONTEXT(2) 
PARAMETRIC_REPRESENTATION_CONTEXT() REPRESENTATION_CONTEXT('2D SPACE',''
  ) );
#9658 = ORIENTED_EDGE('',*,*,#9659,.T.);
#9659 = EDGE_CURVE('',#9632,#9660,#9662,.T.);
#9660 = VERTEX_POINT('',#9661);
#9661 = CARTESIAN_POINT('',(2.75,4.95,4.1));
#9662 = SURFACE_CURVE('',#9663,(#9667,#9674),.PCURVE_S1.);
#9663 = LINE('',#9664,#9665);
#9664 = CARTESIAN_POINT('',(2.75,-5.15,4.1));
#9665 = VECTOR('',#9666,1.);
#9666 = DIRECTION('',(0.,1.,0.));
#9667 = PCURVE('',#9261,#9668);
#9668 = DEFINITIONAL_REPRESENTATION('',(#9669),#9673);
#9669 = LINE('',#9670,#9671);
#9670 = CARTESIAN_POINT('',(7.5,0.));
#9671 = VECTOR('',#9672,1.);
#9672 = DIRECTION('',(0.,1.));
#9673 = ( GEOMETRIC_REPRESENTATION_CONTEXT(2) 
PARAMETRIC_REPRESENTATION_CONTEXT() REPRESENTATION_CONTEXT('2D SPACE',''
  ) );
#9674 = PCURVE('',#9404,#9675);
#9675 = DEFINITIONAL_REPRESENTATION('',(#9676),#9680);
#9676 = LINE('',#9677,#9678);
#9677 = CARTESIAN_POINT('',(0.,0.));
#9678 = VECTOR('',#9679,1.);
#9679 = DIRECTION('',(0.,-1.));
#9680 = ( GEOMETRIC_REPRESENTATION_CONTEXT(2) 
PARAMETRIC_REPRESENTATION_CONTEXT() REPRESENTATION_CONTEXT('2D SPACE',''
  ) );
#9681 = ORIENTED_EDGE('',*,*,#9682,.T.);
#9682 = EDGE_CURVE('',#9660,#9683,#9685,.T.);
#9683 = VERTEX_POINT('',#9684);
#9684 = CARTESIAN_POINT('',(2.55,5.15,4.1));
#9685 = SURFACE_CURVE('',#9686,(#9691,#9698),.PCURVE_S1.);
#9686 = CIRCLE('',#9687,0.2);
#9687 = AXIS2_PLACEMENT_3D('',#9688,#9689,#9690);
#9688 = CARTESIAN_POINT('',(2.55,4.95,4.1));
#9689 = DIRECTION('',(0.,0.,1.));
#9690 = DIRECTION('',(0.,-1.,0.));
#9691 = PCURVE('',#9261,#9692);
#9692 = DEFINITIONAL_REPRESENTATION('',(#9693),#9697);
#9693 = CIRCLE('',#9694,0.2);
#9694 = AXIS2_PLACEMENT_2D('',#9695,#9696);
#9695 = CARTESIAN_POINT('',(7.3,10.1));
#9696 = DIRECTION('',(0.,-1.));
#9697 = ( GEOMETRIC_REPRESENTATION_CONTEXT(2) 
PARAMETRIC_REPRESENTATION_CONTEXT() REPRESENTATION_CONTEXT('2D SPACE',''
  ) );
#9698 = PCURVE('',#9433,#9699);
#9699 = DEFINITIONAL_REPRESENTATION('',(#9700),#9704);
#9700 = LINE('',#9701,#9702);
#9701 = CARTESIAN_POINT('',(-1.570796326795,0.));
#9702 = VECTOR('',#9703,1.);
#9703 = DIRECTION('',(1.,0.));
#9704 = ( GEOMETRIC_REPRESENTATION_CONTEXT(2) 
PARAMETRIC_REPRESENTATION_CONTEXT() REPRESENTATION_CONTEXT('2D SPACE',''
  ) );
#9705 = ORIENTED_EDGE('',*,*,#9706,.F.);
#9706 = EDGE_CURVE('',#9553,#9683,#9707,.T.);
#9707 = SURFACE_CURVE('',#9708,(#9712,#9719),.PCURVE_S1.);
#9708 = LINE('',#9709,#9710);
#9709 = CARTESIAN_POINT('',(-4.75,5.15,4.1));
#9710 = VECTOR('',#9711,1.);
#9711 = DIRECTION('',(1.,0.,0.));
#9712 = PCURVE('',#9261,#9713);
#9713 = DEFINITIONAL_REPRESENTATION('',(#9714),#9718);
#9714 = LINE('',#9715,#9716);
#9715 = CARTESIAN_POINT('',(0.,10.3));
#9716 = VECTOR('',#9717,1.);
#9717 = DIRECTION('',(1.,0.));
#9718 = ( GEOMETRIC_REPRESENTATION_CONTEXT(2) 
PARAMETRIC_REPRESENTATION_CONTEXT() REPRESENTATION_CONTEXT('2D SPACE',''
  ) );
#9719 = PCURVE('',#9461,#9720);
#9720 = DEFINITIONAL_REPRESENTATION('',(#9721),#9725);
#9721 = LINE('',#9722,#9723);
#9722 = CARTESIAN_POINT('',(0.,0.));
#9723 = VECTOR('',#9724,1.);
#9724 = DIRECTION('',(0.,1.));
#9725 = ( GEOMETRIC_REPRESENTATION_CONTEXT(2) 
PARAMETRIC_REPRESENTATION_CONTEXT() REPRESENTATION_CONTEXT('2D SPACE',''
  ) );
#9726 = ORIENTED_EDGE('',*,*,#9552,.F.);
#9727 = ADVANCED_FACE('',(#9728),#9343,.F.);
#9728 = FACE_BOUND('',#9729,.F.);
#9729 = EDGE_LOOP('',(#9730,#9731,#9732,#9733));
#9730 = ORIENTED_EDGE('',*,*,#9608,.F.);
#9731 = ORIENTED_EDGE('',*,*,#9526,.T.);
#9732 = ORIENTED_EDGE('',*,*,#9327,.T.);
#9733 = ORIENTED_EDGE('',*,*,#9734,.F.);
#9734 = EDGE_CURVE('',#9609,#9328,#9735,.T.);
#9735 = SURFACE_CURVE('',#9736,(#9740,#9747),.PCURVE_S1.);
#9736 = LINE('',#9737,#9738);
#9737 = CARTESIAN_POINT('',(2.55,-5.15,4.1));
#9738 = VECTOR('',#9739,1.);
#9739 = DIRECTION('',(0.,0.,1.));
#9740 = PCURVE('',#9343,#9741);
#9741 = DEFINITIONAL_REPRESENTATION('',(#9742),#9746);
#9742 = LINE('',#9743,#9744);
#9743 = CARTESIAN_POINT('',(0.,7.3));
#9744 = VECTOR('',#9745,1.);
#9745 = DIRECTION('',(1.,0.));
#9746 = ( GEOMETRIC_REPRESENTATION_CONTEXT(2) 
PARAMETRIC_REPRESENTATION_CONTEXT() REPRESENTATION_CONTEXT('2D SPACE',''
  ) );
#9747 = PCURVE('',#9376,#9748);
#9748 = DEFINITIONAL_REPRESENTATION('',(#9749),#9753);
#9749 = LINE('',#9750,#9751);
#9750 = CARTESIAN_POINT('',(-1.570796326795,0.));
#9751 = VECTOR('',#9752,1.);
#9752 = DIRECTION('',(-0.,1.));
#9753 = ( GEOMETRIC_REPRESENTATION_CONTEXT(2) 
PARAMETRIC_REPRESENTATION_CONTEXT() REPRESENTATION_CONTEXT('2D SPACE',''
  ) );
#9754 = ADVANCED_FACE('',(#9755),#9461,.T.);
#9755 = FACE_BOUND('',#9756,.T.);
#9756 = EDGE_LOOP('',(#9757,#9758,#9759,#9760));
#9757 = ORIENTED_EDGE('',*,*,#9706,.F.);
#9758 = ORIENTED_EDGE('',*,*,#9580,.T.);
#9759 = ORIENTED_EDGE('',*,*,#9445,.T.);
#9760 = ORIENTED_EDGE('',*,*,#9761,.F.);
#9761 = EDGE_CURVE('',#9683,#9417,#9762,.T.);
#9762 = SURFACE_CURVE('',#9763,(#9767,#9774),.PCURVE_S1.);
#9763 = LINE('',#9764,#9765);
#9764 = CARTESIAN_POINT('',(2.55,5.15,4.1));
#9765 = VECTOR('',#9766,1.);
#9766 = DIRECTION('',(0.,0.,1.));
#9767 = PCURVE('',#9461,#9768);
#9768 = DEFINITIONAL_REPRESENTATION('',(#9769),#9773);
#9769 = LINE('',#9770,#9771);
#9770 = CARTESIAN_POINT('',(0.,7.3));
#9771 = VECTOR('',#9772,1.);
#9772 = DIRECTION('',(1.,0.));
#9773 = ( GEOMETRIC_REPRESENTATION_CONTEXT(2) 
PARAMETRIC_REPRESENTATION_CONTEXT() REPRESENTATION_CONTEXT('2D SPACE',''
  ) );
#9774 = PCURVE('',#9433,#9775);
#9775 = DEFINITIONAL_REPRESENTATION('',(#9776),#9780);
#9776 = LINE('',#9777,#9778);
#9777 = CARTESIAN_POINT('',(1.570796326795,0.));
#9778 = VECTOR('',#9779,1.);
#9779 = DIRECTION('',(0.,1.));
#9780 = ( GEOMETRIC_REPRESENTATION_CONTEXT(2) 
PARAMETRIC_REPRESENTATION_CONTEXT() REPRESENTATION_CONTEXT('2D SPACE',''
  ) );
#9781 = ADVANCED_FACE('',(#9782),#9376,.T.);
#9782 = FACE_BOUND('',#9783,.F.);
#9783 = EDGE_LOOP('',(#9784,#9785,#9786,#9787));
#9784 = ORIENTED_EDGE('',*,*,#9631,.T.);
#9785 = ORIENTED_EDGE('',*,*,#9734,.T.);
#9786 = ORIENTED_EDGE('',*,*,#9355,.F.);
#9787 = ORIENTED_EDGE('',*,*,#9788,.F.);
#9788 = EDGE_CURVE('',#9632,#9356,#9789,.T.);
#9789 = SURFACE_CURVE('',#9790,(#9794,#9801),.PCURVE_S1.);
#9790 = LINE('',#9791,#9792);
#9791 = CARTESIAN_POINT('',(2.75,-4.95,4.1));
#9792 = VECTOR('',#9793,1.);
#9793 = DIRECTION('',(0.,0.,1.));
#9794 = PCURVE('',#9376,#9795);
#9795 = DEFINITIONAL_REPRESENTATION('',(#9796),#9800);
#9796 = LINE('',#9797,#9798);
#9797 = CARTESIAN_POINT('',(-0.,0.));
#9798 = VECTOR('',#9799,1.);
#9799 = DIRECTION('',(-0.,1.));
#9800 = ( GEOMETRIC_REPRESENTATION_CONTEXT(2) 
PARAMETRIC_REPRESENTATION_CONTEXT() REPRESENTATION_CONTEXT('2D SPACE',''
  ) );
#9801 = PCURVE('',#9404,#9802);
#9802 = DEFINITIONAL_REPRESENTATION('',(#9803),#9807);
#9803 = LINE('',#9804,#9805);
#9804 = CARTESIAN_POINT('',(0.,-0.2));
#9805 = VECTOR('',#9806,1.);
#9806 = DIRECTION('',(1.,0.));
#9807 = ( GEOMETRIC_REPRESENTATION_CONTEXT(2) 
PARAMETRIC_REPRESENTATION_CONTEXT() REPRESENTATION_CONTEXT('2D SPACE',''
  ) );
#9808 = ADVANCED_FACE('',(#9809),#9433,.T.);
#9809 = FACE_BOUND('',#9810,.T.);
#9810 = EDGE_LOOP('',(#9811,#9812,#9813,#9814));
#9811 = ORIENTED_EDGE('',*,*,#9682,.T.);
#9812 = ORIENTED_EDGE('',*,*,#9761,.T.);
#9813 = ORIENTED_EDGE('',*,*,#9416,.F.);
#9814 = ORIENTED_EDGE('',*,*,#9815,.F.);
#9815 = EDGE_CURVE('',#9660,#9389,#9816,.T.);
#9816 = SURFACE_CURVE('',#9817,(#9821,#9828),.PCURVE_S1.);
#9817 = LINE('',#9818,#9819);
#9818 = CARTESIAN_POINT('',(2.75,4.95,4.1));
#9819 = VECTOR('',#9820,1.);
#9820 = DIRECTION('',(0.,0.,1.));
#9821 = PCURVE('',#9433,#9822);
#9822 = DEFINITIONAL_REPRESENTATION('',(#9823),#9827);
#9823 = LINE('',#9824,#9825);
#9824 = CARTESIAN_POINT('',(0.,0.));
#9825 = VECTOR('',#9826,1.);
#9826 = DIRECTION('',(0.,1.));
#9827 = ( GEOMETRIC_REPRESENTATION_CONTEXT(2) 
PARAMETRIC_REPRESENTATION_CONTEXT() REPRESENTATION_CONTEXT('2D SPACE',''
  ) );
#9828 = PCURVE('',#9404,#9829);
#9829 = DEFINITIONAL_REPRESENTATION('',(#9830),#9834);
#9830 = LINE('',#9831,#9832);
#9831 = CARTESIAN_POINT('',(0.,-10.1));
#9832 = VECTOR('',#9833,1.);
#9833 = DIRECTION('',(1.,0.));
#9834 = ( GEOMETRIC_REPRESENTATION_CONTEXT(2) 
PARAMETRIC_REPRESENTATION_CONTEXT() REPRESENTATION_CONTEXT('2D SPACE',''
  ) );
#9835 = ADVANCED_FACE('',(#9836),#9404,.T.);
#9836 = FACE_BOUND('',#9837,.T.);
#9837 = EDGE_LOOP('',(#9838,#9839,#9840,#9841));
#9838 = ORIENTED_EDGE('',*,*,#9388,.F.);
#9839 = ORIENTED_EDGE('',*,*,#9788,.F.);
#9840 = ORIENTED_EDGE('',*,*,#9659,.T.);
#9841 = ORIENTED_EDGE('',*,*,#9815,.T.);
#9842 = ( GEOMETRIC_REPRESENTATION_CONTEXT(3) 
GLOBAL_UNCERTAINTY_ASSIGNED_CONTEXT((#9846)) 
GLOBAL_UNIT_ASSIGNED_CONTEXT((#9843,#9844,#9845)) REPRESENTATION_CONTEXT
('Context #1','3D Context with UNIT and UNCERTAINTY') );
#9843 = ( LENGTH_UNIT() NAMED_UNIT(*) SI_UNIT(.MILLI.,.METRE.) );
#9844 = ( NAMED_UNIT(*) PLANE_ANGLE_UNIT() SI_UNIT($,.RADIAN.) );
#9845 = ( NAMED_UNIT(*) SI_UNIT($,.STERADIAN.) SOLID_ANGLE_UNIT() );
#9846 = UNCERTAINTY_MEASURE_WITH_UNIT(LENGTH_MEASURE(1.E-07),#9843,
  'distance_accuracy_value','confusion accuracy');
#9847 = CONTEXT_DEPENDENT_SHAPE_REPRESENTATION(#9848,#9850);
#9848 = ( REPRESENTATION_RELATIONSHIP('','',#9175,#10) 
REPRESENTATION_RELATIONSHIP_WITH_TRANSFORMATION(#9849) 
SHAPE_REPRESENTATION_RELATIONSHIP() );
#9849 = ITEM_DEFINED_TRANSFORMATION('','',#11,#107);
#9850 = PRODUCT_DEFINITION_SHAPE('Placement','Placement of an item',
  #9851);
#9851 = NEXT_ASSEMBLY_USAGE_OCCURRENCE('115','mcp23017','',#5,#9170,$);
#9852 = PRODUCT_RELATED_PRODUCT_CATEGORY('part',$,(#9172));
#9853 = SHAPE_DEFINITION_REPRESENTATION(#9854,#9860);
#9854 = PRODUCT_DEFINITION_SHAPE('','',#9855);
#9855 = PRODUCT_DEFINITION('design','',#9856,#9859);
#9856 = PRODUCT_DEFINITION_FORMATION('','',#9857);
#9857 = PRODUCT('passive_1','passive_1','',(#9858));
#9858 = PRODUCT_CONTEXT('',#2,'mechanical');
#9859 = PRODUCT_DEFINITION_CONTEXT('part definition',#2,'design');
#9860 = ADVANCED_BREP_SHAPE_REPRESENTATION('',(#11,#9861),#10527);
#9861 = MANIFOLD_SOLID_BREP('',#9862);
#9862 = CLOSED_SHELL('',(#9863,#9983,#10183,#10233,#10287,#10412,#10439,
    #10466,#10493,#10520));
#9863 = ADVANCED_FACE('',(#9864),#9878,.F.);
#9864 = FACE_BOUND('',#9865,.F.);
#9865 = EDGE_LOOP('',(#9866,#9901,#9929,#9957));
#9866 = ORIENTED_EDGE('',*,*,#9867,.F.);
#9867 = EDGE_CURVE('',#9868,#9870,#9872,.T.);
#9868 = VERTEX_POINT('',#9869);
#9869 = CARTESIAN_POINT('',(3.6,-9.27,4.75));
#9870 = VERTEX_POINT('',#9871);
#9871 = CARTESIAN_POINT('',(3.6,-8.33,4.75));
#9872 = SURFACE_CURVE('',#9873,(#9877,#9889),.PCURVE_S1.);
#9873 = LINE('',#9874,#9875);
#9874 = CARTESIAN_POINT('',(3.6,-9.35,4.75));
#9875 = VECTOR('',#9876,1.);
#9876 = DIRECTION('',(0.,1.,0.));
#9877 = PCURVE('',#9878,#9883);
#9878 = PLANE('',#9879);
#9879 = AXIS2_PLACEMENT_3D('',#9880,#9881,#9882);
#9880 = CARTESIAN_POINT('',(3.6,-9.35,4.1));
#9881 = DIRECTION('',(1.,0.,0.));
#9882 = DIRECTION('',(0.,0.,1.));
#9883 = DEFINITIONAL_REPRESENTATION('',(#9884),#9888);
#9884 = LINE('',#9885,#9886);
#9885 = CARTESIAN_POINT('',(0.65,0.));
#9886 = VECTOR('',#9887,1.);
#9887 = DIRECTION('',(0.,-1.));
#9888 = ( GEOMETRIC_REPRESENTATION_CONTEXT(2) 
PARAMETRIC_REPRESENTATION_CONTEXT() REPRESENTATION_CONTEXT('2D SPACE',''
  ) );
#9889 = PCURVE('',#9890,#9895);
#9890 = PLANE('',#9891);
#9891 = AXIS2_PLACEMENT_3D('',#9892,#9893,#9894);
#9892 = CARTESIAN_POINT('',(3.6,-9.35,4.75));
#9893 = DIRECTION('',(0.,0.,1.));
#9894 = DIRECTION('',(1.,0.,0.));
#9895 = DEFINITIONAL_REPRESENTATION('',(#9896),#9900);
#9896 = LINE('',#9897,#9898);
#9897 = CARTESIAN_POINT('',(0.,0.));
#9898 = VECTOR('',#9899,1.);
#9899 = DIRECTION('',(0.,1.));
#9900 = ( GEOMETRIC_REPRESENTATION_CONTEXT(2) 
PARAMETRIC_REPRESENTATION_CONTEXT() REPRESENTATION_CONTEXT('2D SPACE',''
  ) );
#9901 = ORIENTED_EDGE('',*,*,#9902,.F.);
#9902 = EDGE_CURVE('',#9903,#9868,#9905,.T.);
#9903 = VERTEX_POINT('',#9904);
#9904 = CARTESIAN_POINT('',(3.6,-9.27,4.1));
#9905 = SURFACE_CURVE('',#9906,(#9910,#9917),.PCURVE_S1.);
#9906 = LINE('',#9907,#9908);
#9907 = CARTESIAN_POINT('',(3.6,-9.27,4.1));
#9908 = VECTOR('',#9909,1.);
#9909 = DIRECTION('',(0.,0.,1.));
#9910 = PCURVE('',#9878,#9911);
#9911 = DEFINITIONAL_REPRESENTATION('',(#9912),#9916);
#9912 = LINE('',#9913,#9914);
#9913 = CARTESIAN_POINT('',(0.,-8.E-02));
#9914 = VECTOR('',#9915,1.);
#9915 = DIRECTION('',(1.,0.));
#9916 = ( GEOMETRIC_REPRESENTATION_CONTEXT(2) 
PARAMETRIC_REPRESENTATION_CONTEXT() REPRESENTATION_CONTEXT('2D SPACE',''
  ) );
#9917 = PCURVE('',#9918,#9923);
#9918 = CYLINDRICAL_SURFACE('',#9919,8.E-02);
#9919 = AXIS2_PLACEMENT_3D('',#9920,#9921,#9922);
#9920 = CARTESIAN_POINT('',(3.68,-9.27,4.1));
#9921 = DIRECTION('',(0.,0.,1.));
#9922 = DIRECTION('',(-1.,-0.,0.));
#9923 = DEFINITIONAL_REPRESENTATION('',(#9924),#9928);
#9924 = LINE('',#9925,#9926);
#9925 = CARTESIAN_POINT('',(0.,0.));
#9926 = VECTOR('',#9927,1.);
#9927 = DIRECTION('',(0.,1.));
#9928 = ( GEOMETRIC_REPRESENTATION_CONTEXT(2) 
PARAMETRIC_REPRESENTATION_CONTEXT() REPRESENTATION_CONTEXT('2D SPACE',''
  ) );
#9929 = ORIENTED_EDGE('',*,*,#9930,.T.);
#9930 = EDGE_CURVE('',#9903,#9931,#9933,.T.);
#9931 = VERTEX_POINT('',#9932);
#9932 = CARTESIAN_POINT('',(3.6,-8.33,4.1));
#9933 = SURFACE_CURVE('',#9934,(#9938,#9945),.PCURVE_S1.);
#9934 = LINE('',#9935,#9936);
#9935 = CARTESIAN_POINT('',(3.6,-9.35,4.1));
#9936 = VECTOR('',#9937,1.);
#9937 = DIRECTION('',(0.,1.,0.));
#9938 = PCURVE('',#9878,#9939);
#9939 = DEFINITIONAL_REPRESENTATION('',(#9940),#9944);
#9940 = LINE('',#9941,#9942);
#9941 = CARTESIAN_POINT('',(0.,0.));
#9942 = VECTOR('',#9943,1.);
#9943 = DIRECTION('',(0.,-1.));
#9944 = ( GEOMETRIC_REPRESENTATION_CONTEXT(2) 
PARAMETRIC_REPRESENTATION_CONTEXT() REPRESENTATION_CONTEXT('2D SPACE',''
  ) );
#9945 = PCURVE('',#9946,#9951);
#9946 = PLANE('',#9947);
#9947 = AXIS2_PLACEMENT_3D('',#9948,#9949,#9950);
#9948 = CARTESIAN_POINT('',(3.6,-9.35,4.1));
#9949 = DIRECTION('',(0.,0.,1.));
#9950 = DIRECTION('',(1.,0.,0.));
#9951 = DEFINITIONAL_REPRESENTATION('',(#9952),#9956);
#9952 = LINE('',#9953,#9954);
#9953 = CARTESIAN_POINT('',(0.,0.));
#9954 = VECTOR('',#9955,1.);
#9955 = DIRECTION('',(0.,1.));
#9956 = ( GEOMETRIC_REPRESENTATION_CONTEXT(2) 
PARAMETRIC_REPRESENTATION_CONTEXT() REPRESENTATION_CONTEXT('2D SPACE',''
  ) );
#9957 = ORIENTED_EDGE('',*,*,#9958,.T.);
#9958 = EDGE_CURVE('',#9931,#9870,#9959,.T.);
#9959 = SURFACE_CURVE('',#9960,(#9964,#9971),.PCURVE_S1.);
#9960 = LINE('',#9961,#9962);
#9961 = CARTESIAN_POINT('',(3.6,-8.33,4.1));
#9962 = VECTOR('',#9963,1.);
#9963 = DIRECTION('',(0.,0.,1.));
#9964 = PCURVE('',#9878,#9965);
#9965 = DEFINITIONAL_REPRESENTATION('',(#9966),#9970);
#9966 = LINE('',#9967,#9968);
#9967 = CARTESIAN_POINT('',(0.,-1.02));
#9968 = VECTOR('',#9969,1.);
#9969 = DIRECTION('',(1.,0.));
#9970 = ( GEOMETRIC_REPRESENTATION_CONTEXT(2) 
PARAMETRIC_REPRESENTATION_CONTEXT() REPRESENTATION_CONTEXT('2D SPACE',''
  ) );
#9971 = PCURVE('',#9972,#9977);
#9972 = CYLINDRICAL_SURFACE('',#9973,8.E-02);
#9973 = AXIS2_PLACEMENT_3D('',#9974,#9975,#9976);
#9974 = CARTESIAN_POINT('',(3.68,-8.33,4.1));
#9975 = DIRECTION('',(0.,0.,1.));
#9976 = DIRECTION('',(-1.,-0.,0.));
#9977 = DEFINITIONAL_REPRESENTATION('',(#9978),#9982);
#9978 = LINE('',#9979,#9980);
#9979 = CARTESIAN_POINT('',(-0.,0.));
#9980 = VECTOR('',#9981,1.);
#9981 = DIRECTION('',(-0.,1.));
#9982 = ( GEOMETRIC_REPRESENTATION_CONTEXT(2) 
PARAMETRIC_REPRESENTATION_CONTEXT() REPRESENTATION_CONTEXT('2D SPACE',''
  ) );
#9983 = ADVANCED_FACE('',(#9984),#9890,.T.);
#9984 = FACE_BOUND('',#9985,.T.);
#9985 = EDGE_LOOP('',(#9986,#9987,#10011,#10039,#10072,#10100,#10129,
    #10157));
#9986 = ORIENTED_EDGE('',*,*,#9867,.F.);
#9987 = ORIENTED_EDGE('',*,*,#9988,.T.);
#9988 = EDGE_CURVE('',#9868,#9989,#9991,.T.);
#9989 = VERTEX_POINT('',#9990);
#9990 = CARTESIAN_POINT('',(3.68,-9.35,4.75));
#9991 = SURFACE_CURVE('',#9992,(#9997,#10004),.PCURVE_S1.);
#9992 = CIRCLE('',#9993,8.E-02);
#9993 = AXIS2_PLACEMENT_3D('',#9994,#9995,#9996);
#9994 = CARTESIAN_POINT('',(3.68,-9.27,4.75));
#9995 = DIRECTION('',(0.,0.,1.));
#9996 = DIRECTION('',(0.,-1.,0.));
#9997 = PCURVE('',#9890,#9998);
#9998 = DEFINITIONAL_REPRESENTATION('',(#9999),#10003);
#9999 = CIRCLE('',#10000,8.E-02);
#10000 = AXIS2_PLACEMENT_2D('',#10001,#10002);
#10001 = CARTESIAN_POINT('',(8.E-02,8.E-02));
#10002 = DIRECTION('',(0.,-1.));
#10003 = ( GEOMETRIC_REPRESENTATION_CONTEXT(2) 
PARAMETRIC_REPRESENTATION_CONTEXT() REPRESENTATION_CONTEXT('2D SPACE',''
  ) );
#10004 = PCURVE('',#9918,#10005);
#10005 = DEFINITIONAL_REPRESENTATION('',(#10006),#10010);
#10006 = LINE('',#10007,#10008);
#10007 = CARTESIAN_POINT('',(-4.712388980385,0.65));
#10008 = VECTOR('',#10009,1.);
#10009 = DIRECTION('',(1.,0.));
#10010 = ( GEOMETRIC_REPRESENTATION_CONTEXT(2) 
PARAMETRIC_REPRESENTATION_CONTEXT() REPRESENTATION_CONTEXT('2D SPACE',''
  ) );
#10011 = ORIENTED_EDGE('',*,*,#10012,.T.);
#10012 = EDGE_CURVE('',#9989,#10013,#10015,.T.);
#10013 = VERTEX_POINT('',#10014);
#10014 = CARTESIAN_POINT('',(5.52,-9.35,4.75));
#10015 = SURFACE_CURVE('',#10016,(#10020,#10027),.PCURVE_S1.);
#10016 = LINE('',#10017,#10018);
#10017 = CARTESIAN_POINT('',(3.6,-9.35,4.75));
#10018 = VECTOR('',#10019,1.);
#10019 = DIRECTION('',(1.,0.,0.));
#10020 = PCURVE('',#9890,#10021);
#10021 = DEFINITIONAL_REPRESENTATION('',(#10022),#10026);
#10022 = LINE('',#10023,#10024);
#10023 = CARTESIAN_POINT('',(0.,0.));
#10024 = VECTOR('',#10025,1.);
#10025 = DIRECTION('',(1.,0.));
#10026 = ( GEOMETRIC_REPRESENTATION_CONTEXT(2) 
PARAMETRIC_REPRESENTATION_CONTEXT() REPRESENTATION_CONTEXT('2D SPACE',''
  ) );
#10027 = PCURVE('',#10028,#10033);
#10028 = PLANE('',#10029);
#10029 = AXIS2_PLACEMENT_3D('',#10030,#10031,#10032);
#10030 = CARTESIAN_POINT('',(3.6,-9.35,4.1));
#10031 = DIRECTION('',(0.,1.,0.));
#10032 = DIRECTION('',(0.,0.,1.));
#10033 = DEFINITIONAL_REPRESENTATION('',(#10034),#10038);
#10034 = LINE('',#10035,#10036);
#10035 = CARTESIAN_POINT('',(0.65,0.));
#10036 = VECTOR('',#10037,1.);
#10037 = DIRECTION('',(0.,1.));
#10038 = ( GEOMETRIC_REPRESENTATION_CONTEXT(2) 
PARAMETRIC_REPRESENTATION_CONTEXT() REPRESENTATION_CONTEXT('2D SPACE',''
  ) );
#10039 = ORIENTED_EDGE('',*,*,#10040,.F.);
#10040 = EDGE_CURVE('',#10041,#10013,#10043,.T.);
#10041 = VERTEX_POINT('',#10042);
#10042 = CARTESIAN_POINT('',(5.6,-9.27,4.75));
#10043 = SURFACE_CURVE('',#10044,(#10049,#10060),.PCURVE_S1.);
#10044 = CIRCLE('',#10045,8.E-02);
#10045 = AXIS2_PLACEMENT_3D('',#10046,#10047,#10048);
#10046 = CARTESIAN_POINT('',(5.52,-9.27,4.75));
#10047 = DIRECTION('',(-0.,-0.,-1.));
#10048 = DIRECTION('',(0.,-1.,0.));
#10049 = PCURVE('',#9890,#10050);
#10050 = DEFINITIONAL_REPRESENTATION('',(#10051),#10059);
#10051 = ( BOUNDED_CURVE() B_SPLINE_CURVE(2,(#10052,#10053,#10054,#10055
    ,#10056,#10057,#10058),.UNSPECIFIED.,.T.,.F.) 
B_SPLINE_CURVE_WITH_KNOTS((1,2,2,2,2,1),(-2.094395102393,0.,
    2.094395102393,4.188790204786,6.28318530718,8.377580409573),
.UNSPECIFIED.) CURVE() GEOMETRIC_REPRESENTATION_ITEM() 
RATIONAL_B_SPLINE_CURVE((1.,0.5,1.,0.5,1.,0.5,1.)) REPRESENTATION_ITEM(
  '') );
#10052 = CARTESIAN_POINT('',(1.92,6.938893903907E-17));
#10053 = CARTESIAN_POINT('',(1.781435935394,6.938893903907E-17));
#10054 = CARTESIAN_POINT('',(1.850717967697,0.12));
#10055 = CARTESIAN_POINT('',(1.92,0.24));
#10056 = CARTESIAN_POINT('',(1.989282032303,0.12));
#10057 = CARTESIAN_POINT('',(2.058564064606,1.942890293094E-16));
#10058 = CARTESIAN_POINT('',(1.92,6.938893903907E-17));
#10059 = ( GEOMETRIC_REPRESENTATION_CONTEXT(2) 
PARAMETRIC_REPRESENTATION_CONTEXT() REPRESENTATION_CONTEXT('2D SPACE',''
  ) );
#10060 = PCURVE('',#10061,#10066);
#10061 = CYLINDRICAL_SURFACE('',#10062,8.E-02);
#10062 = AXIS2_PLACEMENT_3D('',#10063,#10064,#10065);
#10063 = CARTESIAN_POINT('',(5.52,-9.27,4.1));
#10064 = DIRECTION('',(0.,0.,1.));
#10065 = DIRECTION('',(1.,0.,-0.));
#10066 = DEFINITIONAL_REPRESENTATION('',(#10067),#10071);
#10067 = LINE('',#10068,#10069);
#10068 = CARTESIAN_POINT('',(4.712388980385,0.65));
#10069 = VECTOR('',#10070,1.);
#10070 = DIRECTION('',(-1.,0.));
#10071 = ( GEOMETRIC_REPRESENTATION_CONTEXT(2) 
PARAMETRIC_REPRESENTATION_CONTEXT() REPRESENTATION_CONTEXT('2D SPACE',''
  ) );
#10072 = ORIENTED_EDGE('',*,*,#10073,.T.);
#10073 = EDGE_CURVE('',#10041,#10074,#10076,.T.);
#10074 = VERTEX_POINT('',#10075);
#10075 = CARTESIAN_POINT('',(5.6,-8.33,4.75));
#10076 = SURFACE_CURVE('',#10077,(#10081,#10088),.PCURVE_S1.);
#10077 = LINE('',#10078,#10079);
#10078 = CARTESIAN_POINT('',(5.6,-9.35,4.75));
#10079 = VECTOR('',#10080,1.);
#10080 = DIRECTION('',(0.,1.,0.));
#10081 = PCURVE('',#9890,#10082);
#10082 = DEFINITIONAL_REPRESENTATION('',(#10083),#10087);
#10083 = LINE('',#10084,#10085);
#10084 = CARTESIAN_POINT('',(2.,0.));
#10085 = VECTOR('',#10086,1.);
#10086 = DIRECTION('',(0.,1.));
#10087 = ( GEOMETRIC_REPRESENTATION_CONTEXT(2) 
PARAMETRIC_REPRESENTATION_CONTEXT() REPRESENTATION_CONTEXT('2D SPACE',''
  ) );
#10088 = PCURVE('',#10089,#10094);
#10089 = PLANE('',#10090);
#10090 = AXIS2_PLACEMENT_3D('',#10091,#10092,#10093);
#10091 = CARTESIAN_POINT('',(5.6,-9.35,4.1));
#10092 = DIRECTION('',(1.,0.,0.));
#10093 = DIRECTION('',(0.,0.,1.));
#10094 = DEFINITIONAL_REPRESENTATION('',(#10095),#10099);
#10095 = LINE('',#10096,#10097);
#10096 = CARTESIAN_POINT('',(0.65,0.));
#10097 = VECTOR('',#10098,1.);
#10098 = DIRECTION('',(0.,-1.));
#10099 = ( GEOMETRIC_REPRESENTATION_CONTEXT(2) 
PARAMETRIC_REPRESENTATION_CONTEXT() REPRESENTATION_CONTEXT('2D SPACE',''
  ) );
#10100 = ORIENTED_EDGE('',*,*,#10101,.T.);
#10101 = EDGE_CURVE('',#10074,#10102,#10104,.T.);
#10102 = VERTEX_POINT('',#10103);
#10103 = CARTESIAN_POINT('',(5.52,-8.25,4.75));
#10104 = SURFACE_CURVE('',#10105,(#10110,#10117),.PCURVE_S1.);
#10105 = CIRCLE('',#10106,8.E-02);
#10106 = AXIS2_PLACEMENT_3D('',#10107,#10108,#10109);
#10107 = CARTESIAN_POINT('',(5.52,-8.33,4.75));
#10108 = DIRECTION('',(0.,0.,1.));
#10109 = DIRECTION('',(0.,-1.,0.));
#10110 = PCURVE('',#9890,#10111);
#10111 = DEFINITIONAL_REPRESENTATION('',(#10112),#10116);
#10112 = CIRCLE('',#10113,8.E-02);
#10113 = AXIS2_PLACEMENT_2D('',#10114,#10115);
#10114 = CARTESIAN_POINT('',(1.92,1.02));
#10115 = DIRECTION('',(0.,-1.));
#10116 = ( GEOMETRIC_REPRESENTATION_CONTEXT(2) 
PARAMETRIC_REPRESENTATION_CONTEXT() REPRESENTATION_CONTEXT('2D SPACE',''
  ) );
#10117 = PCURVE('',#10118,#10123);
#10118 = CYLINDRICAL_SURFACE('',#10119,8.E-02);
#10119 = AXIS2_PLACEMENT_3D('',#10120,#10121,#10122);
#10120 = CARTESIAN_POINT('',(5.52,-8.33,4.1));
#10121 = DIRECTION('',(0.,0.,1.));
#10122 = DIRECTION('',(1.,0.,-0.));
#10123 = DEFINITIONAL_REPRESENTATION('',(#10124),#10128);
#10124 = LINE('',#10125,#10126);
#10125 = CARTESIAN_POINT('',(-1.570796326795,0.65));
#10126 = VECTOR('',#10127,1.);
#10127 = DIRECTION('',(1.,0.));
#10128 = ( GEOMETRIC_REPRESENTATION_CONTEXT(2) 
PARAMETRIC_REPRESENTATION_CONTEXT() REPRESENTATION_CONTEXT('2D SPACE',''
  ) );
#10129 = ORIENTED_EDGE('',*,*,#10130,.F.);
#10130 = EDGE_CURVE('',#10131,#10102,#10133,.T.);
#10131 = VERTEX_POINT('',#10132);
#10132 = CARTESIAN_POINT('',(3.68,-8.25,4.75));
#10133 = SURFACE_CURVE('',#10134,(#10138,#10145),.PCURVE_S1.);
#10134 = LINE('',#10135,#10136);
#10135 = CARTESIAN_POINT('',(3.6,-8.25,4.75));
#10136 = VECTOR('',#10137,1.);
#10137 = DIRECTION('',(1.,0.,0.));
#10138 = PCURVE('',#9890,#10139);
#10139 = DEFINITIONAL_REPRESENTATION('',(#10140),#10144);
#10140 = LINE('',#10141,#10142);
#10141 = CARTESIAN_POINT('',(0.,1.1));
#10142 = VECTOR('',#10143,1.);
#10143 = DIRECTION('',(1.,0.));
#10144 = ( GEOMETRIC_REPRESENTATION_CONTEXT(2) 
PARAMETRIC_REPRESENTATION_CONTEXT() REPRESENTATION_CONTEXT('2D SPACE',''
  ) );
#10145 = PCURVE('',#10146,#10151);
#10146 = PLANE('',#10147);
#10147 = AXIS2_PLACEMENT_3D('',#10148,#10149,#10150);
#10148 = CARTESIAN_POINT('',(3.6,-8.25,4.1));
#10149 = DIRECTION('',(0.,1.,0.));
#10150 = DIRECTION('',(0.,0.,1.));
#10151 = DEFINITIONAL_REPRESENTATION('',(#10152),#10156);
#10152 = LINE('',#10153,#10154);
#10153 = CARTESIAN_POINT('',(0.65,0.));
#10154 = VECTOR('',#10155,1.);
#10155 = DIRECTION('',(0.,1.));
#10156 = ( GEOMETRIC_REPRESENTATION_CONTEXT(2) 
PARAMETRIC_REPRESENTATION_CONTEXT() REPRESENTATION_CONTEXT('2D SPACE',''
  ) );
#10157 = ORIENTED_EDGE('',*,*,#10158,.F.);
#10158 = EDGE_CURVE('',#9870,#10131,#10159,.T.);
#10159 = SURFACE_CURVE('',#10160,(#10165,#10176),.PCURVE_S1.);
#10160 = CIRCLE('',#10161,8.E-02);
#10161 = AXIS2_PLACEMENT_3D('',#10162,#10163,#10164);
#10162 = CARTESIAN_POINT('',(3.68,-8.33,4.75));
#10163 = DIRECTION('',(-0.,-0.,-1.));
#10164 = DIRECTION('',(0.,-1.,0.));
#10165 = PCURVE('',#9890,#10166);
#10166 = DEFINITIONAL_REPRESENTATION('',(#10167),#10175);
#10167 = ( BOUNDED_CURVE() B_SPLINE_CURVE(2,(#10168,#10169,#10170,#10171
    ,#10172,#10173,#10174),.UNSPECIFIED.,.T.,.F.) 
B_SPLINE_CURVE_WITH_KNOTS((1,2,2,2,2,1),(-2.094395102393,0.,
    2.094395102393,4.188790204786,6.28318530718,8.377580409573),
.UNSPECIFIED.) CURVE() GEOMETRIC_REPRESENTATION_ITEM() 
RATIONAL_B_SPLINE_CURVE((1.,0.5,1.,0.5,1.,0.5,1.)) REPRESENTATION_ITEM(
  '') );
#10168 = CARTESIAN_POINT('',(8.E-02,0.94));
#10169 = CARTESIAN_POINT('',(-5.856406460551E-02,0.94));
#10170 = CARTESIAN_POINT('',(1.071796769724E-02,1.06));
#10171 = CARTESIAN_POINT('',(8.E-02,1.18));
#10172 = CARTESIAN_POINT('',(0.149282032303,1.06));
#10173 = CARTESIAN_POINT('',(0.218564064606,0.94));
#10174 = CARTESIAN_POINT('',(8.E-02,0.94));
#10175 = ( GEOMETRIC_REPRESENTATION_CONTEXT(2) 
PARAMETRIC_REPRESENTATION_CONTEXT() REPRESENTATION_CONTEXT('2D SPACE',''
  ) );
#10176 = PCURVE('',#9972,#10177);
#10177 = DEFINITIONAL_REPRESENTATION('',(#10178),#10182);
#10178 = LINE('',#10179,#10180);
#10179 = CARTESIAN_POINT('',(1.570796326795,0.65));
#10180 = VECTOR('',#10181,1.);
#10181 = DIRECTION('',(-1.,0.));
#10182 = ( GEOMETRIC_REPRESENTATION_CONTEXT(2) 
PARAMETRIC_REPRESENTATION_CONTEXT() REPRESENTATION_CONTEXT('2D SPACE',''
  ) );
#10183 = ADVANCED_FACE('',(#10184),#9918,.T.);
#10184 = FACE_BOUND('',#10185,.T.);
#10185 = EDGE_LOOP('',(#10186,#10210,#10231,#10232));
#10186 = ORIENTED_EDGE('',*,*,#10187,.T.);
#10187 = EDGE_CURVE('',#9903,#10188,#10190,.T.);
#10188 = VERTEX_POINT('',#10189);
#10189 = CARTESIAN_POINT('',(3.68,-9.35,4.1));
#10190 = SURFACE_CURVE('',#10191,(#10196,#10203),.PCURVE_S1.);
#10191 = CIRCLE('',#10192,8.E-02);
#10192 = AXIS2_PLACEMENT_3D('',#10193,#10194,#10195);
#10193 = CARTESIAN_POINT('',(3.68,-9.27,4.1));
#10194 = DIRECTION('',(0.,0.,1.));
#10195 = DIRECTION('',(0.,-1.,0.));
#10196 = PCURVE('',#9918,#10197);
#10197 = DEFINITIONAL_REPRESENTATION('',(#10198),#10202);
#10198 = LINE('',#10199,#10200);
#10199 = CARTESIAN_POINT('',(-4.712388980385,0.));
#10200 = VECTOR('',#10201,1.);
#10201 = DIRECTION('',(1.,0.));
#10202 = ( GEOMETRIC_REPRESENTATION_CONTEXT(2) 
PARAMETRIC_REPRESENTATION_CONTEXT() REPRESENTATION_CONTEXT('2D SPACE',''
  ) );
#10203 = PCURVE('',#9946,#10204);
#10204 = DEFINITIONAL_REPRESENTATION('',(#10205),#10209);
#10205 = CIRCLE('',#10206,8.E-02);
#10206 = AXIS2_PLACEMENT_2D('',#10207,#10208);
#10207 = CARTESIAN_POINT('',(8.E-02,8.E-02));
#10208 = DIRECTION('',(0.,-1.));
#10209 = ( GEOMETRIC_REPRESENTATION_CONTEXT(2) 
PARAMETRIC_REPRESENTATION_CONTEXT() REPRESENTATION_CONTEXT('2D SPACE',''
  ) );
#10210 = ORIENTED_EDGE('',*,*,#10211,.T.);
#10211 = EDGE_CURVE('',#10188,#9989,#10212,.T.);
#10212 = SURFACE_CURVE('',#10213,(#10217,#10224),.PCURVE_S1.);
#10213 = LINE('',#10214,#10215);
#10214 = CARTESIAN_POINT('',(3.68,-9.35,4.1));
#10215 = VECTOR('',#10216,1.);
#10216 = DIRECTION('',(0.,0.,1.));
#10217 = PCURVE('',#9918,#10218);
#10218 = DEFINITIONAL_REPRESENTATION('',(#10219),#10223);
#10219 = LINE('',#10220,#10221);
#10220 = CARTESIAN_POINT('',(1.570796326795,0.));
#10221 = VECTOR('',#10222,1.);
#10222 = DIRECTION('',(0.,1.));
#10223 = ( GEOMETRIC_REPRESENTATION_CONTEXT(2) 
PARAMETRIC_REPRESENTATION_CONTEXT() REPRESENTATION_CONTEXT('2D SPACE',''
  ) );
#10224 = PCURVE('',#10028,#10225);
#10225 = DEFINITIONAL_REPRESENTATION('',(#10226),#10230);
#10226 = LINE('',#10227,#10228);
#10227 = CARTESIAN_POINT('',(0.,8.E-02));
#10228 = VECTOR('',#10229,1.);
#10229 = DIRECTION('',(1.,0.));
#10230 = ( GEOMETRIC_REPRESENTATION_CONTEXT(2) 
PARAMETRIC_REPRESENTATION_CONTEXT() REPRESENTATION_CONTEXT('2D SPACE',''
  ) );
#10231 = ORIENTED_EDGE('',*,*,#9988,.F.);
#10232 = ORIENTED_EDGE('',*,*,#9902,.F.);
#10233 = ADVANCED_FACE('',(#10234),#9972,.T.);
#10234 = FACE_BOUND('',#10235,.F.);
#10235 = EDGE_LOOP('',(#10236,#10264,#10285,#10286));
#10236 = ORIENTED_EDGE('',*,*,#10237,.T.);
#10237 = EDGE_CURVE('',#9931,#10238,#10240,.T.);
#10238 = VERTEX_POINT('',#10239);
#10239 = CARTESIAN_POINT('',(3.68,-8.25,4.1));
#10240 = SURFACE_CURVE('',#10241,(#10246,#10253),.PCURVE_S1.);
#10241 = CIRCLE('',#10242,8.E-02);
#10242 = AXIS2_PLACEMENT_3D('',#10243,#10244,#10245);
#10243 = CARTESIAN_POINT('',(3.68,-8.33,4.1));
#10244 = DIRECTION('',(-0.,-0.,-1.));
#10245 = DIRECTION('',(0.,-1.,0.));
#10246 = PCURVE('',#9972,#10247);
#10247 = DEFINITIONAL_REPRESENTATION('',(#10248),#10252);
#10248 = LINE('',#10249,#10250);
#10249 = CARTESIAN_POINT('',(1.570796326795,-0.));
#10250 = VECTOR('',#10251,1.);
#10251 = DIRECTION('',(-1.,0.));
#10252 = ( GEOMETRIC_REPRESENTATION_CONTEXT(2) 
PARAMETRIC_REPRESENTATION_CONTEXT() REPRESENTATION_CONTEXT('2D SPACE',''
  ) );
#10253 = PCURVE('',#9946,#10254);
#10254 = DEFINITIONAL_REPRESENTATION('',(#10255),#10263);
#10255 = ( BOUNDED_CURVE() B_SPLINE_CURVE(2,(#10256,#10257,#10258,#10259
    ,#10260,#10261,#10262),.UNSPECIFIED.,.T.,.F.) 
B_SPLINE_CURVE_WITH_KNOTS((1,2,2,2,2,1),(-2.094395102393,0.,
    2.094395102393,4.188790204786,6.28318530718,8.377580409573),
.UNSPECIFIED.) CURVE() GEOMETRIC_REPRESENTATION_ITEM() 
RATIONAL_B_SPLINE_CURVE((1.,0.5,1.,0.5,1.,0.5,1.)) REPRESENTATION_ITEM(
  '') );
#10256 = CARTESIAN_POINT('',(8.E-02,0.94));
#10257 = CARTESIAN_POINT('',(-5.856406460551E-02,0.94));
#10258 = CARTESIAN_POINT('',(1.071796769724E-02,1.06));
#10259 = CARTESIAN_POINT('',(8.E-02,1.18));
#10260 = CARTESIAN_POINT('',(0.149282032303,1.06));
#10261 = CARTESIAN_POINT('',(0.218564064606,0.94));
#10262 = CARTESIAN_POINT('',(8.E-02,0.94));
#10263 = ( GEOMETRIC_REPRESENTATION_CONTEXT(2) 
PARAMETRIC_REPRESENTATION_CONTEXT() REPRESENTATION_CONTEXT('2D SPACE',''
  ) );
#10264 = ORIENTED_EDGE('',*,*,#10265,.T.);
#10265 = EDGE_CURVE('',#10238,#10131,#10266,.T.);
#10266 = SURFACE_CURVE('',#10267,(#10271,#10278),.PCURVE_S1.);
#10267 = LINE('',#10268,#10269);
#10268 = CARTESIAN_POINT('',(3.68,-8.25,4.1));
#10269 = VECTOR('',#10270,1.);
#10270 = DIRECTION('',(0.,0.,1.));
#10271 = PCURVE('',#9972,#10272);
#10272 = DEFINITIONAL_REPRESENTATION('',(#10273),#10277);
#10273 = LINE('',#10274,#10275);
#10274 = CARTESIAN_POINT('',(-1.570796326795,0.));
#10275 = VECTOR('',#10276,1.);
#10276 = DIRECTION('',(-0.,1.));
#10277 = ( GEOMETRIC_REPRESENTATION_CONTEXT(2) 
PARAMETRIC_REPRESENTATION_CONTEXT() REPRESENTATION_CONTEXT('2D SPACE',''
  ) );
#10278 = PCURVE('',#10146,#10279);
#10279 = DEFINITIONAL_REPRESENTATION('',(#10280),#10284);
#10280 = LINE('',#10281,#10282);
#10281 = CARTESIAN_POINT('',(0.,8.E-02));
#10282 = VECTOR('',#10283,1.);
#10283 = DIRECTION('',(1.,0.));
#10284 = ( GEOMETRIC_REPRESENTATION_CONTEXT(2) 
PARAMETRIC_REPRESENTATION_CONTEXT() REPRESENTATION_CONTEXT('2D SPACE',''
  ) );
#10285 = ORIENTED_EDGE('',*,*,#10158,.F.);
#10286 = ORIENTED_EDGE('',*,*,#9958,.F.);
#10287 = ADVANCED_FACE('',(#10288),#9946,.F.);
#10288 = FACE_BOUND('',#10289,.F.);
#10289 = EDGE_LOOP('',(#10290,#10291,#10292,#10315,#10343,#10366,#10390,
    #10411));
#10290 = ORIENTED_EDGE('',*,*,#9930,.F.);
#10291 = ORIENTED_EDGE('',*,*,#10187,.T.);
#10292 = ORIENTED_EDGE('',*,*,#10293,.T.);
#10293 = EDGE_CURVE('',#10188,#10294,#10296,.T.);
#10294 = VERTEX_POINT('',#10295);
#10295 = CARTESIAN_POINT('',(5.52,-9.35,4.1));
#10296 = SURFACE_CURVE('',#10297,(#10301,#10308),.PCURVE_S1.);
#10297 = LINE('',#10298,#10299);
#10298 = CARTESIAN_POINT('',(3.6,-9.35,4.1));
#10299 = VECTOR('',#10300,1.);
#10300 = DIRECTION('',(1.,0.,0.));
#10301 = PCURVE('',#9946,#10302);
#10302 = DEFINITIONAL_REPRESENTATION('',(#10303),#10307);
#10303 = LINE('',#10304,#10305);
#10304 = CARTESIAN_POINT('',(0.,0.));
#10305 = VECTOR('',#10306,1.);
#10306 = DIRECTION('',(1.,0.));
#10307 = ( GEOMETRIC_REPRESENTATION_CONTEXT(2) 
PARAMETRIC_REPRESENTATION_CONTEXT() REPRESENTATION_CONTEXT('2D SPACE',''
  ) );
#10308 = PCURVE('',#10028,#10309);
#10309 = DEFINITIONAL_REPRESENTATION('',(#10310),#10314);
#10310 = LINE('',#10311,#10312);
#10311 = CARTESIAN_POINT('',(0.,0.));
#10312 = VECTOR('',#10313,1.);
#10313 = DIRECTION('',(0.,1.));
#10314 = ( GEOMETRIC_REPRESENTATION_CONTEXT(2) 
PARAMETRIC_REPRESENTATION_CONTEXT() REPRESENTATION_CONTEXT('2D SPACE',''
  ) );
#10315 = ORIENTED_EDGE('',*,*,#10316,.F.);
#10316 = EDGE_CURVE('',#10317,#10294,#10319,.T.);
#10317 = VERTEX_POINT('',#10318);
#10318 = CARTESIAN_POINT('',(5.6,-9.27,4.1));
#10319 = SURFACE_CURVE('',#10320,(#10325,#10336),.PCURVE_S1.);
#10320 = CIRCLE('',#10321,8.E-02);
#10321 = AXIS2_PLACEMENT_3D('',#10322,#10323,#10324);
#10322 = CARTESIAN_POINT('',(5.52,-9.27,4.1));
#10323 = DIRECTION('',(-0.,-0.,-1.));
#10324 = DIRECTION('',(0.,-1.,0.));
#10325 = PCURVE('',#9946,#10326);
#10326 = DEFINITIONAL_REPRESENTATION('',(#10327),#10335);
#10327 = ( BOUNDED_CURVE() B_SPLINE_CURVE(2,(#10328,#10329,#10330,#10331
    ,#10332,#10333,#10334),.UNSPECIFIED.,.T.,.F.) 
B_SPLINE_CURVE_WITH_KNOTS((1,2,2,2,2,1),(-2.094395102393,0.,
    2.094395102393,4.188790204786,6.28318530718,8.377580409573),
.UNSPECIFIED.) CURVE() GEOMETRIC_REPRESENTATION_ITEM() 
RATIONAL_B_SPLINE_CURVE((1.,0.5,1.,0.5,1.,0.5,1.)) REPRESENTATION_ITEM(
  '') );
#10328 = CARTESIAN_POINT('',(1.92,6.938893903907E-17));
#10329 = CARTESIAN_POINT('',(1.781435935394,6.938893903907E-17));
#10330 = CARTESIAN_POINT('',(1.850717967697,0.12));
#10331 = CARTESIAN_POINT('',(1.92,0.24));
#10332 = CARTESIAN_POINT('',(1.989282032303,0.12));
#10333 = CARTESIAN_POINT('',(2.058564064606,1.942890293094E-16));
#10334 = CARTESIAN_POINT('',(1.92,6.938893903907E-17));
#10335 = ( GEOMETRIC_REPRESENTATION_CONTEXT(2) 
PARAMETRIC_REPRESENTATION_CONTEXT() REPRESENTATION_CONTEXT('2D SPACE',''
  ) );
#10336 = PCURVE('',#10061,#10337);
#10337 = DEFINITIONAL_REPRESENTATION('',(#10338),#10342);
#10338 = LINE('',#10339,#10340);
#10339 = CARTESIAN_POINT('',(4.712388980385,-0.));
#10340 = VECTOR('',#10341,1.);
#10341 = DIRECTION('',(-1.,0.));
#10342 = ( GEOMETRIC_REPRESENTATION_CONTEXT(2) 
PARAMETRIC_REPRESENTATION_CONTEXT() REPRESENTATION_CONTEXT('2D SPACE',''
  ) );
#10343 = ORIENTED_EDGE('',*,*,#10344,.T.);
#10344 = EDGE_CURVE('',#10317,#10345,#10347,.T.);
#10345 = VERTEX_POINT('',#10346);
#10346 = CARTESIAN_POINT('',(5.6,-8.33,4.1));
#10347 = SURFACE_CURVE('',#10348,(#10352,#10359),.PCURVE_S1.);
#10348 = LINE('',#10349,#10350);
#10349 = CARTESIAN_POINT('',(5.6,-9.35,4.1));
#10350 = VECTOR('',#10351,1.);
#10351 = DIRECTION('',(0.,1.,0.));
#10352 = PCURVE('',#9946,#10353);
#10353 = DEFINITIONAL_REPRESENTATION('',(#10354),#10358);
#10354 = LINE('',#10355,#10356);
#10355 = CARTESIAN_POINT('',(2.,0.));
#10356 = VECTOR('',#10357,1.);
#10357 = DIRECTION('',(0.,1.));
#10358 = ( GEOMETRIC_REPRESENTATION_CONTEXT(2) 
PARAMETRIC_REPRESENTATION_CONTEXT() REPRESENTATION_CONTEXT('2D SPACE',''
  ) );
#10359 = PCURVE('',#10089,#10360);
#10360 = DEFINITIONAL_REPRESENTATION('',(#10361),#10365);
#10361 = LINE('',#10362,#10363);
#10362 = CARTESIAN_POINT('',(0.,0.));
#10363 = VECTOR('',#10364,1.);
#10364 = DIRECTION('',(0.,-1.));
#10365 = ( GEOMETRIC_REPRESENTATION_CONTEXT(2) 
PARAMETRIC_REPRESENTATION_CONTEXT() REPRESENTATION_CONTEXT('2D SPACE',''
  ) );
#10366 = ORIENTED_EDGE('',*,*,#10367,.T.);
#10367 = EDGE_CURVE('',#10345,#10368,#10370,.T.);
#10368 = VERTEX_POINT('',#10369);
#10369 = CARTESIAN_POINT('',(5.52,-8.25,4.1));
#10370 = SURFACE_CURVE('',#10371,(#10376,#10383),.PCURVE_S1.);
#10371 = CIRCLE('',#10372,8.E-02);
#10372 = AXIS2_PLACEMENT_3D('',#10373,#10374,#10375);
#10373 = CARTESIAN_POINT('',(5.52,-8.33,4.1));
#10374 = DIRECTION('',(0.,0.,1.));
#10375 = DIRECTION('',(0.,-1.,0.));
#10376 = PCURVE('',#9946,#10377);
#10377 = DEFINITIONAL_REPRESENTATION('',(#10378),#10382);
#10378 = CIRCLE('',#10379,8.E-02);
#10379 = AXIS2_PLACEMENT_2D('',#10380,#10381);
#10380 = CARTESIAN_POINT('',(1.92,1.02));
#10381 = DIRECTION('',(0.,-1.));
#10382 = ( GEOMETRIC_REPRESENTATION_CONTEXT(2) 
PARAMETRIC_REPRESENTATION_CONTEXT() REPRESENTATION_CONTEXT('2D SPACE',''
  ) );
#10383 = PCURVE('',#10118,#10384);
#10384 = DEFINITIONAL_REPRESENTATION('',(#10385),#10389);
#10385 = LINE('',#10386,#10387);
#10386 = CARTESIAN_POINT('',(-1.570796326795,0.));
#10387 = VECTOR('',#10388,1.);
#10388 = DIRECTION('',(1.,0.));
#10389 = ( GEOMETRIC_REPRESENTATION_CONTEXT(2) 
PARAMETRIC_REPRESENTATION_CONTEXT() REPRESENTATION_CONTEXT('2D SPACE',''
  ) );
#10390 = ORIENTED_EDGE('',*,*,#10391,.F.);
#10391 = EDGE_CURVE('',#10238,#10368,#10392,.T.);
#10392 = SURFACE_CURVE('',#10393,(#10397,#10404),.PCURVE_S1.);
#10393 = LINE('',#10394,#10395);
#10394 = CARTESIAN_POINT('',(3.6,-8.25,4.1));
#10395 = VECTOR('',#10396,1.);
#10396 = DIRECTION('',(1.,0.,0.));
#10397 = PCURVE('',#9946,#10398);
#10398 = DEFINITIONAL_REPRESENTATION('',(#10399),#10403);
#10399 = LINE('',#10400,#10401);
#10400 = CARTESIAN_POINT('',(0.,1.1));
#10401 = VECTOR('',#10402,1.);
#10402 = DIRECTION('',(1.,0.));
#10403 = ( GEOMETRIC_REPRESENTATION_CONTEXT(2) 
PARAMETRIC_REPRESENTATION_CONTEXT() REPRESENTATION_CONTEXT('2D SPACE',''
  ) );
#10404 = PCURVE('',#10146,#10405);
#10405 = DEFINITIONAL_REPRESENTATION('',(#10406),#10410);
#10406 = LINE('',#10407,#10408);
#10407 = CARTESIAN_POINT('',(0.,0.));
#10408 = VECTOR('',#10409,1.);
#10409 = DIRECTION('',(0.,1.));
#10410 = ( GEOMETRIC_REPRESENTATION_CONTEXT(2) 
PARAMETRIC_REPRESENTATION_CONTEXT() REPRESENTATION_CONTEXT('2D SPACE',''
  ) );
#10411 = ORIENTED_EDGE('',*,*,#10237,.F.);
#10412 = ADVANCED_FACE('',(#10413),#10028,.F.);
#10413 = FACE_BOUND('',#10414,.F.);
#10414 = EDGE_LOOP('',(#10415,#10416,#10417,#10418));
#10415 = ORIENTED_EDGE('',*,*,#10293,.F.);
#10416 = ORIENTED_EDGE('',*,*,#10211,.T.);
#10417 = ORIENTED_EDGE('',*,*,#10012,.T.);
#10418 = ORIENTED_EDGE('',*,*,#10419,.F.);
#10419 = EDGE_CURVE('',#10294,#10013,#10420,.T.);
#10420 = SURFACE_CURVE('',#10421,(#10425,#10432),.PCURVE_S1.);
#10421 = LINE('',#10422,#10423);
#10422 = CARTESIAN_POINT('',(5.52,-9.35,4.1));
#10423 = VECTOR('',#10424,1.);
#10424 = DIRECTION('',(0.,0.,1.));
#10425 = PCURVE('',#10028,#10426);
#10426 = DEFINITIONAL_REPRESENTATION('',(#10427),#10431);
#10427 = LINE('',#10428,#10429);
#10428 = CARTESIAN_POINT('',(0.,1.92));
#10429 = VECTOR('',#10430,1.);
#10430 = DIRECTION('',(1.,0.));
#10431 = ( GEOMETRIC_REPRESENTATION_CONTEXT(2) 
PARAMETRIC_REPRESENTATION_CONTEXT() REPRESENTATION_CONTEXT('2D SPACE',''
  ) );
#10432 = PCURVE('',#10061,#10433);
#10433 = DEFINITIONAL_REPRESENTATION('',(#10434),#10438);
#10434 = LINE('',#10435,#10436);
#10435 = CARTESIAN_POINT('',(-1.570796326795,0.));
#10436 = VECTOR('',#10437,1.);
#10437 = DIRECTION('',(-0.,1.));
#10438 = ( GEOMETRIC_REPRESENTATION_CONTEXT(2) 
PARAMETRIC_REPRESENTATION_CONTEXT() REPRESENTATION_CONTEXT('2D SPACE',''
  ) );
#10439 = ADVANCED_FACE('',(#10440),#10146,.T.);
#10440 = FACE_BOUND('',#10441,.T.);
#10441 = EDGE_LOOP('',(#10442,#10443,#10444,#10445));
#10442 = ORIENTED_EDGE('',*,*,#10391,.F.);
#10443 = ORIENTED_EDGE('',*,*,#10265,.T.);
#10444 = ORIENTED_EDGE('',*,*,#10130,.T.);
#10445 = ORIENTED_EDGE('',*,*,#10446,.F.);
#10446 = EDGE_CURVE('',#10368,#10102,#10447,.T.);
#10447 = SURFACE_CURVE('',#10448,(#10452,#10459),.PCURVE_S1.);
#10448 = LINE('',#10449,#10450);
#10449 = CARTESIAN_POINT('',(5.52,-8.25,4.1));
#10450 = VECTOR('',#10451,1.);
#10451 = DIRECTION('',(0.,0.,1.));
#10452 = PCURVE('',#10146,#10453);
#10453 = DEFINITIONAL_REPRESENTATION('',(#10454),#10458);
#10454 = LINE('',#10455,#10456);
#10455 = CARTESIAN_POINT('',(0.,1.92));
#10456 = VECTOR('',#10457,1.);
#10457 = DIRECTION('',(1.,0.));
#10458 = ( GEOMETRIC_REPRESENTATION_CONTEXT(2) 
PARAMETRIC_REPRESENTATION_CONTEXT() REPRESENTATION_CONTEXT('2D SPACE',''
  ) );
#10459 = PCURVE('',#10118,#10460);
#10460 = DEFINITIONAL_REPRESENTATION('',(#10461),#10465);
#10461 = LINE('',#10462,#10463);
#10462 = CARTESIAN_POINT('',(1.570796326795,0.));
#10463 = VECTOR('',#10464,1.);
#10464 = DIRECTION('',(0.,1.));
#10465 = ( GEOMETRIC_REPRESENTATION_CONTEXT(2) 
PARAMETRIC_REPRESENTATION_CONTEXT() REPRESENTATION_CONTEXT('2D SPACE',''
  ) );
#10466 = ADVANCED_FACE('',(#10467),#10061,.T.);
#10467 = FACE_BOUND('',#10468,.F.);
#10468 = EDGE_LOOP('',(#10469,#10470,#10471,#10472));
#10469 = ORIENTED_EDGE('',*,*,#10316,.T.);
#10470 = ORIENTED_EDGE('',*,*,#10419,.T.);
#10471 = ORIENTED_EDGE('',*,*,#10040,.F.);
#10472 = ORIENTED_EDGE('',*,*,#10473,.F.);
#10473 = EDGE_CURVE('',#10317,#10041,#10474,.T.);
#10474 = SURFACE_CURVE('',#10475,(#10479,#10486),.PCURVE_S1.);
#10475 = LINE('',#10476,#10477);
#10476 = CARTESIAN_POINT('',(5.6,-9.27,4.1));
#10477 = VECTOR('',#10478,1.);
#10478 = DIRECTION('',(0.,0.,1.));
#10479 = PCURVE('',#10061,#10480);
#10480 = DEFINITIONAL_REPRESENTATION('',(#10481),#10485);
#10481 = LINE('',#10482,#10483);
#10482 = CARTESIAN_POINT('',(-0.,0.));
#10483 = VECTOR('',#10484,1.);
#10484 = DIRECTION('',(-0.,1.));
#10485 = ( GEOMETRIC_REPRESENTATION_CONTEXT(2) 
PARAMETRIC_REPRESENTATION_CONTEXT() REPRESENTATION_CONTEXT('2D SPACE',''
  ) );
#10486 = PCURVE('',#10089,#10487);
#10487 = DEFINITIONAL_REPRESENTATION('',(#10488),#10492);
#10488 = LINE('',#10489,#10490);
#10489 = CARTESIAN_POINT('',(0.,-8.E-02));
#10490 = VECTOR('',#10491,1.);
#10491 = DIRECTION('',(1.,0.));
#10492 = ( GEOMETRIC_REPRESENTATION_CONTEXT(2) 
PARAMETRIC_REPRESENTATION_CONTEXT() REPRESENTATION_CONTEXT('2D SPACE',''
  ) );
#10493 = ADVANCED_FACE('',(#10494),#10118,.T.);
#10494 = FACE_BOUND('',#10495,.T.);
#10495 = EDGE_LOOP('',(#10496,#10497,#10498,#10499));
#10496 = ORIENTED_EDGE('',*,*,#10367,.T.);
#10497 = ORIENTED_EDGE('',*,*,#10446,.T.);
#10498 = ORIENTED_EDGE('',*,*,#10101,.F.);
#10499 = ORIENTED_EDGE('',*,*,#10500,.F.);
#10500 = EDGE_CURVE('',#10345,#10074,#10501,.T.);
#10501 = SURFACE_CURVE('',#10502,(#10506,#10513),.PCURVE_S1.);
#10502 = LINE('',#10503,#10504);
#10503 = CARTESIAN_POINT('',(5.6,-8.33,4.1));
#10504 = VECTOR('',#10505,1.);
#10505 = DIRECTION('',(0.,0.,1.));
#10506 = PCURVE('',#10118,#10507);
#10507 = DEFINITIONAL_REPRESENTATION('',(#10508),#10512);
#10508 = LINE('',#10509,#10510);
#10509 = CARTESIAN_POINT('',(0.,0.));
#10510 = VECTOR('',#10511,1.);
#10511 = DIRECTION('',(0.,1.));
#10512 = ( GEOMETRIC_REPRESENTATION_CONTEXT(2) 
PARAMETRIC_REPRESENTATION_CONTEXT() REPRESENTATION_CONTEXT('2D SPACE',''
  ) );
#10513 = PCURVE('',#10089,#10514);
#10514 = DEFINITIONAL_REPRESENTATION('',(#10515),#10519);
#10515 = LINE('',#10516,#10517);
#10516 = CARTESIAN_POINT('',(0.,-1.02));
#10517 = VECTOR('',#10518,1.);
#10518 = DIRECTION('',(1.,0.));
#10519 = ( GEOMETRIC_REPRESENTATION_CONTEXT(2) 
PARAMETRIC_REPRESENTATION_CONTEXT() REPRESENTATION_CONTEXT('2D SPACE',''
  ) );
#10520 = ADVANCED_FACE('',(#10521),#10089,.T.);
#10521 = FACE_BOUND('',#10522,.T.);
#10522 = EDGE_LOOP('',(#10523,#10524,#10525,#10526));
#10523 = ORIENTED_EDGE('',*,*,#10073,.F.);
#10524 = ORIENTED_EDGE('',*,*,#10473,.F.);
#10525 = ORIENTED_EDGE('',*,*,#10344,.T.);
#10526 = ORIENTED_EDGE('',*,*,#10500,.T.);
#10527 = ( GEOMETRIC_REPRESENTATION_CONTEXT(3) 
GLOBAL_UNCERTAINTY_ASSIGNED_CONTEXT((#10531)) 
GLOBAL_UNIT_ASSIGNED_CONTEXT((#10528,#10529,#10530)) 
REPRESENTATION_CONTEXT('Context #1',
  '3D Context with UNIT and UNCERTAINTY') );
#10528 = ( LENGTH_UNIT() NAMED_UNIT(*) SI_UNIT(.MILLI.,.METRE.) );
#10529 = ( NAMED_UNIT(*) PLANE_ANGLE_UNIT() SI_UNIT($,.RADIAN.) );
#10530 = ( NAMED_UNIT(*) SI_UNIT($,.STERADIAN.) SOLID_ANGLE_UNIT() );
#10531 = UNCERTAINTY_MEASURE_WITH_UNIT(LENGTH_MEASURE(1.E-07),#10528,
  'distance_accuracy_value','confusion accuracy');
#10532 = CONTEXT_DEPENDENT_SHAPE_REPRESENTATION(#10533,#10535);
#10533 = ( REPRESENTATION_RELATIONSHIP('','',#9860,#10) 
REPRESENTATION_RELATIONSHIP_WITH_TRANSFORMATION(#10534) 
SHAPE_REPRESENTATION_RELATIONSHIP() );
#10534 = ITEM_DEFINED_TRANSFORMATION('','',#11,#111);
#10535 = PRODUCT_DEFINITION_SHAPE('Placement','Placement of an item',
  #10536);
#10536 = NEXT_ASSEMBLY_USAGE_OCCURRENCE('116','passive_1','',#5,#9855,$
  );
#10537 = PRODUCT_RELATED_PRODUCT_CATEGORY('part',$,(#9857));
#10538 = SHAPE_DEFINITION_REPRESENTATION(#10539,#10545);
#10539 = PRODUCT_DEFINITION_SHAPE('','',#10540);
#10540 = PRODUCT_DEFINITION('design','',#10541,#10544);
#10541 = PRODUCT_DEFINITION_FORMATION('','',#10542);
#10542 = PRODUCT('passive_2','passive_2','',(#10543));
#10543 = PRODUCT_CONTEXT('',#2,'mechanical');
#10544 = PRODUCT_DEFINITION_CONTEXT('part definition',#2,'design');
#10545 = ADVANCED_BREP_SHAPE_REPRESENTATION('',(#11,#10546),#11212);
#10546 = MANIFOLD_SOLID_BREP('',#10547);
#10547 = CLOSED_SHELL('',(#10548,#10668,#10868,#10918,#10972,#11097,
    #11124,#11151,#11178,#11205));
#10548 = ADVANCED_FACE('',(#10549),#10563,.F.);
#10549 = FACE_BOUND('',#10550,.F.);
#10550 = EDGE_LOOP('',(#10551,#10586,#10614,#10642));
#10551 = ORIENTED_EDGE('',*,*,#10552,.F.);
#10552 = EDGE_CURVE('',#10553,#10555,#10557,.T.);
#10553 = VERTEX_POINT('',#10554);
#10554 = CARTESIAN_POINT('',(3.6,-6.77,4.75));
#10555 = VERTEX_POINT('',#10556);
#10556 = CARTESIAN_POINT('',(3.6,-5.83,4.75));
#10557 = SURFACE_CURVE('',#10558,(#10562,#10574),.PCURVE_S1.);
#10558 = LINE('',#10559,#10560);
#10559 = CARTESIAN_POINT('',(3.6,-6.85,4.75));
#10560 = VECTOR('',#10561,1.);
#10561 = DIRECTION('',(0.,1.,0.));
#10562 = PCURVE('',#10563,#10568);
#10563 = PLANE('',#10564);
#10564 = AXIS2_PLACEMENT_3D('',#10565,#10566,#10567);
#10565 = CARTESIAN_POINT('',(3.6,-6.85,4.1));
#10566 = DIRECTION('',(1.,0.,0.));
#10567 = DIRECTION('',(0.,0.,1.));
#10568 = DEFINITIONAL_REPRESENTATION('',(#10569),#10573);
#10569 = LINE('',#10570,#10571);
#10570 = CARTESIAN_POINT('',(0.65,0.));
#10571 = VECTOR('',#10572,1.);
#10572 = DIRECTION('',(0.,-1.));
#10573 = ( GEOMETRIC_REPRESENTATION_CONTEXT(2) 
PARAMETRIC_REPRESENTATION_CONTEXT() REPRESENTATION_CONTEXT('2D SPACE',''
  ) );
#10574 = PCURVE('',#10575,#10580);
#10575 = PLANE('',#10576);
#10576 = AXIS2_PLACEMENT_3D('',#10577,#10578,#10579);
#10577 = CARTESIAN_POINT('',(3.6,-6.85,4.75));
#10578 = DIRECTION('',(0.,0.,1.));
#10579 = DIRECTION('',(1.,0.,0.));
#10580 = DEFINITIONAL_REPRESENTATION('',(#10581),#10585);
#10581 = LINE('',#10582,#10583);
#10582 = CARTESIAN_POINT('',(0.,0.));
#10583 = VECTOR('',#10584,1.);
#10584 = DIRECTION('',(0.,1.));
#10585 = ( GEOMETRIC_REPRESENTATION_CONTEXT(2) 
PARAMETRIC_REPRESENTATION_CONTEXT() REPRESENTATION_CONTEXT('2D SPACE',''
  ) );
#10586 = ORIENTED_EDGE('',*,*,#10587,.F.);
#10587 = EDGE_CURVE('',#10588,#10553,#10590,.T.);
#10588 = VERTEX_POINT('',#10589);
#10589 = CARTESIAN_POINT('',(3.6,-6.77,4.1));
#10590 = SURFACE_CURVE('',#10591,(#10595,#10602),.PCURVE_S1.);
#10591 = LINE('',#10592,#10593);
#10592 = CARTESIAN_POINT('',(3.6,-6.77,4.1));
#10593 = VECTOR('',#10594,1.);
#10594 = DIRECTION('',(0.,0.,1.));
#10595 = PCURVE('',#10563,#10596);
#10596 = DEFINITIONAL_REPRESENTATION('',(#10597),#10601);
#10597 = LINE('',#10598,#10599);
#10598 = CARTESIAN_POINT('',(0.,-8.E-02));
#10599 = VECTOR('',#10600,1.);
#10600 = DIRECTION('',(1.,0.));
#10601 = ( GEOMETRIC_REPRESENTATION_CONTEXT(2) 
PARAMETRIC_REPRESENTATION_CONTEXT() REPRESENTATION_CONTEXT('2D SPACE',''
  ) );
#10602 = PCURVE('',#10603,#10608);
#10603 = CYLINDRICAL_SURFACE('',#10604,8.E-02);
#10604 = AXIS2_PLACEMENT_3D('',#10605,#10606,#10607);
#10605 = CARTESIAN_POINT('',(3.68,-6.77,4.1));
#10606 = DIRECTION('',(0.,0.,1.));
#10607 = DIRECTION('',(-1.,-0.,0.));
#10608 = DEFINITIONAL_REPRESENTATION('',(#10609),#10613);
#10609 = LINE('',#10610,#10611);
#10610 = CARTESIAN_POINT('',(0.,0.));
#10611 = VECTOR('',#10612,1.);
#10612 = DIRECTION('',(0.,1.));
#10613 = ( GEOMETRIC_REPRESENTATION_CONTEXT(2) 
PARAMETRIC_REPRESENTATION_CONTEXT() REPRESENTATION_CONTEXT('2D SPACE',''
  ) );
#10614 = ORIENTED_EDGE('',*,*,#10615,.T.);
#10615 = EDGE_CURVE('',#10588,#10616,#10618,.T.);
#10616 = VERTEX_POINT('',#10617);
#10617 = CARTESIAN_POINT('',(3.6,-5.83,4.1));
#10618 = SURFACE_CURVE('',#10619,(#10623,#10630),.PCURVE_S1.);
#10619 = LINE('',#10620,#10621);
#10620 = CARTESIAN_POINT('',(3.6,-6.85,4.1));
#10621 = VECTOR('',#10622,1.);
#10622 = DIRECTION('',(0.,1.,0.));
#10623 = PCURVE('',#10563,#10624);
#10624 = DEFINITIONAL_REPRESENTATION('',(#10625),#10629);
#10625 = LINE('',#10626,#10627);
#10626 = CARTESIAN_POINT('',(0.,0.));
#10627 = VECTOR('',#10628,1.);
#10628 = DIRECTION('',(0.,-1.));
#10629 = ( GEOMETRIC_REPRESENTATION_CONTEXT(2) 
PARAMETRIC_REPRESENTATION_CONTEXT() REPRESENTATION_CONTEXT('2D SPACE',''
  ) );
#10630 = PCURVE('',#10631,#10636);
#10631 = PLANE('',#10632);
#10632 = AXIS2_PLACEMENT_3D('',#10633,#10634,#10635);
#10633 = CARTESIAN_POINT('',(3.6,-6.85,4.1));
#10634 = DIRECTION('',(0.,0.,1.));
#10635 = DIRECTION('',(1.,0.,0.));
#10636 = DEFINITIONAL_REPRESENTATION('',(#10637),#10641);
#10637 = LINE('',#10638,#10639);
#10638 = CARTESIAN_POINT('',(0.,0.));
#10639 = VECTOR('',#10640,1.);
#10640 = DIRECTION('',(0.,1.));
#10641 = ( GEOMETRIC_REPRESENTATION_CONTEXT(2) 
PARAMETRIC_REPRESENTATION_CONTEXT() REPRESENTATION_CONTEXT('2D SPACE',''
  ) );
#10642 = ORIENTED_EDGE('',*,*,#10643,.T.);
#10643 = EDGE_CURVE('',#10616,#10555,#10644,.T.);
#10644 = SURFACE_CURVE('',#10645,(#10649,#10656),.PCURVE_S1.);
#10645 = LINE('',#10646,#10647);
#10646 = CARTESIAN_POINT('',(3.6,-5.83,4.1));
#10647 = VECTOR('',#10648,1.);
#10648 = DIRECTION('',(0.,0.,1.));
#10649 = PCURVE('',#10563,#10650);
#10650 = DEFINITIONAL_REPRESENTATION('',(#10651),#10655);
#10651 = LINE('',#10652,#10653);
#10652 = CARTESIAN_POINT('',(0.,-1.02));
#10653 = VECTOR('',#10654,1.);
#10654 = DIRECTION('',(1.,0.));
#10655 = ( GEOMETRIC_REPRESENTATION_CONTEXT(2) 
PARAMETRIC_REPRESENTATION_CONTEXT() REPRESENTATION_CONTEXT('2D SPACE',''
  ) );
#10656 = PCURVE('',#10657,#10662);
#10657 = CYLINDRICAL_SURFACE('',#10658,8.E-02);
#10658 = AXIS2_PLACEMENT_3D('',#10659,#10660,#10661);
#10659 = CARTESIAN_POINT('',(3.68,-5.83,4.1));
#10660 = DIRECTION('',(0.,0.,1.));
#10661 = DIRECTION('',(-1.,-0.,0.));
#10662 = DEFINITIONAL_REPRESENTATION('',(#10663),#10667);
#10663 = LINE('',#10664,#10665);
#10664 = CARTESIAN_POINT('',(-0.,0.));
#10665 = VECTOR('',#10666,1.);
#10666 = DIRECTION('',(-0.,1.));
#10667 = ( GEOMETRIC_REPRESENTATION_CONTEXT(2) 
PARAMETRIC_REPRESENTATION_CONTEXT() REPRESENTATION_CONTEXT('2D SPACE',''
  ) );
#10668 = ADVANCED_FACE('',(#10669),#10575,.T.);
#10669 = FACE_BOUND('',#10670,.T.);
#10670 = EDGE_LOOP('',(#10671,#10672,#10696,#10724,#10757,#10785,#10814,
    #10842));
#10671 = ORIENTED_EDGE('',*,*,#10552,.F.);
#10672 = ORIENTED_EDGE('',*,*,#10673,.T.);
#10673 = EDGE_CURVE('',#10553,#10674,#10676,.T.);
#10674 = VERTEX_POINT('',#10675);
#10675 = CARTESIAN_POINT('',(3.68,-6.85,4.75));
#10676 = SURFACE_CURVE('',#10677,(#10682,#10689),.PCURVE_S1.);
#10677 = CIRCLE('',#10678,8.E-02);
#10678 = AXIS2_PLACEMENT_3D('',#10679,#10680,#10681);
#10679 = CARTESIAN_POINT('',(3.68,-6.77,4.75));
#10680 = DIRECTION('',(0.,0.,1.));
#10681 = DIRECTION('',(0.,-1.,0.));
#10682 = PCURVE('',#10575,#10683);
#10683 = DEFINITIONAL_REPRESENTATION('',(#10684),#10688);
#10684 = CIRCLE('',#10685,8.E-02);
#10685 = AXIS2_PLACEMENT_2D('',#10686,#10687);
#10686 = CARTESIAN_POINT('',(8.E-02,8.E-02));
#10687 = DIRECTION('',(0.,-1.));
#10688 = ( GEOMETRIC_REPRESENTATION_CONTEXT(2) 
PARAMETRIC_REPRESENTATION_CONTEXT() REPRESENTATION_CONTEXT('2D SPACE',''
  ) );
#10689 = PCURVE('',#10603,#10690);
#10690 = DEFINITIONAL_REPRESENTATION('',(#10691),#10695);
#10691 = LINE('',#10692,#10693);
#10692 = CARTESIAN_POINT('',(-4.712388980385,0.65));
#10693 = VECTOR('',#10694,1.);
#10694 = DIRECTION('',(1.,0.));
#10695 = ( GEOMETRIC_REPRESENTATION_CONTEXT(2) 
PARAMETRIC_REPRESENTATION_CONTEXT() REPRESENTATION_CONTEXT('2D SPACE',''
  ) );
#10696 = ORIENTED_EDGE('',*,*,#10697,.T.);
#10697 = EDGE_CURVE('',#10674,#10698,#10700,.T.);
#10698 = VERTEX_POINT('',#10699);
#10699 = CARTESIAN_POINT('',(5.52,-6.85,4.75));
#10700 = SURFACE_CURVE('',#10701,(#10705,#10712),.PCURVE_S1.);
#10701 = LINE('',#10702,#10703);
#10702 = CARTESIAN_POINT('',(3.6,-6.85,4.75));
#10703 = VECTOR('',#10704,1.);
#10704 = DIRECTION('',(1.,0.,0.));
#10705 = PCURVE('',#10575,#10706);
#10706 = DEFINITIONAL_REPRESENTATION('',(#10707),#10711);
#10707 = LINE('',#10708,#10709);
#10708 = CARTESIAN_POINT('',(0.,0.));
#10709 = VECTOR('',#10710,1.);
#10710 = DIRECTION('',(1.,0.));
#10711 = ( GEOMETRIC_REPRESENTATION_CONTEXT(2) 
PARAMETRIC_REPRESENTATION_CONTEXT() REPRESENTATION_CONTEXT('2D SPACE',''
  ) );
#10712 = PCURVE('',#10713,#10718);
#10713 = PLANE('',#10714);
#10714 = AXIS2_PLACEMENT_3D('',#10715,#10716,#10717);
#10715 = CARTESIAN_POINT('',(3.6,-6.85,4.1));
#10716 = DIRECTION('',(0.,1.,0.));
#10717 = DIRECTION('',(0.,0.,1.));
#10718 = DEFINITIONAL_REPRESENTATION('',(#10719),#10723);
#10719 = LINE('',#10720,#10721);
#10720 = CARTESIAN_POINT('',(0.65,0.));
#10721 = VECTOR('',#10722,1.);
#10722 = DIRECTION('',(0.,1.));
#10723 = ( GEOMETRIC_REPRESENTATION_CONTEXT(2) 
PARAMETRIC_REPRESENTATION_CONTEXT() REPRESENTATION_CONTEXT('2D SPACE',''
  ) );
#10724 = ORIENTED_EDGE('',*,*,#10725,.F.);
#10725 = EDGE_CURVE('',#10726,#10698,#10728,.T.);
#10726 = VERTEX_POINT('',#10727);
#10727 = CARTESIAN_POINT('',(5.6,-6.77,4.75));
#10728 = SURFACE_CURVE('',#10729,(#10734,#10745),.PCURVE_S1.);
#10729 = CIRCLE('',#10730,8.E-02);
#10730 = AXIS2_PLACEMENT_3D('',#10731,#10732,#10733);
#10731 = CARTESIAN_POINT('',(5.52,-6.77,4.75));
#10732 = DIRECTION('',(-0.,-0.,-1.));
#10733 = DIRECTION('',(0.,-1.,0.));
#10734 = PCURVE('',#10575,#10735);
#10735 = DEFINITIONAL_REPRESENTATION('',(#10736),#10744);
#10736 = ( BOUNDED_CURVE() B_SPLINE_CURVE(2,(#10737,#10738,#10739,#10740
    ,#10741,#10742,#10743),.UNSPECIFIED.,.T.,.F.) 
B_SPLINE_CURVE_WITH_KNOTS((1,2,2,2,2,1),(-2.094395102393,0.,
    2.094395102393,4.188790204786,6.28318530718,8.377580409573),
.UNSPECIFIED.) CURVE() GEOMETRIC_REPRESENTATION_ITEM() 
RATIONAL_B_SPLINE_CURVE((1.,0.5,1.,0.5,1.,0.5,1.)) REPRESENTATION_ITEM(
  '') );
#10737 = CARTESIAN_POINT('',(1.92,6.938893903907E-17));
#10738 = CARTESIAN_POINT('',(1.781435935394,6.938893903907E-17));
#10739 = CARTESIAN_POINT('',(1.850717967697,0.12));
#10740 = CARTESIAN_POINT('',(1.92,0.24));
#10741 = CARTESIAN_POINT('',(1.989282032303,0.12));
#10742 = CARTESIAN_POINT('',(2.058564064606,1.942890293094E-16));
#10743 = CARTESIAN_POINT('',(1.92,6.938893903907E-17));
#10744 = ( GEOMETRIC_REPRESENTATION_CONTEXT(2) 
PARAMETRIC_REPRESENTATION_CONTEXT() REPRESENTATION_CONTEXT('2D SPACE',''
  ) );
#10745 = PCURVE('',#10746,#10751);
#10746 = CYLINDRICAL_SURFACE('',#10747,8.E-02);
#10747 = AXIS2_PLACEMENT_3D('',#10748,#10749,#10750);
#10748 = CARTESIAN_POINT('',(5.52,-6.77,4.1));
#10749 = DIRECTION('',(0.,0.,1.));
#10750 = DIRECTION('',(1.,0.,-0.));
#10751 = DEFINITIONAL_REPRESENTATION('',(#10752),#10756);
#10752 = LINE('',#10753,#10754);
#10753 = CARTESIAN_POINT('',(4.712388980385,0.65));
#10754 = VECTOR('',#10755,1.);
#10755 = DIRECTION('',(-1.,0.));
#10756 = ( GEOMETRIC_REPRESENTATION_CONTEXT(2) 
PARAMETRIC_REPRESENTATION_CONTEXT() REPRESENTATION_CONTEXT('2D SPACE',''
  ) );
#10757 = ORIENTED_EDGE('',*,*,#10758,.T.);
#10758 = EDGE_CURVE('',#10726,#10759,#10761,.T.);
#10759 = VERTEX_POINT('',#10760);
#10760 = CARTESIAN_POINT('',(5.6,-5.83,4.75));
#10761 = SURFACE_CURVE('',#10762,(#10766,#10773),.PCURVE_S1.);
#10762 = LINE('',#10763,#10764);
#10763 = CARTESIAN_POINT('',(5.6,-6.85,4.75));
#10764 = VECTOR('',#10765,1.);
#10765 = DIRECTION('',(0.,1.,0.));
#10766 = PCURVE('',#10575,#10767);
#10767 = DEFINITIONAL_REPRESENTATION('',(#10768),#10772);
#10768 = LINE('',#10769,#10770);
#10769 = CARTESIAN_POINT('',(2.,0.));
#10770 = VECTOR('',#10771,1.);
#10771 = DIRECTION('',(0.,1.));
#10772 = ( GEOMETRIC_REPRESENTATION_CONTEXT(2) 
PARAMETRIC_REPRESENTATION_CONTEXT() REPRESENTATION_CONTEXT('2D SPACE',''
  ) );
#10773 = PCURVE('',#10774,#10779);
#10774 = PLANE('',#10775);
#10775 = AXIS2_PLACEMENT_3D('',#10776,#10777,#10778);
#10776 = CARTESIAN_POINT('',(5.6,-6.85,4.1));
#10777 = DIRECTION('',(1.,0.,0.));
#10778 = DIRECTION('',(0.,0.,1.));
#10779 = DEFINITIONAL_REPRESENTATION('',(#10780),#10784);
#10780 = LINE('',#10781,#10782);
#10781 = CARTESIAN_POINT('',(0.65,0.));
#10782 = VECTOR('',#10783,1.);
#10783 = DIRECTION('',(0.,-1.));
#10784 = ( GEOMETRIC_REPRESENTATION_CONTEXT(2) 
PARAMETRIC_REPRESENTATION_CONTEXT() REPRESENTATION_CONTEXT('2D SPACE',''
  ) );
#10785 = ORIENTED_EDGE('',*,*,#10786,.T.);
#10786 = EDGE_CURVE('',#10759,#10787,#10789,.T.);
#10787 = VERTEX_POINT('',#10788);
#10788 = CARTESIAN_POINT('',(5.52,-5.75,4.75));
#10789 = SURFACE_CURVE('',#10790,(#10795,#10802),.PCURVE_S1.);
#10790 = CIRCLE('',#10791,8.E-02);
#10791 = AXIS2_PLACEMENT_3D('',#10792,#10793,#10794);
#10792 = CARTESIAN_POINT('',(5.52,-5.83,4.75));
#10793 = DIRECTION('',(0.,0.,1.));
#10794 = DIRECTION('',(0.,-1.,0.));
#10795 = PCURVE('',#10575,#10796);
#10796 = DEFINITIONAL_REPRESENTATION('',(#10797),#10801);
#10797 = CIRCLE('',#10798,8.E-02);
#10798 = AXIS2_PLACEMENT_2D('',#10799,#10800);
#10799 = CARTESIAN_POINT('',(1.92,1.02));
#10800 = DIRECTION('',(0.,-1.));
#10801 = ( GEOMETRIC_REPRESENTATION_CONTEXT(2) 
PARAMETRIC_REPRESENTATION_CONTEXT() REPRESENTATION_CONTEXT('2D SPACE',''
  ) );
#10802 = PCURVE('',#10803,#10808);
#10803 = CYLINDRICAL_SURFACE('',#10804,8.E-02);
#10804 = AXIS2_PLACEMENT_3D('',#10805,#10806,#10807);
#10805 = CARTESIAN_POINT('',(5.52,-5.83,4.1));
#10806 = DIRECTION('',(0.,0.,1.));
#10807 = DIRECTION('',(1.,0.,-0.));
#10808 = DEFINITIONAL_REPRESENTATION('',(#10809),#10813);
#10809 = LINE('',#10810,#10811);
#10810 = CARTESIAN_POINT('',(-1.570796326795,0.65));
#10811 = VECTOR('',#10812,1.);
#10812 = DIRECTION('',(1.,0.));
#10813 = ( GEOMETRIC_REPRESENTATION_CONTEXT(2) 
PARAMETRIC_REPRESENTATION_CONTEXT() REPRESENTATION_CONTEXT('2D SPACE',''
  ) );
#10814 = ORIENTED_EDGE('',*,*,#10815,.F.);
#10815 = EDGE_CURVE('',#10816,#10787,#10818,.T.);
#10816 = VERTEX_POINT('',#10817);
#10817 = CARTESIAN_POINT('',(3.68,-5.75,4.75));
#10818 = SURFACE_CURVE('',#10819,(#10823,#10830),.PCURVE_S1.);
#10819 = LINE('',#10820,#10821);
#10820 = CARTESIAN_POINT('',(3.6,-5.75,4.75));
#10821 = VECTOR('',#10822,1.);
#10822 = DIRECTION('',(1.,0.,0.));
#10823 = PCURVE('',#10575,#10824);
#10824 = DEFINITIONAL_REPRESENTATION('',(#10825),#10829);
#10825 = LINE('',#10826,#10827);
#10826 = CARTESIAN_POINT('',(0.,1.1));
#10827 = VECTOR('',#10828,1.);
#10828 = DIRECTION('',(1.,0.));
#10829 = ( GEOMETRIC_REPRESENTATION_CONTEXT(2) 
PARAMETRIC_REPRESENTATION_CONTEXT() REPRESENTATION_CONTEXT('2D SPACE',''
  ) );
#10830 = PCURVE('',#10831,#10836);
#10831 = PLANE('',#10832);
#10832 = AXIS2_PLACEMENT_3D('',#10833,#10834,#10835);
#10833 = CARTESIAN_POINT('',(3.6,-5.75,4.1));
#10834 = DIRECTION('',(0.,1.,0.));
#10835 = DIRECTION('',(0.,0.,1.));
#10836 = DEFINITIONAL_REPRESENTATION('',(#10837),#10841);
#10837 = LINE('',#10838,#10839);
#10838 = CARTESIAN_POINT('',(0.65,0.));
#10839 = VECTOR('',#10840,1.);
#10840 = DIRECTION('',(0.,1.));
#10841 = ( GEOMETRIC_REPRESENTATION_CONTEXT(2) 
PARAMETRIC_REPRESENTATION_CONTEXT() REPRESENTATION_CONTEXT('2D SPACE',''
  ) );
#10842 = ORIENTED_EDGE('',*,*,#10843,.F.);
#10843 = EDGE_CURVE('',#10555,#10816,#10844,.T.);
#10844 = SURFACE_CURVE('',#10845,(#10850,#10861),.PCURVE_S1.);
#10845 = CIRCLE('',#10846,8.E-02);
#10846 = AXIS2_PLACEMENT_3D('',#10847,#10848,#10849);
#10847 = CARTESIAN_POINT('',(3.68,-5.83,4.75));
#10848 = DIRECTION('',(-0.,-0.,-1.));
#10849 = DIRECTION('',(0.,-1.,0.));
#10850 = PCURVE('',#10575,#10851);
#10851 = DEFINITIONAL_REPRESENTATION('',(#10852),#10860);
#10852 = ( BOUNDED_CURVE() B_SPLINE_CURVE(2,(#10853,#10854,#10855,#10856
    ,#10857,#10858,#10859),.UNSPECIFIED.,.T.,.F.) 
B_SPLINE_CURVE_WITH_KNOTS((1,2,2,2,2,1),(-2.094395102393,0.,
    2.094395102393,4.188790204786,6.28318530718,8.377580409573),
.UNSPECIFIED.) CURVE() GEOMETRIC_REPRESENTATION_ITEM() 
RATIONAL_B_SPLINE_CURVE((1.,0.5,1.,0.5,1.,0.5,1.)) REPRESENTATION_ITEM(
  '') );
#10853 = CARTESIAN_POINT('',(8.E-02,0.94));
#10854 = CARTESIAN_POINT('',(-5.856406460551E-02,0.94));
#10855 = CARTESIAN_POINT('',(1.071796769724E-02,1.06));
#10856 = CARTESIAN_POINT('',(8.E-02,1.18));
#10857 = CARTESIAN_POINT('',(0.149282032303,1.06));
#10858 = CARTESIAN_POINT('',(0.218564064606,0.94));
#10859 = CARTESIAN_POINT('',(8.E-02,0.94));
#10860 = ( GEOMETRIC_REPRESENTATION_CONTEXT(2) 
PARAMETRIC_REPRESENTATION_CONTEXT() REPRESENTATION_CONTEXT('2D SPACE',''
  ) );
#10861 = PCURVE('',#10657,#10862);
#10862 = DEFINITIONAL_REPRESENTATION('',(#10863),#10867);
#10863 = LINE('',#10864,#10865);
#10864 = CARTESIAN_POINT('',(1.570796326795,0.65));
#10865 = VECTOR('',#10866,1.);
#10866 = DIRECTION('',(-1.,0.));
#10867 = ( GEOMETRIC_REPRESENTATION_CONTEXT(2) 
PARAMETRIC_REPRESENTATION_CONTEXT() REPRESENTATION_CONTEXT('2D SPACE',''
  ) );
#10868 = ADVANCED_FACE('',(#10869),#10603,.T.);
#10869 = FACE_BOUND('',#10870,.T.);
#10870 = EDGE_LOOP('',(#10871,#10895,#10916,#10917));
#10871 = ORIENTED_EDGE('',*,*,#10872,.T.);
#10872 = EDGE_CURVE('',#10588,#10873,#10875,.T.);
#10873 = VERTEX_POINT('',#10874);
#10874 = CARTESIAN_POINT('',(3.68,-6.85,4.1));
#10875 = SURFACE_CURVE('',#10876,(#10881,#10888),.PCURVE_S1.);
#10876 = CIRCLE('',#10877,8.E-02);
#10877 = AXIS2_PLACEMENT_3D('',#10878,#10879,#10880);
#10878 = CARTESIAN_POINT('',(3.68,-6.77,4.1));
#10879 = DIRECTION('',(0.,0.,1.));
#10880 = DIRECTION('',(0.,-1.,0.));
#10881 = PCURVE('',#10603,#10882);
#10882 = DEFINITIONAL_REPRESENTATION('',(#10883),#10887);
#10883 = LINE('',#10884,#10885);
#10884 = CARTESIAN_POINT('',(-4.712388980385,0.));
#10885 = VECTOR('',#10886,1.);
#10886 = DIRECTION('',(1.,0.));
#10887 = ( GEOMETRIC_REPRESENTATION_CONTEXT(2) 
PARAMETRIC_REPRESENTATION_CONTEXT() REPRESENTATION_CONTEXT('2D SPACE',''
  ) );
#10888 = PCURVE('',#10631,#10889);
#10889 = DEFINITIONAL_REPRESENTATION('',(#10890),#10894);
#10890 = CIRCLE('',#10891,8.E-02);
#10891 = AXIS2_PLACEMENT_2D('',#10892,#10893);
#10892 = CARTESIAN_POINT('',(8.E-02,8.E-02));
#10893 = DIRECTION('',(0.,-1.));
#10894 = ( GEOMETRIC_REPRESENTATION_CONTEXT(2) 
PARAMETRIC_REPRESENTATION_CONTEXT() REPRESENTATION_CONTEXT('2D SPACE',''
  ) );
#10895 = ORIENTED_EDGE('',*,*,#10896,.T.);
#10896 = EDGE_CURVE('',#10873,#10674,#10897,.T.);
#10897 = SURFACE_CURVE('',#10898,(#10902,#10909),.PCURVE_S1.);
#10898 = LINE('',#10899,#10900);
#10899 = CARTESIAN_POINT('',(3.68,-6.85,4.1));
#10900 = VECTOR('',#10901,1.);
#10901 = DIRECTION('',(0.,0.,1.));
#10902 = PCURVE('',#10603,#10903);
#10903 = DEFINITIONAL_REPRESENTATION('',(#10904),#10908);
#10904 = LINE('',#10905,#10906);
#10905 = CARTESIAN_POINT('',(1.570796326795,0.));
#10906 = VECTOR('',#10907,1.);
#10907 = DIRECTION('',(0.,1.));
#10908 = ( GEOMETRIC_REPRESENTATION_CONTEXT(2) 
PARAMETRIC_REPRESENTATION_CONTEXT() REPRESENTATION_CONTEXT('2D SPACE',''
  ) );
#10909 = PCURVE('',#10713,#10910);
#10910 = DEFINITIONAL_REPRESENTATION('',(#10911),#10915);
#10911 = LINE('',#10912,#10913);
#10912 = CARTESIAN_POINT('',(0.,8.E-02));
#10913 = VECTOR('',#10914,1.);
#10914 = DIRECTION('',(1.,0.));
#10915 = ( GEOMETRIC_REPRESENTATION_CONTEXT(2) 
PARAMETRIC_REPRESENTATION_CONTEXT() REPRESENTATION_CONTEXT('2D SPACE',''
  ) );
#10916 = ORIENTED_EDGE('',*,*,#10673,.F.);
#10917 = ORIENTED_EDGE('',*,*,#10587,.F.);
#10918 = ADVANCED_FACE('',(#10919),#10657,.T.);
#10919 = FACE_BOUND('',#10920,.F.);
#10920 = EDGE_LOOP('',(#10921,#10949,#10970,#10971));
#10921 = ORIENTED_EDGE('',*,*,#10922,.T.);
#10922 = EDGE_CURVE('',#10616,#10923,#10925,.T.);
#10923 = VERTEX_POINT('',#10924);
#10924 = CARTESIAN_POINT('',(3.68,-5.75,4.1));
#10925 = SURFACE_CURVE('',#10926,(#10931,#10938),.PCURVE_S1.);
#10926 = CIRCLE('',#10927,8.E-02);
#10927 = AXIS2_PLACEMENT_3D('',#10928,#10929,#10930);
#10928 = CARTESIAN_POINT('',(3.68,-5.83,4.1));
#10929 = DIRECTION('',(-0.,-0.,-1.));
#10930 = DIRECTION('',(0.,-1.,0.));
#10931 = PCURVE('',#10657,#10932);
#10932 = DEFINITIONAL_REPRESENTATION('',(#10933),#10937);
#10933 = LINE('',#10934,#10935);
#10934 = CARTESIAN_POINT('',(1.570796326795,-0.));
#10935 = VECTOR('',#10936,1.);
#10936 = DIRECTION('',(-1.,0.));
#10937 = ( GEOMETRIC_REPRESENTATION_CONTEXT(2) 
PARAMETRIC_REPRESENTATION_CONTEXT() REPRESENTATION_CONTEXT('2D SPACE',''
  ) );
#10938 = PCURVE('',#10631,#10939);
#10939 = DEFINITIONAL_REPRESENTATION('',(#10940),#10948);
#10940 = ( BOUNDED_CURVE() B_SPLINE_CURVE(2,(#10941,#10942,#10943,#10944
    ,#10945,#10946,#10947),.UNSPECIFIED.,.T.,.F.) 
B_SPLINE_CURVE_WITH_KNOTS((1,2,2,2,2,1),(-2.094395102393,0.,
    2.094395102393,4.188790204786,6.28318530718,8.377580409573),
.UNSPECIFIED.) CURVE() GEOMETRIC_REPRESENTATION_ITEM() 
RATIONAL_B_SPLINE_CURVE((1.,0.5,1.,0.5,1.,0.5,1.)) REPRESENTATION_ITEM(
  '') );
#10941 = CARTESIAN_POINT('',(8.E-02,0.94));
#10942 = CARTESIAN_POINT('',(-5.856406460551E-02,0.94));
#10943 = CARTESIAN_POINT('',(1.071796769724E-02,1.06));
#10944 = CARTESIAN_POINT('',(8.E-02,1.18));
#10945 = CARTESIAN_POINT('',(0.149282032303,1.06));
#10946 = CARTESIAN_POINT('',(0.218564064606,0.94));
#10947 = CARTESIAN_POINT('',(8.E-02,0.94));
#10948 = ( GEOMETRIC_REPRESENTATION_CONTEXT(2) 
PARAMETRIC_REPRESENTATION_CONTEXT() REPRESENTATION_CONTEXT('2D SPACE',''
  ) );
#10949 = ORIENTED_EDGE('',*,*,#10950,.T.);
#10950 = EDGE_CURVE('',#10923,#10816,#10951,.T.);
#10951 = SURFACE_CURVE('',#10952,(#10956,#10963),.PCURVE_S1.);
#10952 = LINE('',#10953,#10954);
#10953 = CARTESIAN_POINT('',(3.68,-5.75,4.1));
#10954 = VECTOR('',#10955,1.);
#10955 = DIRECTION('',(0.,0.,1.));
#10956 = PCURVE('',#10657,#10957);
#10957 = DEFINITIONAL_REPRESENTATION('',(#10958),#10962);
#10958 = LINE('',#10959,#10960);
#10959 = CARTESIAN_POINT('',(-1.570796326795,0.));
#10960 = VECTOR('',#10961,1.);
#10961 = DIRECTION('',(-0.,1.));
#10962 = ( GEOMETRIC_REPRESENTATION_CONTEXT(2) 
PARAMETRIC_REPRESENTATION_CONTEXT() REPRESENTATION_CONTEXT('2D SPACE',''
  ) );
#10963 = PCURVE('',#10831,#10964);
#10964 = DEFINITIONAL_REPRESENTATION('',(#10965),#10969);
#10965 = LINE('',#10966,#10967);
#10966 = CARTESIAN_POINT('',(0.,8.E-02));
#10967 = VECTOR('',#10968,1.);
#10968 = DIRECTION('',(1.,0.));
#10969 = ( GEOMETRIC_REPRESENTATION_CONTEXT(2) 
PARAMETRIC_REPRESENTATION_CONTEXT() REPRESENTATION_CONTEXT('2D SPACE',''
  ) );
#10970 = ORIENTED_EDGE('',*,*,#10843,.F.);
#10971 = ORIENTED_EDGE('',*,*,#10643,.F.);
#10972 = ADVANCED_FACE('',(#10973),#10631,.F.);
#10973 = FACE_BOUND('',#10974,.F.);
#10974 = EDGE_LOOP('',(#10975,#10976,#10977,#11000,#11028,#11051,#11075,
    #11096));
#10975 = ORIENTED_EDGE('',*,*,#10615,.F.);
#10976 = ORIENTED_EDGE('',*,*,#10872,.T.);
#10977 = ORIENTED_EDGE('',*,*,#10978,.T.);
#10978 = EDGE_CURVE('',#10873,#10979,#10981,.T.);
#10979 = VERTEX_POINT('',#10980);
#10980 = CARTESIAN_POINT('',(5.52,-6.85,4.1));
#10981 = SURFACE_CURVE('',#10982,(#10986,#10993),.PCURVE_S1.);
#10982 = LINE('',#10983,#10984);
#10983 = CARTESIAN_POINT('',(3.6,-6.85,4.1));
#10984 = VECTOR('',#10985,1.);
#10985 = DIRECTION('',(1.,0.,0.));
#10986 = PCURVE('',#10631,#10987);
#10987 = DEFINITIONAL_REPRESENTATION('',(#10988),#10992);
#10988 = LINE('',#10989,#10990);
#10989 = CARTESIAN_POINT('',(0.,0.));
#10990 = VECTOR('',#10991,1.);
#10991 = DIRECTION('',(1.,0.));
#10992 = ( GEOMETRIC_REPRESENTATION_CONTEXT(2) 
PARAMETRIC_REPRESENTATION_CONTEXT() REPRESENTATION_CONTEXT('2D SPACE',''
  ) );
#10993 = PCURVE('',#10713,#10994);
#10994 = DEFINITIONAL_REPRESENTATION('',(#10995),#10999);
#10995 = LINE('',#10996,#10997);
#10996 = CARTESIAN_POINT('',(0.,0.));
#10997 = VECTOR('',#10998,1.);
#10998 = DIRECTION('',(0.,1.));
#10999 = ( GEOMETRIC_REPRESENTATION_CONTEXT(2) 
PARAMETRIC_REPRESENTATION_CONTEXT() REPRESENTATION_CONTEXT('2D SPACE',''
  ) );
#11000 = ORIENTED_EDGE('',*,*,#11001,.F.);
#11001 = EDGE_CURVE('',#11002,#10979,#11004,.T.);
#11002 = VERTEX_POINT('',#11003);
#11003 = CARTESIAN_POINT('',(5.6,-6.77,4.1));
#11004 = SURFACE_CURVE('',#11005,(#11010,#11021),.PCURVE_S1.);
#11005 = CIRCLE('',#11006,8.E-02);
#11006 = AXIS2_PLACEMENT_3D('',#11007,#11008,#11009);
#11007 = CARTESIAN_POINT('',(5.52,-6.77,4.1));
#11008 = DIRECTION('',(-0.,-0.,-1.));
#11009 = DIRECTION('',(0.,-1.,0.));
#11010 = PCURVE('',#10631,#11011);
#11011 = DEFINITIONAL_REPRESENTATION('',(#11012),#11020);
#11012 = ( BOUNDED_CURVE() B_SPLINE_CURVE(2,(#11013,#11014,#11015,#11016
    ,#11017,#11018,#11019),.UNSPECIFIED.,.T.,.F.) 
B_SPLINE_CURVE_WITH_KNOTS((1,2,2,2,2,1),(-2.094395102393,0.,
    2.094395102393,4.188790204786,6.28318530718,8.377580409573),
.UNSPECIFIED.) CURVE() GEOMETRIC_REPRESENTATION_ITEM() 
RATIONAL_B_SPLINE_CURVE((1.,0.5,1.,0.5,1.,0.5,1.)) REPRESENTATION_ITEM(
  '') );
#11013 = CARTESIAN_POINT('',(1.92,6.938893903907E-17));
#11014 = CARTESIAN_POINT('',(1.781435935394,6.938893903907E-17));
#11015 = CARTESIAN_POINT('',(1.850717967697,0.12));
#11016 = CARTESIAN_POINT('',(1.92,0.24));
#11017 = CARTESIAN_POINT('',(1.989282032303,0.12));
#11018 = CARTESIAN_POINT('',(2.058564064606,1.942890293094E-16));
#11019 = CARTESIAN_POINT('',(1.92,6.938893903907E-17));
#11020 = ( GEOMETRIC_REPRESENTATION_CONTEXT(2) 
PARAMETRIC_REPRESENTATION_CONTEXT() REPRESENTATION_CONTEXT('2D SPACE',''
  ) );
#11021 = PCURVE('',#10746,#11022);
#11022 = DEFINITIONAL_REPRESENTATION('',(#11023),#11027);
#11023 = LINE('',#11024,#11025);
#11024 = CARTESIAN_POINT('',(4.712388980385,-0.));
#11025 = VECTOR('',#11026,1.);
#11026 = DIRECTION('',(-1.,0.));
#11027 = ( GEOMETRIC_REPRESENTATION_CONTEXT(2) 
PARAMETRIC_REPRESENTATION_CONTEXT() REPRESENTATION_CONTEXT('2D SPACE',''
  ) );
#11028 = ORIENTED_EDGE('',*,*,#11029,.T.);
#11029 = EDGE_CURVE('',#11002,#11030,#11032,.T.);
#11030 = VERTEX_POINT('',#11031);
#11031 = CARTESIAN_POINT('',(5.6,-5.83,4.1));
#11032 = SURFACE_CURVE('',#11033,(#11037,#11044),.PCURVE_S1.);
#11033 = LINE('',#11034,#11035);
#11034 = CARTESIAN_POINT('',(5.6,-6.85,4.1));
#11035 = VECTOR('',#11036,1.);
#11036 = DIRECTION('',(0.,1.,0.));
#11037 = PCURVE('',#10631,#11038);
#11038 = DEFINITIONAL_REPRESENTATION('',(#11039),#11043);
#11039 = LINE('',#11040,#11041);
#11040 = CARTESIAN_POINT('',(2.,0.));
#11041 = VECTOR('',#11042,1.);
#11042 = DIRECTION('',(0.,1.));
#11043 = ( GEOMETRIC_REPRESENTATION_CONTEXT(2) 
PARAMETRIC_REPRESENTATION_CONTEXT() REPRESENTATION_CONTEXT('2D SPACE',''
  ) );
#11044 = PCURVE('',#10774,#11045);
#11045 = DEFINITIONAL_REPRESENTATION('',(#11046),#11050);
#11046 = LINE('',#11047,#11048);
#11047 = CARTESIAN_POINT('',(0.,0.));
#11048 = VECTOR('',#11049,1.);
#11049 = DIRECTION('',(0.,-1.));
#11050 = ( GEOMETRIC_REPRESENTATION_CONTEXT(2) 
PARAMETRIC_REPRESENTATION_CONTEXT() REPRESENTATION_CONTEXT('2D SPACE',''
  ) );
#11051 = ORIENTED_EDGE('',*,*,#11052,.T.);
#11052 = EDGE_CURVE('',#11030,#11053,#11055,.T.);
#11053 = VERTEX_POINT('',#11054);
#11054 = CARTESIAN_POINT('',(5.52,-5.75,4.1));
#11055 = SURFACE_CURVE('',#11056,(#11061,#11068),.PCURVE_S1.);
#11056 = CIRCLE('',#11057,8.E-02);
#11057 = AXIS2_PLACEMENT_3D('',#11058,#11059,#11060);
#11058 = CARTESIAN_POINT('',(5.52,-5.83,4.1));
#11059 = DIRECTION('',(0.,0.,1.));
#11060 = DIRECTION('',(0.,-1.,0.));
#11061 = PCURVE('',#10631,#11062);
#11062 = DEFINITIONAL_REPRESENTATION('',(#11063),#11067);
#11063 = CIRCLE('',#11064,8.E-02);
#11064 = AXIS2_PLACEMENT_2D('',#11065,#11066);
#11065 = CARTESIAN_POINT('',(1.92,1.02));
#11066 = DIRECTION('',(0.,-1.));
#11067 = ( GEOMETRIC_REPRESENTATION_CONTEXT(2) 
PARAMETRIC_REPRESENTATION_CONTEXT() REPRESENTATION_CONTEXT('2D SPACE',''
  ) );
#11068 = PCURVE('',#10803,#11069);
#11069 = DEFINITIONAL_REPRESENTATION('',(#11070),#11074);
#11070 = LINE('',#11071,#11072);
#11071 = CARTESIAN_POINT('',(-1.570796326795,0.));
#11072 = VECTOR('',#11073,1.);
#11073 = DIRECTION('',(1.,0.));
#11074 = ( GEOMETRIC_REPRESENTATION_CONTEXT(2) 
PARAMETRIC_REPRESENTATION_CONTEXT() REPRESENTATION_CONTEXT('2D SPACE',''
  ) );
#11075 = ORIENTED_EDGE('',*,*,#11076,.F.);
#11076 = EDGE_CURVE('',#10923,#11053,#11077,.T.);
#11077 = SURFACE_CURVE('',#11078,(#11082,#11089),.PCURVE_S1.);
#11078 = LINE('',#11079,#11080);
#11079 = CARTESIAN_POINT('',(3.6,-5.75,4.1));
#11080 = VECTOR('',#11081,1.);
#11081 = DIRECTION('',(1.,0.,0.));
#11082 = PCURVE('',#10631,#11083);
#11083 = DEFINITIONAL_REPRESENTATION('',(#11084),#11088);
#11084 = LINE('',#11085,#11086);
#11085 = CARTESIAN_POINT('',(0.,1.1));
#11086 = VECTOR('',#11087,1.);
#11087 = DIRECTION('',(1.,0.));
#11088 = ( GEOMETRIC_REPRESENTATION_CONTEXT(2) 
PARAMETRIC_REPRESENTATION_CONTEXT() REPRESENTATION_CONTEXT('2D SPACE',''
  ) );
#11089 = PCURVE('',#10831,#11090);
#11090 = DEFINITIONAL_REPRESENTATION('',(#11091),#11095);
#11091 = LINE('',#11092,#11093);
#11092 = CARTESIAN_POINT('',(0.,0.));
#11093 = VECTOR('',#11094,1.);
#11094 = DIRECTION('',(0.,1.));
#11095 = ( GEOMETRIC_REPRESENTATION_CONTEXT(2) 
PARAMETRIC_REPRESENTATION_CONTEXT() REPRESENTATION_CONTEXT('2D SPACE',''
  ) );
#11096 = ORIENTED_EDGE('',*,*,#10922,.F.);
#11097 = ADVANCED_FACE('',(#11098),#10713,.F.);
#11098 = FACE_BOUND('',#11099,.F.);
#11099 = EDGE_LOOP('',(#11100,#11101,#11102,#11103));
#11100 = ORIENTED_EDGE('',*,*,#10978,.F.);
#11101 = ORIENTED_EDGE('',*,*,#10896,.T.);
#11102 = ORIENTED_EDGE('',*,*,#10697,.T.);
#11103 = ORIENTED_EDGE('',*,*,#11104,.F.);
#11104 = EDGE_CURVE('',#10979,#10698,#11105,.T.);
#11105 = SURFACE_CURVE('',#11106,(#11110,#11117),.PCURVE_S1.);
#11106 = LINE('',#11107,#11108);
#11107 = CARTESIAN_POINT('',(5.52,-6.85,4.1));
#11108 = VECTOR('',#11109,1.);
#11109 = DIRECTION('',(0.,0.,1.));
#11110 = PCURVE('',#10713,#11111);
#11111 = DEFINITIONAL_REPRESENTATION('',(#11112),#11116);
#11112 = LINE('',#11113,#11114);
#11113 = CARTESIAN_POINT('',(0.,1.92));
#11114 = VECTOR('',#11115,1.);
#11115 = DIRECTION('',(1.,0.));
#11116 = ( GEOMETRIC_REPRESENTATION_CONTEXT(2) 
PARAMETRIC_REPRESENTATION_CONTEXT() REPRESENTATION_CONTEXT('2D SPACE',''
  ) );
#11117 = PCURVE('',#10746,#11118);
#11118 = DEFINITIONAL_REPRESENTATION('',(#11119),#11123);
#11119 = LINE('',#11120,#11121);
#11120 = CARTESIAN_POINT('',(-1.570796326795,0.));
#11121 = VECTOR('',#11122,1.);
#11122 = DIRECTION('',(-0.,1.));
#11123 = ( GEOMETRIC_REPRESENTATION_CONTEXT(2) 
PARAMETRIC_REPRESENTATION_CONTEXT() REPRESENTATION_CONTEXT('2D SPACE',''
  ) );
#11124 = ADVANCED_FACE('',(#11125),#10831,.T.);
#11125 = FACE_BOUND('',#11126,.T.);
#11126 = EDGE_LOOP('',(#11127,#11128,#11129,#11130));
#11127 = ORIENTED_EDGE('',*,*,#11076,.F.);
#11128 = ORIENTED_EDGE('',*,*,#10950,.T.);
#11129 = ORIENTED_EDGE('',*,*,#10815,.T.);
#11130 = ORIENTED_EDGE('',*,*,#11131,.F.);
#11131 = EDGE_CURVE('',#11053,#10787,#11132,.T.);
#11132 = SURFACE_CURVE('',#11133,(#11137,#11144),.PCURVE_S1.);
#11133 = LINE('',#11134,#11135);
#11134 = CARTESIAN_POINT('',(5.52,-5.75,4.1));
#11135 = VECTOR('',#11136,1.);
#11136 = DIRECTION('',(0.,0.,1.));
#11137 = PCURVE('',#10831,#11138);
#11138 = DEFINITIONAL_REPRESENTATION('',(#11139),#11143);
#11139 = LINE('',#11140,#11141);
#11140 = CARTESIAN_POINT('',(0.,1.92));
#11141 = VECTOR('',#11142,1.);
#11142 = DIRECTION('',(1.,0.));
#11143 = ( GEOMETRIC_REPRESENTATION_CONTEXT(2) 
PARAMETRIC_REPRESENTATION_CONTEXT() REPRESENTATION_CONTEXT('2D SPACE',''
  ) );
#11144 = PCURVE('',#10803,#11145);
#11145 = DEFINITIONAL_REPRESENTATION('',(#11146),#11150);
#11146 = LINE('',#11147,#11148);
#11147 = CARTESIAN_POINT('',(1.570796326795,0.));
#11148 = VECTOR('',#11149,1.);
#11149 = DIRECTION('',(0.,1.));
#11150 = ( GEOMETRIC_REPRESENTATION_CONTEXT(2) 
PARAMETRIC_REPRESENTATION_CONTEXT() REPRESENTATION_CONTEXT('2D SPACE',''
  ) );
#11151 = ADVANCED_FACE('',(#11152),#10746,.T.);
#11152 = FACE_BOUND('',#11153,.F.);
#11153 = EDGE_LOOP('',(#11154,#11155,#11156,#11157));
#11154 = ORIENTED_EDGE('',*,*,#11001,.T.);
#11155 = ORIENTED_EDGE('',*,*,#11104,.T.);
#11156 = ORIENTED_EDGE('',*,*,#10725,.F.);
#11157 = ORIENTED_EDGE('',*,*,#11158,.F.);
#11158 = EDGE_CURVE('',#11002,#10726,#11159,.T.);
#11159 = SURFACE_CURVE('',#11160,(#11164,#11171),.PCURVE_S1.);
#11160 = LINE('',#11161,#11162);
#11161 = CARTESIAN_POINT('',(5.6,-6.77,4.1));
#11162 = VECTOR('',#11163,1.);
#11163 = DIRECTION('',(0.,0.,1.));
#11164 = PCURVE('',#10746,#11165);
#11165 = DEFINITIONAL_REPRESENTATION('',(#11166),#11170);
#11166 = LINE('',#11167,#11168);
#11167 = CARTESIAN_POINT('',(-0.,0.));
#11168 = VECTOR('',#11169,1.);
#11169 = DIRECTION('',(-0.,1.));
#11170 = ( GEOMETRIC_REPRESENTATION_CONTEXT(2) 
PARAMETRIC_REPRESENTATION_CONTEXT() REPRESENTATION_CONTEXT('2D SPACE',''
  ) );
#11171 = PCURVE('',#10774,#11172);
#11172 = DEFINITIONAL_REPRESENTATION('',(#11173),#11177);
#11173 = LINE('',#11174,#11175);
#11174 = CARTESIAN_POINT('',(0.,-8.E-02));
#11175 = VECTOR('',#11176,1.);
#11176 = DIRECTION('',(1.,0.));
#11177 = ( GEOMETRIC_REPRESENTATION_CONTEXT(2) 
PARAMETRIC_REPRESENTATION_CONTEXT() REPRESENTATION_CONTEXT('2D SPACE',''
  ) );
#11178 = ADVANCED_FACE('',(#11179),#10803,.T.);
#11179 = FACE_BOUND('',#11180,.T.);
#11180 = EDGE_LOOP('',(#11181,#11182,#11183,#11184));
#11181 = ORIENTED_EDGE('',*,*,#11052,.T.);
#11182 = ORIENTED_EDGE('',*,*,#11131,.T.);
#11183 = ORIENTED_EDGE('',*,*,#10786,.F.);
#11184 = ORIENTED_EDGE('',*,*,#11185,.F.);
#11185 = EDGE_CURVE('',#11030,#10759,#11186,.T.);
#11186 = SURFACE_CURVE('',#11187,(#11191,#11198),.PCURVE_S1.);
#11187 = LINE('',#11188,#11189);
#11188 = CARTESIAN_POINT('',(5.6,-5.83,4.1));
#11189 = VECTOR('',#11190,1.);
#11190 = DIRECTION('',(0.,0.,1.));
#11191 = PCURVE('',#10803,#11192);
#11192 = DEFINITIONAL_REPRESENTATION('',(#11193),#11197);
#11193 = LINE('',#11194,#11195);
#11194 = CARTESIAN_POINT('',(0.,0.));
#11195 = VECTOR('',#11196,1.);
#11196 = DIRECTION('',(0.,1.));
#11197 = ( GEOMETRIC_REPRESENTATION_CONTEXT(2) 
PARAMETRIC_REPRESENTATION_CONTEXT() REPRESENTATION_CONTEXT('2D SPACE',''
  ) );
#11198 = PCURVE('',#10774,#11199);
#11199 = DEFINITIONAL_REPRESENTATION('',(#11200),#11204);
#11200 = LINE('',#11201,#11202);
#11201 = CARTESIAN_POINT('',(0.,-1.02));
#11202 = VECTOR('',#11203,1.);
#11203 = DIRECTION('',(1.,0.));
#11204 = ( GEOMETRIC_REPRESENTATION_CONTEXT(2) 
PARAMETRIC_REPRESENTATION_CONTEXT() REPRESENTATION_CONTEXT('2D SPACE',''
  ) );
#11205 = ADVANCED_FACE('',(#11206),#10774,.T.);
#11206 = FACE_BOUND('',#11207,.T.);
#11207 = EDGE_LOOP('',(#11208,#11209,#11210,#11211));
#11208 = ORIENTED_EDGE('',*,*,#10758,.F.);
#11209 = ORIENTED_EDGE('',*,*,#11158,.F.);
#11210 = ORIENTED_EDGE('',*,*,#11029,.T.);
#11211 = ORIENTED_EDGE('',*,*,#11185,.T.);
#11212 = ( GEOMETRIC_REPRESENTATION_CONTEXT(3) 
GLOBAL_UNCERTAINTY_ASSIGNED_CONTEXT((#11216)) 
GLOBAL_UNIT_ASSIGNED_CONTEXT((#11213,#11214,#11215)) 
REPRESENTATION_CONTEXT('Context #1',
  '3D Context with UNIT and UNCERTAINTY') );
#11213 = ( LENGTH_UNIT() NAMED_UNIT(*) SI_UNIT(.MILLI.,.METRE.) );
#11214 = ( NAMED_UNIT(*) PLANE_ANGLE_UNIT() SI_UNIT($,.RADIAN.) );
#11215 = ( NAMED_UNIT(*) SI_UNIT($,.STERADIAN.) SOLID_ANGLE_UNIT() );
#11216 = UNCERTAINTY_MEASURE_WITH_UNIT(LENGTH_MEASURE(1.E-07),#11213,
  'distance_accuracy_value','confusion accuracy');
#11217 = CONTEXT_DEPENDENT_SHAPE_REPRESENTATION(#11218,#11220);
#11218 = ( REPRESENTATION_RELATIONSHIP('','',#10545,#10) 
REPRESENTATION_RELATIONSHIP_WITH_TRANSFORMATION(#11219) 
SHAPE_REPRESENTATION_RELATIONSHIP() );
#11219 = ITEM_DEFINED_TRANSFORMATION('','',#11,#115);
#11220 = PRODUCT_DEFINITION_SHAPE('Placement','Placement of an item',
  #11221);
#11221 = NEXT_ASSEMBLY_USAGE_OCCURRENCE('117','passive_2','',#5,#10540,$
  );
#11222 = PRODUCT_RELATED_PRODUCT_CATEGORY('part',$,(#10542));
#11223 = SHAPE_DEFINITION_REPRESENTATION(#11224,#11230);
#11224 = PRODUCT_DEFINITION_SHAPE('','',#11225);
#11225 = PRODUCT_DEFINITION('design','',#11226,#11229);
#11226 = PRODUCT_DEFINITION_FORMATION('','',#11227);
#11227 = PRODUCT('passive_3','passive_3','',(#11228));
#11228 = PRODUCT_CONTEXT('',#2,'mechanical');
#11229 = PRODUCT_DEFINITION_CONTEXT('part definition',#2,'design');
#11230 = ADVANCED_BREP_SHAPE_REPRESENTATION('',(#11,#11231),#11897);
#11231 = MANIFOLD_SOLID_BREP('',#11232);
#11232 = CLOSED_SHELL('',(#11233,#11353,#11553,#11603,#11657,#11782,
    #11809,#11836,#11863,#11890));
#11233 = ADVANCED_FACE('',(#11234),#11248,.F.);
#11234 = FACE_BOUND('',#11235,.F.);
#11235 = EDGE_LOOP('',(#11236,#11271,#11299,#11327));
#11236 = ORIENTED_EDGE('',*,*,#11237,.F.);
#11237 = EDGE_CURVE('',#11238,#11240,#11242,.T.);
#11238 = VERTEX_POINT('',#11239);
#11239 = CARTESIAN_POINT('',(3.6,5.83,4.75));
#11240 = VERTEX_POINT('',#11241);
#11241 = CARTESIAN_POINT('',(3.6,6.77,4.75));
#11242 = SURFACE_CURVE('',#11243,(#11247,#11259),.PCURVE_S1.);
#11243 = LINE('',#11244,#11245);
#11244 = CARTESIAN_POINT('',(3.6,5.75,4.75));
#11245 = VECTOR('',#11246,1.);
#11246 = DIRECTION('',(0.,1.,0.));
#11247 = PCURVE('',#11248,#11253);
#11248 = PLANE('',#11249);
#11249 = AXIS2_PLACEMENT_3D('',#11250,#11251,#11252);
#11250 = CARTESIAN_POINT('',(3.6,5.75,4.1));
#11251 = DIRECTION('',(1.,0.,0.));
#11252 = DIRECTION('',(0.,0.,1.));
#11253 = DEFINITIONAL_REPRESENTATION('',(#11254),#11258);
#11254 = LINE('',#11255,#11256);
#11255 = CARTESIAN_POINT('',(0.65,0.));
#11256 = VECTOR('',#11257,1.);
#11257 = DIRECTION('',(0.,-1.));
#11258 = ( GEOMETRIC_REPRESENTATION_CONTEXT(2) 
PARAMETRIC_REPRESENTATION_CONTEXT() REPRESENTATION_CONTEXT('2D SPACE',''
  ) );
#11259 = PCURVE('',#11260,#11265);
#11260 = PLANE('',#11261);
#11261 = AXIS2_PLACEMENT_3D('',#11262,#11263,#11264);
#11262 = CARTESIAN_POINT('',(3.6,5.75,4.75));
#11263 = DIRECTION('',(0.,0.,1.));
#11264 = DIRECTION('',(1.,0.,0.));
#11265 = DEFINITIONAL_REPRESENTATION('',(#11266),#11270);
#11266 = LINE('',#11267,#11268);
#11267 = CARTESIAN_POINT('',(0.,0.));
#11268 = VECTOR('',#11269,1.);
#11269 = DIRECTION('',(0.,1.));
#11270 = ( GEOMETRIC_REPRESENTATION_CONTEXT(2) 
PARAMETRIC_REPRESENTATION_CONTEXT() REPRESENTATION_CONTEXT('2D SPACE',''
  ) );
#11271 = ORIENTED_EDGE('',*,*,#11272,.F.);
#11272 = EDGE_CURVE('',#11273,#11238,#11275,.T.);
#11273 = VERTEX_POINT('',#11274);
#11274 = CARTESIAN_POINT('',(3.6,5.83,4.1));
#11275 = SURFACE_CURVE('',#11276,(#11280,#11287),.PCURVE_S1.);
#11276 = LINE('',#11277,#11278);
#11277 = CARTESIAN_POINT('',(3.6,5.83,4.1));
#11278 = VECTOR('',#11279,1.);
#11279 = DIRECTION('',(0.,0.,1.));
#11280 = PCURVE('',#11248,#11281);
#11281 = DEFINITIONAL_REPRESENTATION('',(#11282),#11286);
#11282 = LINE('',#11283,#11284);
#11283 = CARTESIAN_POINT('',(0.,-8.E-02));
#11284 = VECTOR('',#11285,1.);
#11285 = DIRECTION('',(1.,0.));
#11286 = ( GEOMETRIC_REPRESENTATION_CONTEXT(2) 
PARAMETRIC_REPRESENTATION_CONTEXT() REPRESENTATION_CONTEXT('2D SPACE',''
  ) );
#11287 = PCURVE('',#11288,#11293);
#11288 = CYLINDRICAL_SURFACE('',#11289,8.E-02);
#11289 = AXIS2_PLACEMENT_3D('',#11290,#11291,#11292);
#11290 = CARTESIAN_POINT('',(3.68,5.83,4.1));
#11291 = DIRECTION('',(0.,0.,1.));
#11292 = DIRECTION('',(-1.,-0.,0.));
#11293 = DEFINITIONAL_REPRESENTATION('',(#11294),#11298);
#11294 = LINE('',#11295,#11296);
#11295 = CARTESIAN_POINT('',(0.,0.));
#11296 = VECTOR('',#11297,1.);
#11297 = DIRECTION('',(0.,1.));
#11298 = ( GEOMETRIC_REPRESENTATION_CONTEXT(2) 
PARAMETRIC_REPRESENTATION_CONTEXT() REPRESENTATION_CONTEXT('2D SPACE',''
  ) );
#11299 = ORIENTED_EDGE('',*,*,#11300,.T.);
#11300 = EDGE_CURVE('',#11273,#11301,#11303,.T.);
#11301 = VERTEX_POINT('',#11302);
#11302 = CARTESIAN_POINT('',(3.6,6.77,4.1));
#11303 = SURFACE_CURVE('',#11304,(#11308,#11315),.PCURVE_S1.);
#11304 = LINE('',#11305,#11306);
#11305 = CARTESIAN_POINT('',(3.6,5.75,4.1));
#11306 = VECTOR('',#11307,1.);
#11307 = DIRECTION('',(0.,1.,0.));
#11308 = PCURVE('',#11248,#11309);
#11309 = DEFINITIONAL_REPRESENTATION('',(#11310),#11314);
#11310 = LINE('',#11311,#11312);
#11311 = CARTESIAN_POINT('',(0.,0.));
#11312 = VECTOR('',#11313,1.);
#11313 = DIRECTION('',(0.,-1.));
#11314 = ( GEOMETRIC_REPRESENTATION_CONTEXT(2) 
PARAMETRIC_REPRESENTATION_CONTEXT() REPRESENTATION_CONTEXT('2D SPACE',''
  ) );
#11315 = PCURVE('',#11316,#11321);
#11316 = PLANE('',#11317);
#11317 = AXIS2_PLACEMENT_3D('',#11318,#11319,#11320);
#11318 = CARTESIAN_POINT('',(3.6,5.75,4.1));
#11319 = DIRECTION('',(0.,0.,1.));
#11320 = DIRECTION('',(1.,0.,0.));
#11321 = DEFINITIONAL_REPRESENTATION('',(#11322),#11326);
#11322 = LINE('',#11323,#11324);
#11323 = CARTESIAN_POINT('',(0.,0.));
#11324 = VECTOR('',#11325,1.);
#11325 = DIRECTION('',(0.,1.));
#11326 = ( GEOMETRIC_REPRESENTATION_CONTEXT(2) 
PARAMETRIC_REPRESENTATION_CONTEXT() REPRESENTATION_CONTEXT('2D SPACE',''
  ) );
#11327 = ORIENTED_EDGE('',*,*,#11328,.T.);
#11328 = EDGE_CURVE('',#11301,#11240,#11329,.T.);
#11329 = SURFACE_CURVE('',#11330,(#11334,#11341),.PCURVE_S1.);
#11330 = LINE('',#11331,#11332);
#11331 = CARTESIAN_POINT('',(3.6,6.77,4.1));
#11332 = VECTOR('',#11333,1.);
#11333 = DIRECTION('',(0.,0.,1.));
#11334 = PCURVE('',#11248,#11335);
#11335 = DEFINITIONAL_REPRESENTATION('',(#11336),#11340);
#11336 = LINE('',#11337,#11338);
#11337 = CARTESIAN_POINT('',(0.,-1.02));
#11338 = VECTOR('',#11339,1.);
#11339 = DIRECTION('',(1.,0.));
#11340 = ( GEOMETRIC_REPRESENTATION_CONTEXT(2) 
PARAMETRIC_REPRESENTATION_CONTEXT() REPRESENTATION_CONTEXT('2D SPACE',''
  ) );
#11341 = PCURVE('',#11342,#11347);
#11342 = CYLINDRICAL_SURFACE('',#11343,8.E-02);
#11343 = AXIS2_PLACEMENT_3D('',#11344,#11345,#11346);
#11344 = CARTESIAN_POINT('',(3.68,6.77,4.1));
#11345 = DIRECTION('',(0.,0.,1.));
#11346 = DIRECTION('',(-1.,-0.,0.));
#11347 = DEFINITIONAL_REPRESENTATION('',(#11348),#11352);
#11348 = LINE('',#11349,#11350);
#11349 = CARTESIAN_POINT('',(-0.,0.));
#11350 = VECTOR('',#11351,1.);
#11351 = DIRECTION('',(-0.,1.));
#11352 = ( GEOMETRIC_REPRESENTATION_CONTEXT(2) 
PARAMETRIC_REPRESENTATION_CONTEXT() REPRESENTATION_CONTEXT('2D SPACE',''
  ) );
#11353 = ADVANCED_FACE('',(#11354),#11260,.T.);
#11354 = FACE_BOUND('',#11355,.T.);
#11355 = EDGE_LOOP('',(#11356,#11357,#11381,#11409,#11442,#11470,#11499,
    #11527));
#11356 = ORIENTED_EDGE('',*,*,#11237,.F.);
#11357 = ORIENTED_EDGE('',*,*,#11358,.T.);
#11358 = EDGE_CURVE('',#11238,#11359,#11361,.T.);
#11359 = VERTEX_POINT('',#11360);
#11360 = CARTESIAN_POINT('',(3.68,5.75,4.75));
#11361 = SURFACE_CURVE('',#11362,(#11367,#11374),.PCURVE_S1.);
#11362 = CIRCLE('',#11363,8.E-02);
#11363 = AXIS2_PLACEMENT_3D('',#11364,#11365,#11366);
#11364 = CARTESIAN_POINT('',(3.68,5.83,4.75));
#11365 = DIRECTION('',(0.,0.,1.));
#11366 = DIRECTION('',(0.,-1.,0.));
#11367 = PCURVE('',#11260,#11368);
#11368 = DEFINITIONAL_REPRESENTATION('',(#11369),#11373);
#11369 = CIRCLE('',#11370,8.E-02);
#11370 = AXIS2_PLACEMENT_2D('',#11371,#11372);
#11371 = CARTESIAN_POINT('',(8.E-02,8.E-02));
#11372 = DIRECTION('',(0.,-1.));
#11373 = ( GEOMETRIC_REPRESENTATION_CONTEXT(2) 
PARAMETRIC_REPRESENTATION_CONTEXT() REPRESENTATION_CONTEXT('2D SPACE',''
  ) );
#11374 = PCURVE('',#11288,#11375);
#11375 = DEFINITIONAL_REPRESENTATION('',(#11376),#11380);
#11376 = LINE('',#11377,#11378);
#11377 = CARTESIAN_POINT('',(-4.712388980385,0.65));
#11378 = VECTOR('',#11379,1.);
#11379 = DIRECTION('',(1.,0.));
#11380 = ( GEOMETRIC_REPRESENTATION_CONTEXT(2) 
PARAMETRIC_REPRESENTATION_CONTEXT() REPRESENTATION_CONTEXT('2D SPACE',''
  ) );
#11381 = ORIENTED_EDGE('',*,*,#11382,.T.);
#11382 = EDGE_CURVE('',#11359,#11383,#11385,.T.);
#11383 = VERTEX_POINT('',#11384);
#11384 = CARTESIAN_POINT('',(5.52,5.75,4.75));
#11385 = SURFACE_CURVE('',#11386,(#11390,#11397),.PCURVE_S1.);
#11386 = LINE('',#11387,#11388);
#11387 = CARTESIAN_POINT('',(3.6,5.75,4.75));
#11388 = VECTOR('',#11389,1.);
#11389 = DIRECTION('',(1.,0.,0.));
#11390 = PCURVE('',#11260,#11391);
#11391 = DEFINITIONAL_REPRESENTATION('',(#11392),#11396);
#11392 = LINE('',#11393,#11394);
#11393 = CARTESIAN_POINT('',(0.,0.));
#11394 = VECTOR('',#11395,1.);
#11395 = DIRECTION('',(1.,0.));
#11396 = ( GEOMETRIC_REPRESENTATION_CONTEXT(2) 
PARAMETRIC_REPRESENTATION_CONTEXT() REPRESENTATION_CONTEXT('2D SPACE',''
  ) );
#11397 = PCURVE('',#11398,#11403);
#11398 = PLANE('',#11399);
#11399 = AXIS2_PLACEMENT_3D('',#11400,#11401,#11402);
#11400 = CARTESIAN_POINT('',(3.6,5.75,4.1));
#11401 = DIRECTION('',(0.,1.,0.));
#11402 = DIRECTION('',(0.,0.,1.));
#11403 = DEFINITIONAL_REPRESENTATION('',(#11404),#11408);
#11404 = LINE('',#11405,#11406);
#11405 = CARTESIAN_POINT('',(0.65,0.));
#11406 = VECTOR('',#11407,1.);
#11407 = DIRECTION('',(0.,1.));
#11408 = ( GEOMETRIC_REPRESENTATION_CONTEXT(2) 
PARAMETRIC_REPRESENTATION_CONTEXT() REPRESENTATION_CONTEXT('2D SPACE',''
  ) );
#11409 = ORIENTED_EDGE('',*,*,#11410,.F.);
#11410 = EDGE_CURVE('',#11411,#11383,#11413,.T.);
#11411 = VERTEX_POINT('',#11412);
#11412 = CARTESIAN_POINT('',(5.6,5.83,4.75));
#11413 = SURFACE_CURVE('',#11414,(#11419,#11430),.PCURVE_S1.);
#11414 = CIRCLE('',#11415,8.E-02);
#11415 = AXIS2_PLACEMENT_3D('',#11416,#11417,#11418);
#11416 = CARTESIAN_POINT('',(5.52,5.83,4.75));
#11417 = DIRECTION('',(-0.,-0.,-1.));
#11418 = DIRECTION('',(0.,-1.,0.));
#11419 = PCURVE('',#11260,#11420);
#11420 = DEFINITIONAL_REPRESENTATION('',(#11421),#11429);
#11421 = ( BOUNDED_CURVE() B_SPLINE_CURVE(2,(#11422,#11423,#11424,#11425
    ,#11426,#11427,#11428),.UNSPECIFIED.,.T.,.F.) 
B_SPLINE_CURVE_WITH_KNOTS((1,2,2,2,2,1),(-2.094395102393,0.,
    2.094395102393,4.188790204786,6.28318530718,8.377580409573),
.UNSPECIFIED.) CURVE() GEOMETRIC_REPRESENTATION_ITEM() 
RATIONAL_B_SPLINE_CURVE((1.,0.5,1.,0.5,1.,0.5,1.)) REPRESENTATION_ITEM(
  '') );
#11422 = CARTESIAN_POINT('',(1.92,6.938893903907E-17));
#11423 = CARTESIAN_POINT('',(1.781435935394,6.938893903907E-17));
#11424 = CARTESIAN_POINT('',(1.850717967697,0.12));
#11425 = CARTESIAN_POINT('',(1.92,0.24));
#11426 = CARTESIAN_POINT('',(1.989282032303,0.12));
#11427 = CARTESIAN_POINT('',(2.058564064606,1.942890293094E-16));
#11428 = CARTESIAN_POINT('',(1.92,6.938893903907E-17));
#11429 = ( GEOMETRIC_REPRESENTATION_CONTEXT(2) 
PARAMETRIC_REPRESENTATION_CONTEXT() REPRESENTATION_CONTEXT('2D SPACE',''
  ) );
#11430 = PCURVE('',#11431,#11436);
#11431 = CYLINDRICAL_SURFACE('',#11432,8.E-02);
#11432 = AXIS2_PLACEMENT_3D('',#11433,#11434,#11435);
#11433 = CARTESIAN_POINT('',(5.52,5.83,4.1));
#11434 = DIRECTION('',(0.,0.,1.));
#11435 = DIRECTION('',(1.,0.,-0.));
#11436 = DEFINITIONAL_REPRESENTATION('',(#11437),#11441);
#11437 = LINE('',#11438,#11439);
#11438 = CARTESIAN_POINT('',(4.712388980385,0.65));
#11439 = VECTOR('',#11440,1.);
#11440 = DIRECTION('',(-1.,0.));
#11441 = ( GEOMETRIC_REPRESENTATION_CONTEXT(2) 
PARAMETRIC_REPRESENTATION_CONTEXT() REPRESENTATION_CONTEXT('2D SPACE',''
  ) );
#11442 = ORIENTED_EDGE('',*,*,#11443,.T.);
#11443 = EDGE_CURVE('',#11411,#11444,#11446,.T.);
#11444 = VERTEX_POINT('',#11445);
#11445 = CARTESIAN_POINT('',(5.6,6.77,4.75));
#11446 = SURFACE_CURVE('',#11447,(#11451,#11458),.PCURVE_S1.);
#11447 = LINE('',#11448,#11449);
#11448 = CARTESIAN_POINT('',(5.6,5.75,4.75));
#11449 = VECTOR('',#11450,1.);
#11450 = DIRECTION('',(0.,1.,0.));
#11451 = PCURVE('',#11260,#11452);
#11452 = DEFINITIONAL_REPRESENTATION('',(#11453),#11457);
#11453 = LINE('',#11454,#11455);
#11454 = CARTESIAN_POINT('',(2.,0.));
#11455 = VECTOR('',#11456,1.);
#11456 = DIRECTION('',(0.,1.));
#11457 = ( GEOMETRIC_REPRESENTATION_CONTEXT(2) 
PARAMETRIC_REPRESENTATION_CONTEXT() REPRESENTATION_CONTEXT('2D SPACE',''
  ) );
#11458 = PCURVE('',#11459,#11464);
#11459 = PLANE('',#11460);
#11460 = AXIS2_PLACEMENT_3D('',#11461,#11462,#11463);
#11461 = CARTESIAN_POINT('',(5.6,5.75,4.1));
#11462 = DIRECTION('',(1.,0.,0.));
#11463 = DIRECTION('',(0.,0.,1.));
#11464 = DEFINITIONAL_REPRESENTATION('',(#11465),#11469);
#11465 = LINE('',#11466,#11467);
#11466 = CARTESIAN_POINT('',(0.65,0.));
#11467 = VECTOR('',#11468,1.);
#11468 = DIRECTION('',(0.,-1.));
#11469 = ( GEOMETRIC_REPRESENTATION_CONTEXT(2) 
PARAMETRIC_REPRESENTATION_CONTEXT() REPRESENTATION_CONTEXT('2D SPACE',''
  ) );
#11470 = ORIENTED_EDGE('',*,*,#11471,.T.);
#11471 = EDGE_CURVE('',#11444,#11472,#11474,.T.);
#11472 = VERTEX_POINT('',#11473);
#11473 = CARTESIAN_POINT('',(5.52,6.85,4.75));
#11474 = SURFACE_CURVE('',#11475,(#11480,#11487),.PCURVE_S1.);
#11475 = CIRCLE('',#11476,8.E-02);
#11476 = AXIS2_PLACEMENT_3D('',#11477,#11478,#11479);
#11477 = CARTESIAN_POINT('',(5.52,6.77,4.75));
#11478 = DIRECTION('',(0.,0.,1.));
#11479 = DIRECTION('',(0.,-1.,0.));
#11480 = PCURVE('',#11260,#11481);
#11481 = DEFINITIONAL_REPRESENTATION('',(#11482),#11486);
#11482 = CIRCLE('',#11483,8.E-02);
#11483 = AXIS2_PLACEMENT_2D('',#11484,#11485);
#11484 = CARTESIAN_POINT('',(1.92,1.02));
#11485 = DIRECTION('',(0.,-1.));
#11486 = ( GEOMETRIC_REPRESENTATION_CONTEXT(2) 
PARAMETRIC_REPRESENTATION_CONTEXT() REPRESENTATION_CONTEXT('2D SPACE',''
  ) );
#11487 = PCURVE('',#11488,#11493);
#11488 = CYLINDRICAL_SURFACE('',#11489,8.E-02);
#11489 = AXIS2_PLACEMENT_3D('',#11490,#11491,#11492);
#11490 = CARTESIAN_POINT('',(5.52,6.77,4.1));
#11491 = DIRECTION('',(0.,0.,1.));
#11492 = DIRECTION('',(1.,0.,-0.));
#11493 = DEFINITIONAL_REPRESENTATION('',(#11494),#11498);
#11494 = LINE('',#11495,#11496);
#11495 = CARTESIAN_POINT('',(-1.570796326795,0.65));
#11496 = VECTOR('',#11497,1.);
#11497 = DIRECTION('',(1.,0.));
#11498 = ( GEOMETRIC_REPRESENTATION_CONTEXT(2) 
PARAMETRIC_REPRESENTATION_CONTEXT() REPRESENTATION_CONTEXT('2D SPACE',''
  ) );
#11499 = ORIENTED_EDGE('',*,*,#11500,.F.);
#11500 = EDGE_CURVE('',#11501,#11472,#11503,.T.);
#11501 = VERTEX_POINT('',#11502);
#11502 = CARTESIAN_POINT('',(3.68,6.85,4.75));
#11503 = SURFACE_CURVE('',#11504,(#11508,#11515),.PCURVE_S1.);
#11504 = LINE('',#11505,#11506);
#11505 = CARTESIAN_POINT('',(3.6,6.85,4.75));
#11506 = VECTOR('',#11507,1.);
#11507 = DIRECTION('',(1.,0.,0.));
#11508 = PCURVE('',#11260,#11509);
#11509 = DEFINITIONAL_REPRESENTATION('',(#11510),#11514);
#11510 = LINE('',#11511,#11512);
#11511 = CARTESIAN_POINT('',(0.,1.1));
#11512 = VECTOR('',#11513,1.);
#11513 = DIRECTION('',(1.,0.));
#11514 = ( GEOMETRIC_REPRESENTATION_CONTEXT(2) 
PARAMETRIC_REPRESENTATION_CONTEXT() REPRESENTATION_CONTEXT('2D SPACE',''
  ) );
#11515 = PCURVE('',#11516,#11521);
#11516 = PLANE('',#11517);
#11517 = AXIS2_PLACEMENT_3D('',#11518,#11519,#11520);
#11518 = CARTESIAN_POINT('',(3.6,6.85,4.1));
#11519 = DIRECTION('',(0.,1.,0.));
#11520 = DIRECTION('',(0.,0.,1.));
#11521 = DEFINITIONAL_REPRESENTATION('',(#11522),#11526);
#11522 = LINE('',#11523,#11524);
#11523 = CARTESIAN_POINT('',(0.65,0.));
#11524 = VECTOR('',#11525,1.);
#11525 = DIRECTION('',(0.,1.));
#11526 = ( GEOMETRIC_REPRESENTATION_CONTEXT(2) 
PARAMETRIC_REPRESENTATION_CONTEXT() REPRESENTATION_CONTEXT('2D SPACE',''
  ) );
#11527 = ORIENTED_EDGE('',*,*,#11528,.F.);
#11528 = EDGE_CURVE('',#11240,#11501,#11529,.T.);
#11529 = SURFACE_CURVE('',#11530,(#11535,#11546),.PCURVE_S1.);
#11530 = CIRCLE('',#11531,8.E-02);
#11531 = AXIS2_PLACEMENT_3D('',#11532,#11533,#11534);
#11532 = CARTESIAN_POINT('',(3.68,6.77,4.75));
#11533 = DIRECTION('',(-0.,-0.,-1.));
#11534 = DIRECTION('',(0.,-1.,0.));
#11535 = PCURVE('',#11260,#11536);
#11536 = DEFINITIONAL_REPRESENTATION('',(#11537),#11545);
#11537 = ( BOUNDED_CURVE() B_SPLINE_CURVE(2,(#11538,#11539,#11540,#11541
    ,#11542,#11543,#11544),.UNSPECIFIED.,.T.,.F.) 
B_SPLINE_CURVE_WITH_KNOTS((1,2,2,2,2,1),(-2.094395102393,0.,
    2.094395102393,4.188790204786,6.28318530718,8.377580409573),
.UNSPECIFIED.) CURVE() GEOMETRIC_REPRESENTATION_ITEM() 
RATIONAL_B_SPLINE_CURVE((1.,0.5,1.,0.5,1.,0.5,1.)) REPRESENTATION_ITEM(
  '') );
#11538 = CARTESIAN_POINT('',(8.E-02,0.94));
#11539 = CARTESIAN_POINT('',(-5.856406460551E-02,0.94));
#11540 = CARTESIAN_POINT('',(1.071796769724E-02,1.06));
#11541 = CARTESIAN_POINT('',(8.E-02,1.18));
#11542 = CARTESIAN_POINT('',(0.149282032303,1.06));
#11543 = CARTESIAN_POINT('',(0.218564064606,0.94));
#11544 = CARTESIAN_POINT('',(8.E-02,0.94));
#11545 = ( GEOMETRIC_REPRESENTATION_CONTEXT(2) 
PARAMETRIC_REPRESENTATION_CONTEXT() REPRESENTATION_CONTEXT('2D SPACE',''
  ) );
#11546 = PCURVE('',#11342,#11547);
#11547 = DEFINITIONAL_REPRESENTATION('',(#11548),#11552);
#11548 = LINE('',#11549,#11550);
#11549 = CARTESIAN_POINT('',(1.570796326795,0.65));
#11550 = VECTOR('',#11551,1.);
#11551 = DIRECTION('',(-1.,0.));
#11552 = ( GEOMETRIC_REPRESENTATION_CONTEXT(2) 
PARAMETRIC_REPRESENTATION_CONTEXT() REPRESENTATION_CONTEXT('2D SPACE',''
  ) );
#11553 = ADVANCED_FACE('',(#11554),#11288,.T.);
#11554 = FACE_BOUND('',#11555,.T.);
#11555 = EDGE_LOOP('',(#11556,#11580,#11601,#11602));
#11556 = ORIENTED_EDGE('',*,*,#11557,.T.);
#11557 = EDGE_CURVE('',#11273,#11558,#11560,.T.);
#11558 = VERTEX_POINT('',#11559);
#11559 = CARTESIAN_POINT('',(3.68,5.75,4.1));
#11560 = SURFACE_CURVE('',#11561,(#11566,#11573),.PCURVE_S1.);
#11561 = CIRCLE('',#11562,8.E-02);
#11562 = AXIS2_PLACEMENT_3D('',#11563,#11564,#11565);
#11563 = CARTESIAN_POINT('',(3.68,5.83,4.1));
#11564 = DIRECTION('',(0.,0.,1.));
#11565 = DIRECTION('',(0.,-1.,0.));
#11566 = PCURVE('',#11288,#11567);
#11567 = DEFINITIONAL_REPRESENTATION('',(#11568),#11572);
#11568 = LINE('',#11569,#11570);
#11569 = CARTESIAN_POINT('',(-4.712388980385,0.));
#11570 = VECTOR('',#11571,1.);
#11571 = DIRECTION('',(1.,0.));
#11572 = ( GEOMETRIC_REPRESENTATION_CONTEXT(2) 
PARAMETRIC_REPRESENTATION_CONTEXT() REPRESENTATION_CONTEXT('2D SPACE',''
  ) );
#11573 = PCURVE('',#11316,#11574);
#11574 = DEFINITIONAL_REPRESENTATION('',(#11575),#11579);
#11575 = CIRCLE('',#11576,8.E-02);
#11576 = AXIS2_PLACEMENT_2D('',#11577,#11578);
#11577 = CARTESIAN_POINT('',(8.E-02,8.E-02));
#11578 = DIRECTION('',(0.,-1.));
#11579 = ( GEOMETRIC_REPRESENTATION_CONTEXT(2) 
PARAMETRIC_REPRESENTATION_CONTEXT() REPRESENTATION_CONTEXT('2D SPACE',''
  ) );
#11580 = ORIENTED_EDGE('',*,*,#11581,.T.);
#11581 = EDGE_CURVE('',#11558,#11359,#11582,.T.);
#11582 = SURFACE_CURVE('',#11583,(#11587,#11594),.PCURVE_S1.);
#11583 = LINE('',#11584,#11585);
#11584 = CARTESIAN_POINT('',(3.68,5.75,4.1));
#11585 = VECTOR('',#11586,1.);
#11586 = DIRECTION('',(0.,0.,1.));
#11587 = PCURVE('',#11288,#11588);
#11588 = DEFINITIONAL_REPRESENTATION('',(#11589),#11593);
#11589 = LINE('',#11590,#11591);
#11590 = CARTESIAN_POINT('',(1.570796326795,0.));
#11591 = VECTOR('',#11592,1.);
#11592 = DIRECTION('',(0.,1.));
#11593 = ( GEOMETRIC_REPRESENTATION_CONTEXT(2) 
PARAMETRIC_REPRESENTATION_CONTEXT() REPRESENTATION_CONTEXT('2D SPACE',''
  ) );
#11594 = PCURVE('',#11398,#11595);
#11595 = DEFINITIONAL_REPRESENTATION('',(#11596),#11600);
#11596 = LINE('',#11597,#11598);
#11597 = CARTESIAN_POINT('',(0.,8.E-02));
#11598 = VECTOR('',#11599,1.);
#11599 = DIRECTION('',(1.,0.));
#11600 = ( GEOMETRIC_REPRESENTATION_CONTEXT(2) 
PARAMETRIC_REPRESENTATION_CONTEXT() REPRESENTATION_CONTEXT('2D SPACE',''
  ) );
#11601 = ORIENTED_EDGE('',*,*,#11358,.F.);
#11602 = ORIENTED_EDGE('',*,*,#11272,.F.);
#11603 = ADVANCED_FACE('',(#11604),#11342,.T.);
#11604 = FACE_BOUND('',#11605,.F.);
#11605 = EDGE_LOOP('',(#11606,#11634,#11655,#11656));
#11606 = ORIENTED_EDGE('',*,*,#11607,.T.);
#11607 = EDGE_CURVE('',#11301,#11608,#11610,.T.);
#11608 = VERTEX_POINT('',#11609);
#11609 = CARTESIAN_POINT('',(3.68,6.85,4.1));
#11610 = SURFACE_CURVE('',#11611,(#11616,#11623),.PCURVE_S1.);
#11611 = CIRCLE('',#11612,8.E-02);
#11612 = AXIS2_PLACEMENT_3D('',#11613,#11614,#11615);
#11613 = CARTESIAN_POINT('',(3.68,6.77,4.1));
#11614 = DIRECTION('',(-0.,-0.,-1.));
#11615 = DIRECTION('',(0.,-1.,0.));
#11616 = PCURVE('',#11342,#11617);
#11617 = DEFINITIONAL_REPRESENTATION('',(#11618),#11622);
#11618 = LINE('',#11619,#11620);
#11619 = CARTESIAN_POINT('',(1.570796326795,-0.));
#11620 = VECTOR('',#11621,1.);
#11621 = DIRECTION('',(-1.,0.));
#11622 = ( GEOMETRIC_REPRESENTATION_CONTEXT(2) 
PARAMETRIC_REPRESENTATION_CONTEXT() REPRESENTATION_CONTEXT('2D SPACE',''
  ) );
#11623 = PCURVE('',#11316,#11624);
#11624 = DEFINITIONAL_REPRESENTATION('',(#11625),#11633);
#11625 = ( BOUNDED_CURVE() B_SPLINE_CURVE(2,(#11626,#11627,#11628,#11629
    ,#11630,#11631,#11632),.UNSPECIFIED.,.T.,.F.) 
B_SPLINE_CURVE_WITH_KNOTS((1,2,2,2,2,1),(-2.094395102393,0.,
    2.094395102393,4.188790204786,6.28318530718,8.377580409573),
.UNSPECIFIED.) CURVE() GEOMETRIC_REPRESENTATION_ITEM() 
RATIONAL_B_SPLINE_CURVE((1.,0.5,1.,0.5,1.,0.5,1.)) REPRESENTATION_ITEM(
  '') );
#11626 = CARTESIAN_POINT('',(8.E-02,0.94));
#11627 = CARTESIAN_POINT('',(-5.856406460551E-02,0.94));
#11628 = CARTESIAN_POINT('',(1.071796769724E-02,1.06));
#11629 = CARTESIAN_POINT('',(8.E-02,1.18));
#11630 = CARTESIAN_POINT('',(0.149282032303,1.06));
#11631 = CARTESIAN_POINT('',(0.218564064606,0.94));
#11632 = CARTESIAN_POINT('',(8.E-02,0.94));
#11633 = ( GEOMETRIC_REPRESENTATION_CONTEXT(2) 
PARAMETRIC_REPRESENTATION_CONTEXT() REPRESENTATION_CONTEXT('2D SPACE',''
  ) );
#11634 = ORIENTED_EDGE('',*,*,#11635,.T.);
#11635 = EDGE_CURVE('',#11608,#11501,#11636,.T.);
#11636 = SURFACE_CURVE('',#11637,(#11641,#11648),.PCURVE_S1.);
#11637 = LINE('',#11638,#11639);
#11638 = CARTESIAN_POINT('',(3.68,6.85,4.1));
#11639 = VECTOR('',#11640,1.);
#11640 = DIRECTION('',(0.,0.,1.));
#11641 = PCURVE('',#11342,#11642);
#11642 = DEFINITIONAL_REPRESENTATION('',(#11643),#11647);
#11643 = LINE('',#11644,#11645);
#11644 = CARTESIAN_POINT('',(-1.570796326795,0.));
#11645 = VECTOR('',#11646,1.);
#11646 = DIRECTION('',(-0.,1.));
#11647 = ( GEOMETRIC_REPRESENTATION_CONTEXT(2) 
PARAMETRIC_REPRESENTATION_CONTEXT() REPRESENTATION_CONTEXT('2D SPACE',''
  ) );
#11648 = PCURVE('',#11516,#11649);
#11649 = DEFINITIONAL_REPRESENTATION('',(#11650),#11654);
#11650 = LINE('',#11651,#11652);
#11651 = CARTESIAN_POINT('',(0.,8.E-02));
#11652 = VECTOR('',#11653,1.);
#11653 = DIRECTION('',(1.,0.));
#11654 = ( GEOMETRIC_REPRESENTATION_CONTEXT(2) 
PARAMETRIC_REPRESENTATION_CONTEXT() REPRESENTATION_CONTEXT('2D SPACE',''
  ) );
#11655 = ORIENTED_EDGE('',*,*,#11528,.F.);
#11656 = ORIENTED_EDGE('',*,*,#11328,.F.);
#11657 = ADVANCED_FACE('',(#11658),#11316,.F.);
#11658 = FACE_BOUND('',#11659,.F.);
#11659 = EDGE_LOOP('',(#11660,#11661,#11662,#11685,#11713,#11736,#11760,
    #11781));
#11660 = ORIENTED_EDGE('',*,*,#11300,.F.);
#11661 = ORIENTED_EDGE('',*,*,#11557,.T.);
#11662 = ORIENTED_EDGE('',*,*,#11663,.T.);
#11663 = EDGE_CURVE('',#11558,#11664,#11666,.T.);
#11664 = VERTEX_POINT('',#11665);
#11665 = CARTESIAN_POINT('',(5.52,5.75,4.1));
#11666 = SURFACE_CURVE('',#11667,(#11671,#11678),.PCURVE_S1.);
#11667 = LINE('',#11668,#11669);
#11668 = CARTESIAN_POINT('',(3.6,5.75,4.1));
#11669 = VECTOR('',#11670,1.);
#11670 = DIRECTION('',(1.,0.,0.));
#11671 = PCURVE('',#11316,#11672);
#11672 = DEFINITIONAL_REPRESENTATION('',(#11673),#11677);
#11673 = LINE('',#11674,#11675);
#11674 = CARTESIAN_POINT('',(0.,0.));
#11675 = VECTOR('',#11676,1.);
#11676 = DIRECTION('',(1.,0.));
#11677 = ( GEOMETRIC_REPRESENTATION_CONTEXT(2) 
PARAMETRIC_REPRESENTATION_CONTEXT() REPRESENTATION_CONTEXT('2D SPACE',''
  ) );
#11678 = PCURVE('',#11398,#11679);
#11679 = DEFINITIONAL_REPRESENTATION('',(#11680),#11684);
#11680 = LINE('',#11681,#11682);
#11681 = CARTESIAN_POINT('',(0.,0.));
#11682 = VECTOR('',#11683,1.);
#11683 = DIRECTION('',(0.,1.));
#11684 = ( GEOMETRIC_REPRESENTATION_CONTEXT(2) 
PARAMETRIC_REPRESENTATION_CONTEXT() REPRESENTATION_CONTEXT('2D SPACE',''
  ) );
#11685 = ORIENTED_EDGE('',*,*,#11686,.F.);
#11686 = EDGE_CURVE('',#11687,#11664,#11689,.T.);
#11687 = VERTEX_POINT('',#11688);
#11688 = CARTESIAN_POINT('',(5.6,5.83,4.1));
#11689 = SURFACE_CURVE('',#11690,(#11695,#11706),.PCURVE_S1.);
#11690 = CIRCLE('',#11691,8.E-02);
#11691 = AXIS2_PLACEMENT_3D('',#11692,#11693,#11694);
#11692 = CARTESIAN_POINT('',(5.52,5.83,4.1));
#11693 = DIRECTION('',(-0.,-0.,-1.));
#11694 = DIRECTION('',(0.,-1.,0.));
#11695 = PCURVE('',#11316,#11696);
#11696 = DEFINITIONAL_REPRESENTATION('',(#11697),#11705);
#11697 = ( BOUNDED_CURVE() B_SPLINE_CURVE(2,(#11698,#11699,#11700,#11701
    ,#11702,#11703,#11704),.UNSPECIFIED.,.T.,.F.) 
B_SPLINE_CURVE_WITH_KNOTS((1,2,2,2,2,1),(-2.094395102393,0.,
    2.094395102393,4.188790204786,6.28318530718,8.377580409573),
.UNSPECIFIED.) CURVE() GEOMETRIC_REPRESENTATION_ITEM() 
RATIONAL_B_SPLINE_CURVE((1.,0.5,1.,0.5,1.,0.5,1.)) REPRESENTATION_ITEM(
  '') );
#11698 = CARTESIAN_POINT('',(1.92,6.938893903907E-17));
#11699 = CARTESIAN_POINT('',(1.781435935394,6.938893903907E-17));
#11700 = CARTESIAN_POINT('',(1.850717967697,0.12));
#11701 = CARTESIAN_POINT('',(1.92,0.24));
#11702 = CARTESIAN_POINT('',(1.989282032303,0.12));
#11703 = CARTESIAN_POINT('',(2.058564064606,1.942890293094E-16));
#11704 = CARTESIAN_POINT('',(1.92,6.938893903907E-17));
#11705 = ( GEOMETRIC_REPRESENTATION_CONTEXT(2) 
PARAMETRIC_REPRESENTATION_CONTEXT() REPRESENTATION_CONTEXT('2D SPACE',''
  ) );
#11706 = PCURVE('',#11431,#11707);
#11707 = DEFINITIONAL_REPRESENTATION('',(#11708),#11712);
#11708 = LINE('',#11709,#11710);
#11709 = CARTESIAN_POINT('',(4.712388980385,-0.));
#11710 = VECTOR('',#11711,1.);
#11711 = DIRECTION('',(-1.,0.));
#11712 = ( GEOMETRIC_REPRESENTATION_CONTEXT(2) 
PARAMETRIC_REPRESENTATION_CONTEXT() REPRESENTATION_CONTEXT('2D SPACE',''
  ) );
#11713 = ORIENTED_EDGE('',*,*,#11714,.T.);
#11714 = EDGE_CURVE('',#11687,#11715,#11717,.T.);
#11715 = VERTEX_POINT('',#11716);
#11716 = CARTESIAN_POINT('',(5.6,6.77,4.1));
#11717 = SURFACE_CURVE('',#11718,(#11722,#11729),.PCURVE_S1.);
#11718 = LINE('',#11719,#11720);
#11719 = CARTESIAN_POINT('',(5.6,5.75,4.1));
#11720 = VECTOR('',#11721,1.);
#11721 = DIRECTION('',(0.,1.,0.));
#11722 = PCURVE('',#11316,#11723);
#11723 = DEFINITIONAL_REPRESENTATION('',(#11724),#11728);
#11724 = LINE('',#11725,#11726);
#11725 = CARTESIAN_POINT('',(2.,0.));
#11726 = VECTOR('',#11727,1.);
#11727 = DIRECTION('',(0.,1.));
#11728 = ( GEOMETRIC_REPRESENTATION_CONTEXT(2) 
PARAMETRIC_REPRESENTATION_CONTEXT() REPRESENTATION_CONTEXT('2D SPACE',''
  ) );
#11729 = PCURVE('',#11459,#11730);
#11730 = DEFINITIONAL_REPRESENTATION('',(#11731),#11735);
#11731 = LINE('',#11732,#11733);
#11732 = CARTESIAN_POINT('',(0.,0.));
#11733 = VECTOR('',#11734,1.);
#11734 = DIRECTION('',(0.,-1.));
#11735 = ( GEOMETRIC_REPRESENTATION_CONTEXT(2) 
PARAMETRIC_REPRESENTATION_CONTEXT() REPRESENTATION_CONTEXT('2D SPACE',''
  ) );
#11736 = ORIENTED_EDGE('',*,*,#11737,.T.);
#11737 = EDGE_CURVE('',#11715,#11738,#11740,.T.);
#11738 = VERTEX_POINT('',#11739);
#11739 = CARTESIAN_POINT('',(5.52,6.85,4.1));
#11740 = SURFACE_CURVE('',#11741,(#11746,#11753),.PCURVE_S1.);
#11741 = CIRCLE('',#11742,8.E-02);
#11742 = AXIS2_PLACEMENT_3D('',#11743,#11744,#11745);
#11743 = CARTESIAN_POINT('',(5.52,6.77,4.1));
#11744 = DIRECTION('',(0.,0.,1.));
#11745 = DIRECTION('',(0.,-1.,0.));
#11746 = PCURVE('',#11316,#11747);
#11747 = DEFINITIONAL_REPRESENTATION('',(#11748),#11752);
#11748 = CIRCLE('',#11749,8.E-02);
#11749 = AXIS2_PLACEMENT_2D('',#11750,#11751);
#11750 = CARTESIAN_POINT('',(1.92,1.02));
#11751 = DIRECTION('',(0.,-1.));
#11752 = ( GEOMETRIC_REPRESENTATION_CONTEXT(2) 
PARAMETRIC_REPRESENTATION_CONTEXT() REPRESENTATION_CONTEXT('2D SPACE',''
  ) );
#11753 = PCURVE('',#11488,#11754);
#11754 = DEFINITIONAL_REPRESENTATION('',(#11755),#11759);
#11755 = LINE('',#11756,#11757);
#11756 = CARTESIAN_POINT('',(-1.570796326795,0.));
#11757 = VECTOR('',#11758,1.);
#11758 = DIRECTION('',(1.,0.));
#11759 = ( GEOMETRIC_REPRESENTATION_CONTEXT(2) 
PARAMETRIC_REPRESENTATION_CONTEXT() REPRESENTATION_CONTEXT('2D SPACE',''
  ) );
#11760 = ORIENTED_EDGE('',*,*,#11761,.F.);
#11761 = EDGE_CURVE('',#11608,#11738,#11762,.T.);
#11762 = SURFACE_CURVE('',#11763,(#11767,#11774),.PCURVE_S1.);
#11763 = LINE('',#11764,#11765);
#11764 = CARTESIAN_POINT('',(3.6,6.85,4.1));
#11765 = VECTOR('',#11766,1.);
#11766 = DIRECTION('',(1.,0.,0.));
#11767 = PCURVE('',#11316,#11768);
#11768 = DEFINITIONAL_REPRESENTATION('',(#11769),#11773);
#11769 = LINE('',#11770,#11771);
#11770 = CARTESIAN_POINT('',(0.,1.1));
#11771 = VECTOR('',#11772,1.);
#11772 = DIRECTION('',(1.,0.));
#11773 = ( GEOMETRIC_REPRESENTATION_CONTEXT(2) 
PARAMETRIC_REPRESENTATION_CONTEXT() REPRESENTATION_CONTEXT('2D SPACE',''
  ) );
#11774 = PCURVE('',#11516,#11775);
#11775 = DEFINITIONAL_REPRESENTATION('',(#11776),#11780);
#11776 = LINE('',#11777,#11778);
#11777 = CARTESIAN_POINT('',(0.,0.));
#11778 = VECTOR('',#11779,1.);
#11779 = DIRECTION('',(0.,1.));
#11780 = ( GEOMETRIC_REPRESENTATION_CONTEXT(2) 
PARAMETRIC_REPRESENTATION_CONTEXT() REPRESENTATION_CONTEXT('2D SPACE',''
  ) );
#11781 = ORIENTED_EDGE('',*,*,#11607,.F.);
#11782 = ADVANCED_FACE('',(#11783),#11398,.F.);
#11783 = FACE_BOUND('',#11784,.F.);
#11784 = EDGE_LOOP('',(#11785,#11786,#11787,#11788));
#11785 = ORIENTED_EDGE('',*,*,#11663,.F.);
#11786 = ORIENTED_EDGE('',*,*,#11581,.T.);
#11787 = ORIENTED_EDGE('',*,*,#11382,.T.);
#11788 = ORIENTED_EDGE('',*,*,#11789,.F.);
#11789 = EDGE_CURVE('',#11664,#11383,#11790,.T.);
#11790 = SURFACE_CURVE('',#11791,(#11795,#11802),.PCURVE_S1.);
#11791 = LINE('',#11792,#11793);
#11792 = CARTESIAN_POINT('',(5.52,5.75,4.1));
#11793 = VECTOR('',#11794,1.);
#11794 = DIRECTION('',(0.,0.,1.));
#11795 = PCURVE('',#11398,#11796);
#11796 = DEFINITIONAL_REPRESENTATION('',(#11797),#11801);
#11797 = LINE('',#11798,#11799);
#11798 = CARTESIAN_POINT('',(0.,1.92));
#11799 = VECTOR('',#11800,1.);
#11800 = DIRECTION('',(1.,0.));
#11801 = ( GEOMETRIC_REPRESENTATION_CONTEXT(2) 
PARAMETRIC_REPRESENTATION_CONTEXT() REPRESENTATION_CONTEXT('2D SPACE',''
  ) );
#11802 = PCURVE('',#11431,#11803);
#11803 = DEFINITIONAL_REPRESENTATION('',(#11804),#11808);
#11804 = LINE('',#11805,#11806);
#11805 = CARTESIAN_POINT('',(-1.570796326795,0.));
#11806 = VECTOR('',#11807,1.);
#11807 = DIRECTION('',(-0.,1.));
#11808 = ( GEOMETRIC_REPRESENTATION_CONTEXT(2) 
PARAMETRIC_REPRESENTATION_CONTEXT() REPRESENTATION_CONTEXT('2D SPACE',''
  ) );
#11809 = ADVANCED_FACE('',(#11810),#11516,.T.);
#11810 = FACE_BOUND('',#11811,.T.);
#11811 = EDGE_LOOP('',(#11812,#11813,#11814,#11815));
#11812 = ORIENTED_EDGE('',*,*,#11761,.F.);
#11813 = ORIENTED_EDGE('',*,*,#11635,.T.);
#11814 = ORIENTED_EDGE('',*,*,#11500,.T.);
#11815 = ORIENTED_EDGE('',*,*,#11816,.F.);
#11816 = EDGE_CURVE('',#11738,#11472,#11817,.T.);
#11817 = SURFACE_CURVE('',#11818,(#11822,#11829),.PCURVE_S1.);
#11818 = LINE('',#11819,#11820);
#11819 = CARTESIAN_POINT('',(5.52,6.85,4.1));
#11820 = VECTOR('',#11821,1.);
#11821 = DIRECTION('',(0.,0.,1.));
#11822 = PCURVE('',#11516,#11823);
#11823 = DEFINITIONAL_REPRESENTATION('',(#11824),#11828);
#11824 = LINE('',#11825,#11826);
#11825 = CARTESIAN_POINT('',(0.,1.92));
#11826 = VECTOR('',#11827,1.);
#11827 = DIRECTION('',(1.,0.));
#11828 = ( GEOMETRIC_REPRESENTATION_CONTEXT(2) 
PARAMETRIC_REPRESENTATION_CONTEXT() REPRESENTATION_CONTEXT('2D SPACE',''
  ) );
#11829 = PCURVE('',#11488,#11830);
#11830 = DEFINITIONAL_REPRESENTATION('',(#11831),#11835);
#11831 = LINE('',#11832,#11833);
#11832 = CARTESIAN_POINT('',(1.570796326795,0.));
#11833 = VECTOR('',#11834,1.);
#11834 = DIRECTION('',(0.,1.));
#11835 = ( GEOMETRIC_REPRESENTATION_CONTEXT(2) 
PARAMETRIC_REPRESENTATION_CONTEXT() REPRESENTATION_CONTEXT('2D SPACE',''
  ) );
#11836 = ADVANCED_FACE('',(#11837),#11431,.T.);
#11837 = FACE_BOUND('',#11838,.F.);
#11838 = EDGE_LOOP('',(#11839,#11840,#11841,#11842));
#11839 = ORIENTED_EDGE('',*,*,#11686,.T.);
#11840 = ORIENTED_EDGE('',*,*,#11789,.T.);
#11841 = ORIENTED_EDGE('',*,*,#11410,.F.);
#11842 = ORIENTED_EDGE('',*,*,#11843,.F.);
#11843 = EDGE_CURVE('',#11687,#11411,#11844,.T.);
#11844 = SURFACE_CURVE('',#11845,(#11849,#11856),.PCURVE_S1.);
#11845 = LINE('',#11846,#11847);
#11846 = CARTESIAN_POINT('',(5.6,5.83,4.1));
#11847 = VECTOR('',#11848,1.);
#11848 = DIRECTION('',(0.,0.,1.));
#11849 = PCURVE('',#11431,#11850);
#11850 = DEFINITIONAL_REPRESENTATION('',(#11851),#11855);
#11851 = LINE('',#11852,#11853);
#11852 = CARTESIAN_POINT('',(-0.,0.));
#11853 = VECTOR('',#11854,1.);
#11854 = DIRECTION('',(-0.,1.));
#11855 = ( GEOMETRIC_REPRESENTATION_CONTEXT(2) 
PARAMETRIC_REPRESENTATION_CONTEXT() REPRESENTATION_CONTEXT('2D SPACE',''
  ) );
#11856 = PCURVE('',#11459,#11857);
#11857 = DEFINITIONAL_REPRESENTATION('',(#11858),#11862);
#11858 = LINE('',#11859,#11860);
#11859 = CARTESIAN_POINT('',(0.,-8.E-02));
#11860 = VECTOR('',#11861,1.);
#11861 = DIRECTION('',(1.,0.));
#11862 = ( GEOMETRIC_REPRESENTATION_CONTEXT(2) 
PARAMETRIC_REPRESENTATION_CONTEXT() REPRESENTATION_CONTEXT('2D SPACE',''
  ) );
#11863 = ADVANCED_FACE('',(#11864),#11488,.T.);
#11864 = FACE_BOUND('',#11865,.T.);
#11865 = EDGE_LOOP('',(#11866,#11867,#11868,#11869));
#11866 = ORIENTED_EDGE('',*,*,#11737,.T.);
#11867 = ORIENTED_EDGE('',*,*,#11816,.T.);
#11868 = ORIENTED_EDGE('',*,*,#11471,.F.);
#11869 = ORIENTED_EDGE('',*,*,#11870,.F.);
#11870 = EDGE_CURVE('',#11715,#11444,#11871,.T.);
#11871 = SURFACE_CURVE('',#11872,(#11876,#11883),.PCURVE_S1.);
#11872 = LINE('',#11873,#11874);
#11873 = CARTESIAN_POINT('',(5.6,6.77,4.1));
#11874 = VECTOR('',#11875,1.);
#11875 = DIRECTION('',(0.,0.,1.));
#11876 = PCURVE('',#11488,#11877);
#11877 = DEFINITIONAL_REPRESENTATION('',(#11878),#11882);
#11878 = LINE('',#11879,#11880);
#11879 = CARTESIAN_POINT('',(0.,0.));
#11880 = VECTOR('',#11881,1.);
#11881 = DIRECTION('',(0.,1.));
#11882 = ( GEOMETRIC_REPRESENTATION_CONTEXT(2) 
PARAMETRIC_REPRESENTATION_CONTEXT() REPRESENTATION_CONTEXT('2D SPACE',''
  ) );
#11883 = PCURVE('',#11459,#11884);
#11884 = DEFINITIONAL_REPRESENTATION('',(#11885),#11889);
#11885 = LINE('',#11886,#11887);
#11886 = CARTESIAN_POINT('',(0.,-1.02));
#11887 = VECTOR('',#11888,1.);
#11888 = DIRECTION('',(1.,0.));
#11889 = ( GEOMETRIC_REPRESENTATION_CONTEXT(2) 
PARAMETRIC_REPRESENTATION_CONTEXT() REPRESENTATION_CONTEXT('2D SPACE',''
  ) );
#11890 = ADVANCED_FACE('',(#11891),#11459,.T.);
#11891 = FACE_BOUND('',#11892,.T.);
#11892 = EDGE_LOOP('',(#11893,#11894,#11895,#11896));
#11893 = ORIENTED_EDGE('',*,*,#11443,.F.);
#11894 = ORIENTED_EDGE('',*,*,#11843,.F.);
#11895 = ORIENTED_EDGE('',*,*,#11714,.T.);
#11896 = ORIENTED_EDGE('',*,*,#11870,.T.);
#11897 = ( GEOMETRIC_REPRESENTATION_CONTEXT(3) 
GLOBAL_UNCERTAINTY_ASSIGNED_CONTEXT((#11901)) 
GLOBAL_UNIT_ASSIGNED_CONTEXT((#11898,#11899,#11900)) 
REPRESENTATION_CONTEXT('Context #1',
  '3D Context with UNIT and UNCERTAINTY') );
#11898 = ( LENGTH_UNIT() NAMED_UNIT(*) SI_UNIT(.MILLI.,.METRE.) );
#11899 = ( NAMED_UNIT(*) PLANE_ANGLE_UNIT() SI_UNIT($,.RADIAN.) );
#11900 = ( NAMED_UNIT(*) SI_UNIT($,.STERADIAN.) SOLID_ANGLE_UNIT() );
#11901 = UNCERTAINTY_MEASURE_WITH_UNIT(LENGTH_MEASURE(1.E-07),#11898,
  'distance_accuracy_value','confusion accuracy');
#11902 = CONTEXT_DEPENDENT_SHAPE_REPRESENTATION(#11903,#11905);
#11903 = ( REPRESENTATION_RELATIONSHIP('','',#11230,#10) 
REPRESENTATION_RELATIONSHIP_WITH_TRANSFORMATION(#11904) 
SHAPE_REPRESENTATION_RELATIONSHIP() );
#11904 = ITEM_DEFINED_TRANSFORMATION('','',#11,#119);
#11905 = PRODUCT_DEFINITION_SHAPE('Placement','Placement of an item',
  #11906);
#11906 = NEXT_ASSEMBLY_USAGE_OCCURRENCE('118','passive_3','',#5,#11225,$
  );
#11907 = PRODUCT_RELATED_PRODUCT_CATEGORY('part',$,(#11227));
#11908 = SHAPE_DEFINITION_REPRESENTATION(#11909,#11915);
#11909 = PRODUCT_DEFINITION_SHAPE('','',#11910);
#11910 = PRODUCT_DEFINITION('design','',#11911,#11914);
#11911 = PRODUCT_DEFINITION_FORMATION('','',#11912);
#11912 = PRODUCT('passive_4','passive_4','',(#11913));
#11913 = PRODUCT_CONTEXT('',#2,'mechanical');
#11914 = PRODUCT_DEFINITION_CONTEXT('part definition',#2,'design');
#11915 = ADVANCED_BREP_SHAPE_REPRESENTATION('',(#11,#11916),#12582);
#11916 = MANIFOLD_SOLID_BREP('',#11917);
#11917 = CLOSED_SHELL('',(#11918,#12038,#12238,#12288,#12342,#12467,
    #12494,#12521,#12548,#12575));
#11918 = ADVANCED_FACE('',(#11919),#11933,.F.);
#11919 = FACE_BOUND('',#11920,.F.);
#11920 = EDGE_LOOP('',(#11921,#11956,#11984,#12012));
#11921 = ORIENTED_EDGE('',*,*,#11922,.F.);
#11922 = EDGE_CURVE('',#11923,#11925,#11927,.T.);
#11923 = VERTEX_POINT('',#11924);
#11924 = CARTESIAN_POINT('',(3.6,8.33,4.75));
#11925 = VERTEX_POINT('',#11926);
#11926 = CARTESIAN_POINT('',(3.6,9.27,4.75));
#11927 = SURFACE_CURVE('',#11928,(#11932,#11944),.PCURVE_S1.);
#11928 = LINE('',#11929,#11930);
#11929 = CARTESIAN_POINT('',(3.6,8.25,4.75));
#11930 = VECTOR('',#11931,1.);
#11931 = DIRECTION('',(0.,1.,0.));
#11932 = PCURVE('',#11933,#11938);
#11933 = PLANE('',#11934);
#11934 = AXIS2_PLACEMENT_3D('',#11935,#11936,#11937);
#11935 = CARTESIAN_POINT('',(3.6,8.25,4.1));
#11936 = DIRECTION('',(1.,0.,0.));
#11937 = DIRECTION('',(0.,0.,1.));
#11938 = DEFINITIONAL_REPRESENTATION('',(#11939),#11943);
#11939 = LINE('',#11940,#11941);
#11940 = CARTESIAN_POINT('',(0.65,0.));
#11941 = VECTOR('',#11942,1.);
#11942 = DIRECTION('',(0.,-1.));
#11943 = ( GEOMETRIC_REPRESENTATION_CONTEXT(2) 
PARAMETRIC_REPRESENTATION_CONTEXT() REPRESENTATION_CONTEXT('2D SPACE',''
  ) );
#11944 = PCURVE('',#11945,#11950);
#11945 = PLANE('',#11946);
#11946 = AXIS2_PLACEMENT_3D('',#11947,#11948,#11949);
#11947 = CARTESIAN_POINT('',(3.6,8.25,4.75));
#11948 = DIRECTION('',(0.,0.,1.));
#11949 = DIRECTION('',(1.,0.,0.));
#11950 = DEFINITIONAL_REPRESENTATION('',(#11951),#11955);
#11951 = LINE('',#11952,#11953);
#11952 = CARTESIAN_POINT('',(0.,0.));
#11953 = VECTOR('',#11954,1.);
#11954 = DIRECTION('',(0.,1.));
#11955 = ( GEOMETRIC_REPRESENTATION_CONTEXT(2) 
PARAMETRIC_REPRESENTATION_CONTEXT() REPRESENTATION_CONTEXT('2D SPACE',''
  ) );
#11956 = ORIENTED_EDGE('',*,*,#11957,.F.);
#11957 = EDGE_CURVE('',#11958,#11923,#11960,.T.);
#11958 = VERTEX_POINT('',#11959);
#11959 = CARTESIAN_POINT('',(3.6,8.33,4.1));
#11960 = SURFACE_CURVE('',#11961,(#11965,#11972),.PCURVE_S1.);
#11961 = LINE('',#11962,#11963);
#11962 = CARTESIAN_POINT('',(3.6,8.33,4.1));
#11963 = VECTOR('',#11964,1.);
#11964 = DIRECTION('',(0.,0.,1.));
#11965 = PCURVE('',#11933,#11966);
#11966 = DEFINITIONAL_REPRESENTATION('',(#11967),#11971);
#11967 = LINE('',#11968,#11969);
#11968 = CARTESIAN_POINT('',(0.,-8.E-02));
#11969 = VECTOR('',#11970,1.);
#11970 = DIRECTION('',(1.,0.));
#11971 = ( GEOMETRIC_REPRESENTATION_CONTEXT(2) 
PARAMETRIC_REPRESENTATION_CONTEXT() REPRESENTATION_CONTEXT('2D SPACE',''
  ) );
#11972 = PCURVE('',#11973,#11978);
#11973 = CYLINDRICAL_SURFACE('',#11974,8.E-02);
#11974 = AXIS2_PLACEMENT_3D('',#11975,#11976,#11977);
#11975 = CARTESIAN_POINT('',(3.68,8.33,4.1));
#11976 = DIRECTION('',(0.,0.,1.));
#11977 = DIRECTION('',(-1.,-0.,0.));
#11978 = DEFINITIONAL_REPRESENTATION('',(#11979),#11983);
#11979 = LINE('',#11980,#11981);
#11980 = CARTESIAN_POINT('',(0.,0.));
#11981 = VECTOR('',#11982,1.);
#11982 = DIRECTION('',(0.,1.));
#11983 = ( GEOMETRIC_REPRESENTATION_CONTEXT(2) 
PARAMETRIC_REPRESENTATION_CONTEXT() REPRESENTATION_CONTEXT('2D SPACE',''
  ) );
#11984 = ORIENTED_EDGE('',*,*,#11985,.T.);
#11985 = EDGE_CURVE('',#11958,#11986,#11988,.T.);
#11986 = VERTEX_POINT('',#11987);
#11987 = CARTESIAN_POINT('',(3.6,9.27,4.1));
#11988 = SURFACE_CURVE('',#11989,(#11993,#12000),.PCURVE_S1.);
#11989 = LINE('',#11990,#11991);
#11990 = CARTESIAN_POINT('',(3.6,8.25,4.1));
#11991 = VECTOR('',#11992,1.);
#11992 = DIRECTION('',(0.,1.,0.));
#11993 = PCURVE('',#11933,#11994);
#11994 = DEFINITIONAL_REPRESENTATION('',(#11995),#11999);
#11995 = LINE('',#11996,#11997);
#11996 = CARTESIAN_POINT('',(0.,0.));
#11997 = VECTOR('',#11998,1.);
#11998 = DIRECTION('',(0.,-1.));
#11999 = ( GEOMETRIC_REPRESENTATION_CONTEXT(2) 
PARAMETRIC_REPRESENTATION_CONTEXT() REPRESENTATION_CONTEXT('2D SPACE',''
  ) );
#12000 = PCURVE('',#12001,#12006);
#12001 = PLANE('',#12002);
#12002 = AXIS2_PLACEMENT_3D('',#12003,#12004,#12005);
#12003 = CARTESIAN_POINT('',(3.6,8.25,4.1));
#12004 = DIRECTION('',(0.,0.,1.));
#12005 = DIRECTION('',(1.,0.,0.));
#12006 = DEFINITIONAL_REPRESENTATION('',(#12007),#12011);
#12007 = LINE('',#12008,#12009);
#12008 = CARTESIAN_POINT('',(0.,0.));
#12009 = VECTOR('',#12010,1.);
#12010 = DIRECTION('',(0.,1.));
#12011 = ( GEOMETRIC_REPRESENTATION_CONTEXT(2) 
PARAMETRIC_REPRESENTATION_CONTEXT() REPRESENTATION_CONTEXT('2D SPACE',''
  ) );
#12012 = ORIENTED_EDGE('',*,*,#12013,.T.);
#12013 = EDGE_CURVE('',#11986,#11925,#12014,.T.);
#12014 = SURFACE_CURVE('',#12015,(#12019,#12026),.PCURVE_S1.);
#12015 = LINE('',#12016,#12017);
#12016 = CARTESIAN_POINT('',(3.6,9.27,4.1));
#12017 = VECTOR('',#12018,1.);
#12018 = DIRECTION('',(0.,0.,1.));
#12019 = PCURVE('',#11933,#12020);
#12020 = DEFINITIONAL_REPRESENTATION('',(#12021),#12025);
#12021 = LINE('',#12022,#12023);
#12022 = CARTESIAN_POINT('',(0.,-1.02));
#12023 = VECTOR('',#12024,1.);
#12024 = DIRECTION('',(1.,0.));
#12025 = ( GEOMETRIC_REPRESENTATION_CONTEXT(2) 
PARAMETRIC_REPRESENTATION_CONTEXT() REPRESENTATION_CONTEXT('2D SPACE',''
  ) );
#12026 = PCURVE('',#12027,#12032);
#12027 = CYLINDRICAL_SURFACE('',#12028,8.E-02);
#12028 = AXIS2_PLACEMENT_3D('',#12029,#12030,#12031);
#12029 = CARTESIAN_POINT('',(3.68,9.27,4.1));
#12030 = DIRECTION('',(0.,0.,1.));
#12031 = DIRECTION('',(-1.,-0.,0.));
#12032 = DEFINITIONAL_REPRESENTATION('',(#12033),#12037);
#12033 = LINE('',#12034,#12035);
#12034 = CARTESIAN_POINT('',(-0.,0.));
#12035 = VECTOR('',#12036,1.);
#12036 = DIRECTION('',(-0.,1.));
#12037 = ( GEOMETRIC_REPRESENTATION_CONTEXT(2) 
PARAMETRIC_REPRESENTATION_CONTEXT() REPRESENTATION_CONTEXT('2D SPACE',''
  ) );
#12038 = ADVANCED_FACE('',(#12039),#11945,.T.);
#12039 = FACE_BOUND('',#12040,.T.);
#12040 = EDGE_LOOP('',(#12041,#12042,#12066,#12094,#12127,#12155,#12184,
    #12212));
#12041 = ORIENTED_EDGE('',*,*,#11922,.F.);
#12042 = ORIENTED_EDGE('',*,*,#12043,.T.);
#12043 = EDGE_CURVE('',#11923,#12044,#12046,.T.);
#12044 = VERTEX_POINT('',#12045);
#12045 = CARTESIAN_POINT('',(3.68,8.25,4.75));
#12046 = SURFACE_CURVE('',#12047,(#12052,#12059),.PCURVE_S1.);
#12047 = CIRCLE('',#12048,8.E-02);
#12048 = AXIS2_PLACEMENT_3D('',#12049,#12050,#12051);
#12049 = CARTESIAN_POINT('',(3.68,8.33,4.75));
#12050 = DIRECTION('',(0.,0.,1.));
#12051 = DIRECTION('',(0.,-1.,0.));
#12052 = PCURVE('',#11945,#12053);
#12053 = DEFINITIONAL_REPRESENTATION('',(#12054),#12058);
#12054 = CIRCLE('',#12055,8.E-02);
#12055 = AXIS2_PLACEMENT_2D('',#12056,#12057);
#12056 = CARTESIAN_POINT('',(8.E-02,8.E-02));
#12057 = DIRECTION('',(0.,-1.));
#12058 = ( GEOMETRIC_REPRESENTATION_CONTEXT(2) 
PARAMETRIC_REPRESENTATION_CONTEXT() REPRESENTATION_CONTEXT('2D SPACE',''
  ) );
#12059 = PCURVE('',#11973,#12060);
#12060 = DEFINITIONAL_REPRESENTATION('',(#12061),#12065);
#12061 = LINE('',#12062,#12063);
#12062 = CARTESIAN_POINT('',(-4.712388980385,0.65));
#12063 = VECTOR('',#12064,1.);
#12064 = DIRECTION('',(1.,0.));
#12065 = ( GEOMETRIC_REPRESENTATION_CONTEXT(2) 
PARAMETRIC_REPRESENTATION_CONTEXT() REPRESENTATION_CONTEXT('2D SPACE',''
  ) );
#12066 = ORIENTED_EDGE('',*,*,#12067,.T.);
#12067 = EDGE_CURVE('',#12044,#12068,#12070,.T.);
#12068 = VERTEX_POINT('',#12069);
#12069 = CARTESIAN_POINT('',(5.52,8.25,4.75));
#12070 = SURFACE_CURVE('',#12071,(#12075,#12082),.PCURVE_S1.);
#12071 = LINE('',#12072,#12073);
#12072 = CARTESIAN_POINT('',(3.6,8.25,4.75));
#12073 = VECTOR('',#12074,1.);
#12074 = DIRECTION('',(1.,0.,0.));
#12075 = PCURVE('',#11945,#12076);
#12076 = DEFINITIONAL_REPRESENTATION('',(#12077),#12081);
#12077 = LINE('',#12078,#12079);
#12078 = CARTESIAN_POINT('',(0.,0.));
#12079 = VECTOR('',#12080,1.);
#12080 = DIRECTION('',(1.,0.));
#12081 = ( GEOMETRIC_REPRESENTATION_CONTEXT(2) 
PARAMETRIC_REPRESENTATION_CONTEXT() REPRESENTATION_CONTEXT('2D SPACE',''
  ) );
#12082 = PCURVE('',#12083,#12088);
#12083 = PLANE('',#12084);
#12084 = AXIS2_PLACEMENT_3D('',#12085,#12086,#12087);
#12085 = CARTESIAN_POINT('',(3.6,8.25,4.1));
#12086 = DIRECTION('',(0.,1.,0.));
#12087 = DIRECTION('',(0.,0.,1.));
#12088 = DEFINITIONAL_REPRESENTATION('',(#12089),#12093);
#12089 = LINE('',#12090,#12091);
#12090 = CARTESIAN_POINT('',(0.65,0.));
#12091 = VECTOR('',#12092,1.);
#12092 = DIRECTION('',(0.,1.));
#12093 = ( GEOMETRIC_REPRESENTATION_CONTEXT(2) 
PARAMETRIC_REPRESENTATION_CONTEXT() REPRESENTATION_CONTEXT('2D SPACE',''
  ) );
#12094 = ORIENTED_EDGE('',*,*,#12095,.F.);
#12095 = EDGE_CURVE('',#12096,#12068,#12098,.T.);
#12096 = VERTEX_POINT('',#12097);
#12097 = CARTESIAN_POINT('',(5.6,8.33,4.75));
#12098 = SURFACE_CURVE('',#12099,(#12104,#12115),.PCURVE_S1.);
#12099 = CIRCLE('',#12100,8.E-02);
#12100 = AXIS2_PLACEMENT_3D('',#12101,#12102,#12103);
#12101 = CARTESIAN_POINT('',(5.52,8.33,4.75));
#12102 = DIRECTION('',(-0.,-0.,-1.));
#12103 = DIRECTION('',(0.,-1.,0.));
#12104 = PCURVE('',#11945,#12105);
#12105 = DEFINITIONAL_REPRESENTATION('',(#12106),#12114);
#12106 = ( BOUNDED_CURVE() B_SPLINE_CURVE(2,(#12107,#12108,#12109,#12110
    ,#12111,#12112,#12113),.UNSPECIFIED.,.T.,.F.) 
B_SPLINE_CURVE_WITH_KNOTS((1,2,2,2,2,1),(-2.094395102393,0.,
    2.094395102393,4.188790204786,6.28318530718,8.377580409573),
.UNSPECIFIED.) CURVE() GEOMETRIC_REPRESENTATION_ITEM() 
RATIONAL_B_SPLINE_CURVE((1.,0.5,1.,0.5,1.,0.5,1.)) REPRESENTATION_ITEM(
  '') );
#12107 = CARTESIAN_POINT('',(1.92,6.938893903907E-17));
#12108 = CARTESIAN_POINT('',(1.781435935394,6.938893903907E-17));
#12109 = CARTESIAN_POINT('',(1.850717967697,0.12));
#12110 = CARTESIAN_POINT('',(1.92,0.24));
#12111 = CARTESIAN_POINT('',(1.989282032303,0.12));
#12112 = CARTESIAN_POINT('',(2.058564064606,1.942890293094E-16));
#12113 = CARTESIAN_POINT('',(1.92,6.938893903907E-17));
#12114 = ( GEOMETRIC_REPRESENTATION_CONTEXT(2) 
PARAMETRIC_REPRESENTATION_CONTEXT() REPRESENTATION_CONTEXT('2D SPACE',''
  ) );
#12115 = PCURVE('',#12116,#12121);
#12116 = CYLINDRICAL_SURFACE('',#12117,8.E-02);
#12117 = AXIS2_PLACEMENT_3D('',#12118,#12119,#12120);
#12118 = CARTESIAN_POINT('',(5.52,8.33,4.1));
#12119 = DIRECTION('',(0.,0.,1.));
#12120 = DIRECTION('',(1.,0.,-0.));
#12121 = DEFINITIONAL_REPRESENTATION('',(#12122),#12126);
#12122 = LINE('',#12123,#12124);
#12123 = CARTESIAN_POINT('',(4.712388980385,0.65));
#12124 = VECTOR('',#12125,1.);
#12125 = DIRECTION('',(-1.,0.));
#12126 = ( GEOMETRIC_REPRESENTATION_CONTEXT(2) 
PARAMETRIC_REPRESENTATION_CONTEXT() REPRESENTATION_CONTEXT('2D SPACE',''
  ) );
#12127 = ORIENTED_EDGE('',*,*,#12128,.T.);
#12128 = EDGE_CURVE('',#12096,#12129,#12131,.T.);
#12129 = VERTEX_POINT('',#12130);
#12130 = CARTESIAN_POINT('',(5.6,9.27,4.75));
#12131 = SURFACE_CURVE('',#12132,(#12136,#12143),.PCURVE_S1.);
#12132 = LINE('',#12133,#12134);
#12133 = CARTESIAN_POINT('',(5.6,8.25,4.75));
#12134 = VECTOR('',#12135,1.);
#12135 = DIRECTION('',(0.,1.,0.));
#12136 = PCURVE('',#11945,#12137);
#12137 = DEFINITIONAL_REPRESENTATION('',(#12138),#12142);
#12138 = LINE('',#12139,#12140);
#12139 = CARTESIAN_POINT('',(2.,0.));
#12140 = VECTOR('',#12141,1.);
#12141 = DIRECTION('',(0.,1.));
#12142 = ( GEOMETRIC_REPRESENTATION_CONTEXT(2) 
PARAMETRIC_REPRESENTATION_CONTEXT() REPRESENTATION_CONTEXT('2D SPACE',''
  ) );
#12143 = PCURVE('',#12144,#12149);
#12144 = PLANE('',#12145);
#12145 = AXIS2_PLACEMENT_3D('',#12146,#12147,#12148);
#12146 = CARTESIAN_POINT('',(5.6,8.25,4.1));
#12147 = DIRECTION('',(1.,0.,0.));
#12148 = DIRECTION('',(0.,0.,1.));
#12149 = DEFINITIONAL_REPRESENTATION('',(#12150),#12154);
#12150 = LINE('',#12151,#12152);
#12151 = CARTESIAN_POINT('',(0.65,0.));
#12152 = VECTOR('',#12153,1.);
#12153 = DIRECTION('',(0.,-1.));
#12154 = ( GEOMETRIC_REPRESENTATION_CONTEXT(2) 
PARAMETRIC_REPRESENTATION_CONTEXT() REPRESENTATION_CONTEXT('2D SPACE',''
  ) );
#12155 = ORIENTED_EDGE('',*,*,#12156,.T.);
#12156 = EDGE_CURVE('',#12129,#12157,#12159,.T.);
#12157 = VERTEX_POINT('',#12158);
#12158 = CARTESIAN_POINT('',(5.52,9.35,4.75));
#12159 = SURFACE_CURVE('',#12160,(#12165,#12172),.PCURVE_S1.);
#12160 = CIRCLE('',#12161,8.E-02);
#12161 = AXIS2_PLACEMENT_3D('',#12162,#12163,#12164);
#12162 = CARTESIAN_POINT('',(5.52,9.27,4.75));
#12163 = DIRECTION('',(0.,0.,1.));
#12164 = DIRECTION('',(0.,-1.,0.));
#12165 = PCURVE('',#11945,#12166);
#12166 = DEFINITIONAL_REPRESENTATION('',(#12167),#12171);
#12167 = CIRCLE('',#12168,8.E-02);
#12168 = AXIS2_PLACEMENT_2D('',#12169,#12170);
#12169 = CARTESIAN_POINT('',(1.92,1.02));
#12170 = DIRECTION('',(0.,-1.));
#12171 = ( GEOMETRIC_REPRESENTATION_CONTEXT(2) 
PARAMETRIC_REPRESENTATION_CONTEXT() REPRESENTATION_CONTEXT('2D SPACE',''
  ) );
#12172 = PCURVE('',#12173,#12178);
#12173 = CYLINDRICAL_SURFACE('',#12174,8.E-02);
#12174 = AXIS2_PLACEMENT_3D('',#12175,#12176,#12177);
#12175 = CARTESIAN_POINT('',(5.52,9.27,4.1));
#12176 = DIRECTION('',(0.,0.,1.));
#12177 = DIRECTION('',(1.,0.,-0.));
#12178 = DEFINITIONAL_REPRESENTATION('',(#12179),#12183);
#12179 = LINE('',#12180,#12181);
#12180 = CARTESIAN_POINT('',(-1.570796326795,0.65));
#12181 = VECTOR('',#12182,1.);
#12182 = DIRECTION('',(1.,0.));
#12183 = ( GEOMETRIC_REPRESENTATION_CONTEXT(2) 
PARAMETRIC_REPRESENTATION_CONTEXT() REPRESENTATION_CONTEXT('2D SPACE',''
  ) );
#12184 = ORIENTED_EDGE('',*,*,#12185,.F.);
#12185 = EDGE_CURVE('',#12186,#12157,#12188,.T.);
#12186 = VERTEX_POINT('',#12187);
#12187 = CARTESIAN_POINT('',(3.68,9.35,4.75));
#12188 = SURFACE_CURVE('',#12189,(#12193,#12200),.PCURVE_S1.);
#12189 = LINE('',#12190,#12191);
#12190 = CARTESIAN_POINT('',(3.6,9.35,4.75));
#12191 = VECTOR('',#12192,1.);
#12192 = DIRECTION('',(1.,0.,0.));
#12193 = PCURVE('',#11945,#12194);
#12194 = DEFINITIONAL_REPRESENTATION('',(#12195),#12199);
#12195 = LINE('',#12196,#12197);
#12196 = CARTESIAN_POINT('',(0.,1.1));
#12197 = VECTOR('',#12198,1.);
#12198 = DIRECTION('',(1.,0.));
#12199 = ( GEOMETRIC_REPRESENTATION_CONTEXT(2) 
PARAMETRIC_REPRESENTATION_CONTEXT() REPRESENTATION_CONTEXT('2D SPACE',''
  ) );
#12200 = PCURVE('',#12201,#12206);
#12201 = PLANE('',#12202);
#12202 = AXIS2_PLACEMENT_3D('',#12203,#12204,#12205);
#12203 = CARTESIAN_POINT('',(3.6,9.35,4.1));
#12204 = DIRECTION('',(0.,1.,0.));
#12205 = DIRECTION('',(0.,0.,1.));
#12206 = DEFINITIONAL_REPRESENTATION('',(#12207),#12211);
#12207 = LINE('',#12208,#12209);
#12208 = CARTESIAN_POINT('',(0.65,0.));
#12209 = VECTOR('',#12210,1.);
#12210 = DIRECTION('',(0.,1.));
#12211 = ( GEOMETRIC_REPRESENTATION_CONTEXT(2) 
PARAMETRIC_REPRESENTATION_CONTEXT() REPRESENTATION_CONTEXT('2D SPACE',''
  ) );
#12212 = ORIENTED_EDGE('',*,*,#12213,.F.);
#12213 = EDGE_CURVE('',#11925,#12186,#12214,.T.);
#12214 = SURFACE_CURVE('',#12215,(#12220,#12231),.PCURVE_S1.);
#12215 = CIRCLE('',#12216,8.E-02);
#12216 = AXIS2_PLACEMENT_3D('',#12217,#12218,#12219);
#12217 = CARTESIAN_POINT('',(3.68,9.27,4.75));
#12218 = DIRECTION('',(-0.,-0.,-1.));
#12219 = DIRECTION('',(0.,-1.,0.));
#12220 = PCURVE('',#11945,#12221);
#12221 = DEFINITIONAL_REPRESENTATION('',(#12222),#12230);
#12222 = ( BOUNDED_CURVE() B_SPLINE_CURVE(2,(#12223,#12224,#12225,#12226
    ,#12227,#12228,#12229),.UNSPECIFIED.,.T.,.F.) 
B_SPLINE_CURVE_WITH_KNOTS((1,2,2,2,2,1),(-2.094395102393,0.,
    2.094395102393,4.188790204786,6.28318530718,8.377580409573),
.UNSPECIFIED.) CURVE() GEOMETRIC_REPRESENTATION_ITEM() 
RATIONAL_B_SPLINE_CURVE((1.,0.5,1.,0.5,1.,0.5,1.)) REPRESENTATION_ITEM(
  '') );
#12223 = CARTESIAN_POINT('',(8.E-02,0.94));
#12224 = CARTESIAN_POINT('',(-5.856406460551E-02,0.94));
#12225 = CARTESIAN_POINT('',(1.071796769724E-02,1.06));
#12226 = CARTESIAN_POINT('',(8.E-02,1.18));
#12227 = CARTESIAN_POINT('',(0.149282032303,1.06));
#12228 = CARTESIAN_POINT('',(0.218564064606,0.94));
#12229 = CARTESIAN_POINT('',(8.E-02,0.94));
#12230 = ( GEOMETRIC_REPRESENTATION_CONTEXT(2) 
PARAMETRIC_REPRESENTATION_CONTEXT() REPRESENTATION_CONTEXT('2D SPACE',''
  ) );
#12231 = PCURVE('',#12027,#12232);
#12232 = DEFINITIONAL_REPRESENTATION('',(#12233),#12237);
#12233 = LINE('',#12234,#12235);
#12234 = CARTESIAN_POINT('',(1.570796326795,0.65));
#12235 = VECTOR('',#12236,1.);
#12236 = DIRECTION('',(-1.,0.));
#12237 = ( GEOMETRIC_REPRESENTATION_CONTEXT(2) 
PARAMETRIC_REPRESENTATION_CONTEXT() REPRESENTATION_CONTEXT('2D SPACE',''
  ) );
#12238 = ADVANCED_FACE('',(#12239),#11973,.T.);
#12239 = FACE_BOUND('',#12240,.T.);
#12240 = EDGE_LOOP('',(#12241,#12265,#12286,#12287));
#12241 = ORIENTED_EDGE('',*,*,#12242,.T.);
#12242 = EDGE_CURVE('',#11958,#12243,#12245,.T.);
#12243 = VERTEX_POINT('',#12244);
#12244 = CARTESIAN_POINT('',(3.68,8.25,4.1));
#12245 = SURFACE_CURVE('',#12246,(#12251,#12258),.PCURVE_S1.);
#12246 = CIRCLE('',#12247,8.E-02);
#12247 = AXIS2_PLACEMENT_3D('',#12248,#12249,#12250);
#12248 = CARTESIAN_POINT('',(3.68,8.33,4.1));
#12249 = DIRECTION('',(0.,0.,1.));
#12250 = DIRECTION('',(0.,-1.,0.));
#12251 = PCURVE('',#11973,#12252);
#12252 = DEFINITIONAL_REPRESENTATION('',(#12253),#12257);
#12253 = LINE('',#12254,#12255);
#12254 = CARTESIAN_POINT('',(-4.712388980385,0.));
#12255 = VECTOR('',#12256,1.);
#12256 = DIRECTION('',(1.,0.));
#12257 = ( GEOMETRIC_REPRESENTATION_CONTEXT(2) 
PARAMETRIC_REPRESENTATION_CONTEXT() REPRESENTATION_CONTEXT('2D SPACE',''
  ) );
#12258 = PCURVE('',#12001,#12259);
#12259 = DEFINITIONAL_REPRESENTATION('',(#12260),#12264);
#12260 = CIRCLE('',#12261,8.E-02);
#12261 = AXIS2_PLACEMENT_2D('',#12262,#12263);
#12262 = CARTESIAN_POINT('',(8.E-02,8.E-02));
#12263 = DIRECTION('',(0.,-1.));
#12264 = ( GEOMETRIC_REPRESENTATION_CONTEXT(2) 
PARAMETRIC_REPRESENTATION_CONTEXT() REPRESENTATION_CONTEXT('2D SPACE',''
  ) );
#12265 = ORIENTED_EDGE('',*,*,#12266,.T.);
#12266 = EDGE_CURVE('',#12243,#12044,#12267,.T.);
#12267 = SURFACE_CURVE('',#12268,(#12272,#12279),.PCURVE_S1.);
#12268 = LINE('',#12269,#12270);
#12269 = CARTESIAN_POINT('',(3.68,8.25,4.1));
#12270 = VECTOR('',#12271,1.);
#12271 = DIRECTION('',(0.,0.,1.));
#12272 = PCURVE('',#11973,#12273);
#12273 = DEFINITIONAL_REPRESENTATION('',(#12274),#12278);
#12274 = LINE('',#12275,#12276);
#12275 = CARTESIAN_POINT('',(1.570796326795,0.));
#12276 = VECTOR('',#12277,1.);
#12277 = DIRECTION('',(0.,1.));
#12278 = ( GEOMETRIC_REPRESENTATION_CONTEXT(2) 
PARAMETRIC_REPRESENTATION_CONTEXT() REPRESENTATION_CONTEXT('2D SPACE',''
  ) );
#12279 = PCURVE('',#12083,#12280);
#12280 = DEFINITIONAL_REPRESENTATION('',(#12281),#12285);
#12281 = LINE('',#12282,#12283);
#12282 = CARTESIAN_POINT('',(0.,8.E-02));
#12283 = VECTOR('',#12284,1.);
#12284 = DIRECTION('',(1.,0.));
#12285 = ( GEOMETRIC_REPRESENTATION_CONTEXT(2) 
PARAMETRIC_REPRESENTATION_CONTEXT() REPRESENTATION_CONTEXT('2D SPACE',''
  ) );
#12286 = ORIENTED_EDGE('',*,*,#12043,.F.);
#12287 = ORIENTED_EDGE('',*,*,#11957,.F.);
#12288 = ADVANCED_FACE('',(#12289),#12027,.T.);
#12289 = FACE_BOUND('',#12290,.F.);
#12290 = EDGE_LOOP('',(#12291,#12319,#12340,#12341));
#12291 = ORIENTED_EDGE('',*,*,#12292,.T.);
#12292 = EDGE_CURVE('',#11986,#12293,#12295,.T.);
#12293 = VERTEX_POINT('',#12294);
#12294 = CARTESIAN_POINT('',(3.68,9.35,4.1));
#12295 = SURFACE_CURVE('',#12296,(#12301,#12308),.PCURVE_S1.);
#12296 = CIRCLE('',#12297,8.E-02);
#12297 = AXIS2_PLACEMENT_3D('',#12298,#12299,#12300);
#12298 = CARTESIAN_POINT('',(3.68,9.27,4.1));
#12299 = DIRECTION('',(-0.,-0.,-1.));
#12300 = DIRECTION('',(0.,-1.,0.));
#12301 = PCURVE('',#12027,#12302);
#12302 = DEFINITIONAL_REPRESENTATION('',(#12303),#12307);
#12303 = LINE('',#12304,#12305);
#12304 = CARTESIAN_POINT('',(1.570796326795,-0.));
#12305 = VECTOR('',#12306,1.);
#12306 = DIRECTION('',(-1.,0.));
#12307 = ( GEOMETRIC_REPRESENTATION_CONTEXT(2) 
PARAMETRIC_REPRESENTATION_CONTEXT() REPRESENTATION_CONTEXT('2D SPACE',''
  ) );
#12308 = PCURVE('',#12001,#12309);
#12309 = DEFINITIONAL_REPRESENTATION('',(#12310),#12318);
#12310 = ( BOUNDED_CURVE() B_SPLINE_CURVE(2,(#12311,#12312,#12313,#12314
    ,#12315,#12316,#12317),.UNSPECIFIED.,.T.,.F.) 
B_SPLINE_CURVE_WITH_KNOTS((1,2,2,2,2,1),(-2.094395102393,0.,
    2.094395102393,4.188790204786,6.28318530718,8.377580409573),
.UNSPECIFIED.) CURVE() GEOMETRIC_REPRESENTATION_ITEM() 
RATIONAL_B_SPLINE_CURVE((1.,0.5,1.,0.5,1.,0.5,1.)) REPRESENTATION_ITEM(
  '') );
#12311 = CARTESIAN_POINT('',(8.E-02,0.94));
#12312 = CARTESIAN_POINT('',(-5.856406460551E-02,0.94));
#12313 = CARTESIAN_POINT('',(1.071796769724E-02,1.06));
#12314 = CARTESIAN_POINT('',(8.E-02,1.18));
#12315 = CARTESIAN_POINT('',(0.149282032303,1.06));
#12316 = CARTESIAN_POINT('',(0.218564064606,0.94));
#12317 = CARTESIAN_POINT('',(8.E-02,0.94));
#12318 = ( GEOMETRIC_REPRESENTATION_CONTEXT(2) 
PARAMETRIC_REPRESENTATION_CONTEXT() REPRESENTATION_CONTEXT('2D SPACE',''
  ) );
#12319 = ORIENTED_EDGE('',*,*,#12320,.T.);
#12320 = EDGE_CURVE('',#12293,#12186,#12321,.T.);
#12321 = SURFACE_CURVE('',#12322,(#12326,#12333),.PCURVE_S1.);
#12322 = LINE('',#12323,#12324);
#12323 = CARTESIAN_POINT('',(3.68,9.35,4.1));
#12324 = VECTOR('',#12325,1.);
#12325 = DIRECTION('',(0.,0.,1.));
#12326 = PCURVE('',#12027,#12327);
#12327 = DEFINITIONAL_REPRESENTATION('',(#12328),#12332);
#12328 = LINE('',#12329,#12330);
#12329 = CARTESIAN_POINT('',(-1.570796326795,0.));
#12330 = VECTOR('',#12331,1.);
#12331 = DIRECTION('',(-0.,1.));
#12332 = ( GEOMETRIC_REPRESENTATION_CONTEXT(2) 
PARAMETRIC_REPRESENTATION_CONTEXT() REPRESENTATION_CONTEXT('2D SPACE',''
  ) );
#12333 = PCURVE('',#12201,#12334);
#12334 = DEFINITIONAL_REPRESENTATION('',(#12335),#12339);
#12335 = LINE('',#12336,#12337);
#12336 = CARTESIAN_POINT('',(0.,8.E-02));
#12337 = VECTOR('',#12338,1.);
#12338 = DIRECTION('',(1.,0.));
#12339 = ( GEOMETRIC_REPRESENTATION_CONTEXT(2) 
PARAMETRIC_REPRESENTATION_CONTEXT() REPRESENTATION_CONTEXT('2D SPACE',''
  ) );
#12340 = ORIENTED_EDGE('',*,*,#12213,.F.);
#12341 = ORIENTED_EDGE('',*,*,#12013,.F.);
#12342 = ADVANCED_FACE('',(#12343),#12001,.F.);
#12343 = FACE_BOUND('',#12344,.F.);
#12344 = EDGE_LOOP('',(#12345,#12346,#12347,#12370,#12398,#12421,#12445,
    #12466));
#12345 = ORIENTED_EDGE('',*,*,#11985,.F.);
#12346 = ORIENTED_EDGE('',*,*,#12242,.T.);
#12347 = ORIENTED_EDGE('',*,*,#12348,.T.);
#12348 = EDGE_CURVE('',#12243,#12349,#12351,.T.);
#12349 = VERTEX_POINT('',#12350);
#12350 = CARTESIAN_POINT('',(5.52,8.25,4.1));
#12351 = SURFACE_CURVE('',#12352,(#12356,#12363),.PCURVE_S1.);
#12352 = LINE('',#12353,#12354);
#12353 = CARTESIAN_POINT('',(3.6,8.25,4.1));
#12354 = VECTOR('',#12355,1.);
#12355 = DIRECTION('',(1.,0.,0.));
#12356 = PCURVE('',#12001,#12357);
#12357 = DEFINITIONAL_REPRESENTATION('',(#12358),#12362);
#12358 = LINE('',#12359,#12360);
#12359 = CARTESIAN_POINT('',(0.,0.));
#12360 = VECTOR('',#12361,1.);
#12361 = DIRECTION('',(1.,0.));
#12362 = ( GEOMETRIC_REPRESENTATION_CONTEXT(2) 
PARAMETRIC_REPRESENTATION_CONTEXT() REPRESENTATION_CONTEXT('2D SPACE',''
  ) );
#12363 = PCURVE('',#12083,#12364);
#12364 = DEFINITIONAL_REPRESENTATION('',(#12365),#12369);
#12365 = LINE('',#12366,#12367);
#12366 = CARTESIAN_POINT('',(0.,0.));
#12367 = VECTOR('',#12368,1.);
#12368 = DIRECTION('',(0.,1.));
#12369 = ( GEOMETRIC_REPRESENTATION_CONTEXT(2) 
PARAMETRIC_REPRESENTATION_CONTEXT() REPRESENTATION_CONTEXT('2D SPACE',''
  ) );
#12370 = ORIENTED_EDGE('',*,*,#12371,.F.);
#12371 = EDGE_CURVE('',#12372,#12349,#12374,.T.);
#12372 = VERTEX_POINT('',#12373);
#12373 = CARTESIAN_POINT('',(5.6,8.33,4.1));
#12374 = SURFACE_CURVE('',#12375,(#12380,#12391),.PCURVE_S1.);
#12375 = CIRCLE('',#12376,8.E-02);
#12376 = AXIS2_PLACEMENT_3D('',#12377,#12378,#12379);
#12377 = CARTESIAN_POINT('',(5.52,8.33,4.1));
#12378 = DIRECTION('',(-0.,-0.,-1.));
#12379 = DIRECTION('',(0.,-1.,0.));
#12380 = PCURVE('',#12001,#12381);
#12381 = DEFINITIONAL_REPRESENTATION('',(#12382),#12390);
#12382 = ( BOUNDED_CURVE() B_SPLINE_CURVE(2,(#12383,#12384,#12385,#12386
    ,#12387,#12388,#12389),.UNSPECIFIED.,.T.,.F.) 
B_SPLINE_CURVE_WITH_KNOTS((1,2,2,2,2,1),(-2.094395102393,0.,
    2.094395102393,4.188790204786,6.28318530718,8.377580409573),
.UNSPECIFIED.) CURVE() GEOMETRIC_REPRESENTATION_ITEM() 
RATIONAL_B_SPLINE_CURVE((1.,0.5,1.,0.5,1.,0.5,1.)) REPRESENTATION_ITEM(
  '') );
#12383 = CARTESIAN_POINT('',(1.92,6.938893903907E-17));
#12384 = CARTESIAN_POINT('',(1.781435935394,6.938893903907E-17));
#12385 = CARTESIAN_POINT('',(1.850717967697,0.12));
#12386 = CARTESIAN_POINT('',(1.92,0.24));
#12387 = CARTESIAN_POINT('',(1.989282032303,0.12));
#12388 = CARTESIAN_POINT('',(2.058564064606,1.942890293094E-16));
#12389 = CARTESIAN_POINT('',(1.92,6.938893903907E-17));
#12390 = ( GEOMETRIC_REPRESENTATION_CONTEXT(2) 
PARAMETRIC_REPRESENTATION_CONTEXT() REPRESENTATION_CONTEXT('2D SPACE',''
  ) );
#12391 = PCURVE('',#12116,#12392);
#12392 = DEFINITIONAL_REPRESENTATION('',(#12393),#12397);
#12393 = LINE('',#12394,#12395);
#12394 = CARTESIAN_POINT('',(4.712388980385,-0.));
#12395 = VECTOR('',#12396,1.);
#12396 = DIRECTION('',(-1.,0.));
#12397 = ( GEOMETRIC_REPRESENTATION_CONTEXT(2) 
PARAMETRIC_REPRESENTATION_CONTEXT() REPRESENTATION_CONTEXT('2D SPACE',''
  ) );
#12398 = ORIENTED_EDGE('',*,*,#12399,.T.);
#12399 = EDGE_CURVE('',#12372,#12400,#12402,.T.);
#12400 = VERTEX_POINT('',#12401);
#12401 = CARTESIAN_POINT('',(5.6,9.27,4.1));
#12402 = SURFACE_CURVE('',#12403,(#12407,#12414),.PCURVE_S1.);
#12403 = LINE('',#12404,#12405);
#12404 = CARTESIAN_POINT('',(5.6,8.25,4.1));
#12405 = VECTOR('',#12406,1.);
#12406 = DIRECTION('',(0.,1.,0.));
#12407 = PCURVE('',#12001,#12408);
#12408 = DEFINITIONAL_REPRESENTATION('',(#12409),#12413);
#12409 = LINE('',#12410,#12411);
#12410 = CARTESIAN_POINT('',(2.,0.));
#12411 = VECTOR('',#12412,1.);
#12412 = DIRECTION('',(0.,1.));
#12413 = ( GEOMETRIC_REPRESENTATION_CONTEXT(2) 
PARAMETRIC_REPRESENTATION_CONTEXT() REPRESENTATION_CONTEXT('2D SPACE',''
  ) );
#12414 = PCURVE('',#12144,#12415);
#12415 = DEFINITIONAL_REPRESENTATION('',(#12416),#12420);
#12416 = LINE('',#12417,#12418);
#12417 = CARTESIAN_POINT('',(0.,0.));
#12418 = VECTOR('',#12419,1.);
#12419 = DIRECTION('',(0.,-1.));
#12420 = ( GEOMETRIC_REPRESENTATION_CONTEXT(2) 
PARAMETRIC_REPRESENTATION_CONTEXT() REPRESENTATION_CONTEXT('2D SPACE',''
  ) );
#12421 = ORIENTED_EDGE('',*,*,#12422,.T.);
#12422 = EDGE_CURVE('',#12400,#12423,#12425,.T.);
#12423 = VERTEX_POINT('',#12424);
#12424 = CARTESIAN_POINT('',(5.52,9.35,4.1));
#12425 = SURFACE_CURVE('',#12426,(#12431,#12438),.PCURVE_S1.);
#12426 = CIRCLE('',#12427,8.E-02);
#12427 = AXIS2_PLACEMENT_3D('',#12428,#12429,#12430);
#12428 = CARTESIAN_POINT('',(5.52,9.27,4.1));
#12429 = DIRECTION('',(0.,0.,1.));
#12430 = DIRECTION('',(0.,-1.,0.));
#12431 = PCURVE('',#12001,#12432);
#12432 = DEFINITIONAL_REPRESENTATION('',(#12433),#12437);
#12433 = CIRCLE('',#12434,8.E-02);
#12434 = AXIS2_PLACEMENT_2D('',#12435,#12436);
#12435 = CARTESIAN_POINT('',(1.92,1.02));
#12436 = DIRECTION('',(0.,-1.));
#12437 = ( GEOMETRIC_REPRESENTATION_CONTEXT(2) 
PARAMETRIC_REPRESENTATION_CONTEXT() REPRESENTATION_CONTEXT('2D SPACE',''
  ) );
#12438 = PCURVE('',#12173,#12439);
#12439 = DEFINITIONAL_REPRESENTATION('',(#12440),#12444);
#12440 = LINE('',#12441,#12442);
#12441 = CARTESIAN_POINT('',(-1.570796326795,0.));
#12442 = VECTOR('',#12443,1.);
#12443 = DIRECTION('',(1.,0.));
#12444 = ( GEOMETRIC_REPRESENTATION_CONTEXT(2) 
PARAMETRIC_REPRESENTATION_CONTEXT() REPRESENTATION_CONTEXT('2D SPACE',''
  ) );
#12445 = ORIENTED_EDGE('',*,*,#12446,.F.);
#12446 = EDGE_CURVE('',#12293,#12423,#12447,.T.);
#12447 = SURFACE_CURVE('',#12448,(#12452,#12459),.PCURVE_S1.);
#12448 = LINE('',#12449,#12450);
#12449 = CARTESIAN_POINT('',(3.6,9.35,4.1));
#12450 = VECTOR('',#12451,1.);
#12451 = DIRECTION('',(1.,0.,0.));
#12452 = PCURVE('',#12001,#12453);
#12453 = DEFINITIONAL_REPRESENTATION('',(#12454),#12458);
#12454 = LINE('',#12455,#12456);
#12455 = CARTESIAN_POINT('',(0.,1.1));
#12456 = VECTOR('',#12457,1.);
#12457 = DIRECTION('',(1.,0.));
#12458 = ( GEOMETRIC_REPRESENTATION_CONTEXT(2) 
PARAMETRIC_REPRESENTATION_CONTEXT() REPRESENTATION_CONTEXT('2D SPACE',''
  ) );
#12459 = PCURVE('',#12201,#12460);
#12460 = DEFINITIONAL_REPRESENTATION('',(#12461),#12465);
#12461 = LINE('',#12462,#12463);
#12462 = CARTESIAN_POINT('',(0.,0.));
#12463 = VECTOR('',#12464,1.);
#12464 = DIRECTION('',(0.,1.));
#12465 = ( GEOMETRIC_REPRESENTATION_CONTEXT(2) 
PARAMETRIC_REPRESENTATION_CONTEXT() REPRESENTATION_CONTEXT('2D SPACE',''
  ) );
#12466 = ORIENTED_EDGE('',*,*,#12292,.F.);
#12467 = ADVANCED_FACE('',(#12468),#12083,.F.);
#12468 = FACE_BOUND('',#12469,.F.);
#12469 = EDGE_LOOP('',(#12470,#12471,#12472,#12473));
#12470 = ORIENTED_EDGE('',*,*,#12348,.F.);
#12471 = ORIENTED_EDGE('',*,*,#12266,.T.);
#12472 = ORIENTED_EDGE('',*,*,#12067,.T.);
#12473 = ORIENTED_EDGE('',*,*,#12474,.F.);
#12474 = EDGE_CURVE('',#12349,#12068,#12475,.T.);
#12475 = SURFACE_CURVE('',#12476,(#12480,#12487),.PCURVE_S1.);
#12476 = LINE('',#12477,#12478);
#12477 = CARTESIAN_POINT('',(5.52,8.25,4.1));
#12478 = VECTOR('',#12479,1.);
#12479 = DIRECTION('',(0.,0.,1.));
#12480 = PCURVE('',#12083,#12481);
#12481 = DEFINITIONAL_REPRESENTATION('',(#12482),#12486);
#12482 = LINE('',#12483,#12484);
#12483 = CARTESIAN_POINT('',(0.,1.92));
#12484 = VECTOR('',#12485,1.);
#12485 = DIRECTION('',(1.,0.));
#12486 = ( GEOMETRIC_REPRESENTATION_CONTEXT(2) 
PARAMETRIC_REPRESENTATION_CONTEXT() REPRESENTATION_CONTEXT('2D SPACE',''
  ) );
#12487 = PCURVE('',#12116,#12488);
#12488 = DEFINITIONAL_REPRESENTATION('',(#12489),#12493);
#12489 = LINE('',#12490,#12491);
#12490 = CARTESIAN_POINT('',(-1.570796326795,0.));
#12491 = VECTOR('',#12492,1.);
#12492 = DIRECTION('',(-0.,1.));
#12493 = ( GEOMETRIC_REPRESENTATION_CONTEXT(2) 
PARAMETRIC_REPRESENTATION_CONTEXT() REPRESENTATION_CONTEXT('2D SPACE',''
  ) );
#12494 = ADVANCED_FACE('',(#12495),#12201,.T.);
#12495 = FACE_BOUND('',#12496,.T.);
#12496 = EDGE_LOOP('',(#12497,#12498,#12499,#12500));
#12497 = ORIENTED_EDGE('',*,*,#12446,.F.);
#12498 = ORIENTED_EDGE('',*,*,#12320,.T.);
#12499 = ORIENTED_EDGE('',*,*,#12185,.T.);
#12500 = ORIENTED_EDGE('',*,*,#12501,.F.);
#12501 = EDGE_CURVE('',#12423,#12157,#12502,.T.);
#12502 = SURFACE_CURVE('',#12503,(#12507,#12514),.PCURVE_S1.);
#12503 = LINE('',#12504,#12505);
#12504 = CARTESIAN_POINT('',(5.52,9.35,4.1));
#12505 = VECTOR('',#12506,1.);
#12506 = DIRECTION('',(0.,0.,1.));
#12507 = PCURVE('',#12201,#12508);
#12508 = DEFINITIONAL_REPRESENTATION('',(#12509),#12513);
#12509 = LINE('',#12510,#12511);
#12510 = CARTESIAN_POINT('',(0.,1.92));
#12511 = VECTOR('',#12512,1.);
#12512 = DIRECTION('',(1.,0.));
#12513 = ( GEOMETRIC_REPRESENTATION_CONTEXT(2) 
PARAMETRIC_REPRESENTATION_CONTEXT() REPRESENTATION_CONTEXT('2D SPACE',''
  ) );
#12514 = PCURVE('',#12173,#12515);
#12515 = DEFINITIONAL_REPRESENTATION('',(#12516),#12520);
#12516 = LINE('',#12517,#12518);
#12517 = CARTESIAN_POINT('',(1.570796326795,0.));
#12518 = VECTOR('',#12519,1.);
#12519 = DIRECTION('',(0.,1.));
#12520 = ( GEOMETRIC_REPRESENTATION_CONTEXT(2) 
PARAMETRIC_REPRESENTATION_CONTEXT() REPRESENTATION_CONTEXT('2D SPACE',''
  ) );
#12521 = ADVANCED_FACE('',(#12522),#12116,.T.);
#12522 = FACE_BOUND('',#12523,.F.);
#12523 = EDGE_LOOP('',(#12524,#12525,#12526,#12527));
#12524 = ORIENTED_EDGE('',*,*,#12371,.T.);
#12525 = ORIENTED_EDGE('',*,*,#12474,.T.);
#12526 = ORIENTED_EDGE('',*,*,#12095,.F.);
#12527 = ORIENTED_EDGE('',*,*,#12528,.F.);
#12528 = EDGE_CURVE('',#12372,#12096,#12529,.T.);
#12529 = SURFACE_CURVE('',#12530,(#12534,#12541),.PCURVE_S1.);
#12530 = LINE('',#12531,#12532);
#12531 = CARTESIAN_POINT('',(5.6,8.33,4.1));
#12532 = VECTOR('',#12533,1.);
#12533 = DIRECTION('',(0.,0.,1.));
#12534 = PCURVE('',#12116,#12535);
#12535 = DEFINITIONAL_REPRESENTATION('',(#12536),#12540);
#12536 = LINE('',#12537,#12538);
#12537 = CARTESIAN_POINT('',(-0.,0.));
#12538 = VECTOR('',#12539,1.);
#12539 = DIRECTION('',(-0.,1.));
#12540 = ( GEOMETRIC_REPRESENTATION_CONTEXT(2) 
PARAMETRIC_REPRESENTATION_CONTEXT() REPRESENTATION_CONTEXT('2D SPACE',''
  ) );
#12541 = PCURVE('',#12144,#12542);
#12542 = DEFINITIONAL_REPRESENTATION('',(#12543),#12547);
#12543 = LINE('',#12544,#12545);
#12544 = CARTESIAN_POINT('',(0.,-8.E-02));
#12545 = VECTOR('',#12546,1.);
#12546 = DIRECTION('',(1.,0.));
#12547 = ( GEOMETRIC_REPRESENTATION_CONTEXT(2) 
PARAMETRIC_REPRESENTATION_CONTEXT() REPRESENTATION_CONTEXT('2D SPACE',''
  ) );
#12548 = ADVANCED_FACE('',(#12549),#12173,.T.);
#12549 = FACE_BOUND('',#12550,.T.);
#12550 = EDGE_LOOP('',(#12551,#12552,#12553,#12554));
#12551 = ORIENTED_EDGE('',*,*,#12422,.T.);
#12552 = ORIENTED_EDGE('',*,*,#12501,.T.);
#12553 = ORIENTED_EDGE('',*,*,#12156,.F.);
#12554 = ORIENTED_EDGE('',*,*,#12555,.F.);
#12555 = EDGE_CURVE('',#12400,#12129,#12556,.T.);
#12556 = SURFACE_CURVE('',#12557,(#12561,#12568),.PCURVE_S1.);
#12557 = LINE('',#12558,#12559);
#12558 = CARTESIAN_POINT('',(5.6,9.27,4.1));
#12559 = VECTOR('',#12560,1.);
#12560 = DIRECTION('',(0.,0.,1.));
#12561 = PCURVE('',#12173,#12562);
#12562 = DEFINITIONAL_REPRESENTATION('',(#12563),#12567);
#12563 = LINE('',#12564,#12565);
#12564 = CARTESIAN_POINT('',(0.,0.));
#12565 = VECTOR('',#12566,1.);
#12566 = DIRECTION('',(0.,1.));
#12567 = ( GEOMETRIC_REPRESENTATION_CONTEXT(2) 
PARAMETRIC_REPRESENTATION_CONTEXT() REPRESENTATION_CONTEXT('2D SPACE',''
  ) );
#12568 = PCURVE('',#12144,#12569);
#12569 = DEFINITIONAL_REPRESENTATION('',(#12570),#12574);
#12570 = LINE('',#12571,#12572);
#12571 = CARTESIAN_POINT('',(0.,-1.02));
#12572 = VECTOR('',#12573,1.);
#12573 = DIRECTION('',(1.,0.));
#12574 = ( GEOMETRIC_REPRESENTATION_CONTEXT(2) 
PARAMETRIC_REPRESENTATION_CONTEXT() REPRESENTATION_CONTEXT('2D SPACE',''
  ) );
#12575 = ADVANCED_FACE('',(#12576),#12144,.T.);
#12576 = FACE_BOUND('',#12577,.T.);
#12577 = EDGE_LOOP('',(#12578,#12579,#12580,#12581));
#12578 = ORIENTED_EDGE('',*,*,#12128,.F.);
#12579 = ORIENTED_EDGE('',*,*,#12528,.F.);
#12580 = ORIENTED_EDGE('',*,*,#12399,.T.);
#12581 = ORIENTED_EDGE('',*,*,#12555,.T.);
#12582 = ( GEOMETRIC_REPRESENTATION_CONTEXT(3) 
GLOBAL_UNCERTAINTY_ASSIGNED_CONTEXT((#12586)) 
GLOBAL_UNIT_ASSIGNED_CONTEXT((#12583,#12584,#12585)) 
REPRESENTATION_CONTEXT('Context #1',
  '3D Context with UNIT and UNCERTAINTY') );
#12583 = ( LENGTH_UNIT() NAMED_UNIT(*) SI_UNIT(.MILLI.,.METRE.) );
#12584 = ( NAMED_UNIT(*) PLANE_ANGLE_UNIT() SI_UNIT($,.RADIAN.) );
#12585 = ( NAMED_UNIT(*) SI_UNIT($,.STERADIAN.) SOLID_ANGLE_UNIT() );
#12586 = UNCERTAINTY_MEASURE_WITH_UNIT(LENGTH_MEASURE(1.E-07),#12583,
  'distance_accuracy_value','confusion accuracy');
#12587 = CONTEXT_DEPENDENT_SHAPE_REPRESENTATION(#12588,#12590);
#12588 = ( REPRESENTATION_RELATIONSHIP('','',#11915,#10) 
REPRESENTATION_RELATIONSHIP_WITH_TRANSFORMATION(#12589) 
SHAPE_REPRESENTATION_RELATIONSHIP() );
#12589 = ITEM_DEFINED_TRANSFORMATION('','',#11,#123);
#12590 = PRODUCT_DEFINITION_SHAPE('Placement','Placement of an item',
  #12591);
#12591 = NEXT_ASSEMBLY_USAGE_OCCURRENCE('119','passive_4','',#5,#11910,$
  );
#12592 = PRODUCT_RELATED_PRODUCT_CATEGORY('part',$,(#11912));
#12593 = MECHANICAL_DESIGN_GEOMETRIC_PRESENTATION_REPRESENTATION('',(
    #12594),#3935);
#12594 = STYLED_ITEM('color',(#12595),#3605);
#12595 = PRESENTATION_STYLE_ASSIGNMENT((#12596));
#12596 = SURFACE_STYLE_USAGE(.BOTH.,#12597);
#12597 = SURFACE_SIDE_STYLE('',(#12598));
#12598 = SURFACE_STYLE_FILL_AREA(#12599);
#12599 = FILL_AREA_STYLE('',(#12600));
#12600 = FILL_AREA_STYLE_COLOUR('',#12601);
#12601 = COLOUR_RGB('',0.800000010877,0.670000002606,0.250000000672);
#12602 = MECHANICAL_DESIGN_GEOMETRIC_PRESENTATION_REPRESENTATION('',(
    #12603),#8459);
#12603 = STYLED_ITEM('color',(#12604),#8129);
#12604 = PRESENTATION_STYLE_ASSIGNMENT((#12605));
#12605 = SURFACE_STYLE_USAGE(.BOTH.,#12606);
#12606 = SURFACE_SIDE_STYLE('',(#12607));
#12607 = SURFACE_STYLE_FILL_AREA(#12608);
#12608 = FILL_AREA_STYLE('',(#12609));
#12609 = FILL_AREA_STYLE_COLOUR('',#12601);
#12610 = MECHANICAL_DESIGN_GEOMETRIC_PRESENTATION_REPRESENTATION('',(
    #12611),#807);
#12611 = STYLED_ITEM('color',(#12612),#141);
#12612 = PRESENTATION_STYLE_ASSIGNMENT((#12613));
#12613 = SURFACE_STYLE_USAGE(.BOTH.,#12614);
#12614 = SURFACE_SIDE_STYLE('',(#12615));
#12615 = SURFACE_STYLE_FILL_AREA(#12616);
#12616 = FILL_AREA_STYLE('',(#12617));
#12617 = FILL_AREA_STYLE_COLOUR('',#12618);
#12618 = COLOUR_RGB('',0.170000001676,0.120000001395,0.430000007837);
#12619 = MECHANICAL_DESIGN_GEOMETRIC_PRESENTATION_REPRESENTATION('',(
    #12620),#3237);
#12620 = STYLED_ITEM('color',(#12621),#2907);
#12621 = PRESENTATION_STYLE_ASSIGNMENT((#12622));
#12622 = SURFACE_STYLE_USAGE(.BOTH.,#12623);
#12623 = SURFACE_SIDE_STYLE('',(#12624));
#12624 = SURFACE_STYLE_FILL_AREA(#12625);
#12625 = FILL_AREA_STYLE('',(#12626));
#12626 = FILL_AREA_STYLE_COLOUR('',#12601);
#12627 = MECHANICAL_DESIGN_GEOMETRIC_PRESENTATION_REPRESENTATION('',(
    #12628),#9157);
#12628 = STYLED_ITEM('color',(#12629),#8827);
#12629 = PRESENTATION_STYLE_ASSIGNMENT((#12630));
#12630 = SURFACE_STYLE_USAGE(.BOTH.,#12631);
#12631 = SURFACE_SIDE_STYLE('',(#12632));
#12632 = SURFACE_STYLE_FILL_AREA(#12633);
#12633 = FILL_AREA_STYLE('',(#12634));
#12634 = FILL_AREA_STYLE_COLOUR('',#12601);
#12635 = MECHANICAL_DESIGN_GEOMETRIC_PRESENTATION_REPRESENTATION('',(
    #12636),#6016);
#12636 = STYLED_ITEM('color',(#12637),#5686);
#12637 = PRESENTATION_STYLE_ASSIGNMENT((#12638));
#12638 = SURFACE_STYLE_USAGE(.BOTH.,#12639);
#12639 = SURFACE_SIDE_STYLE('',(#12640));
#12640 = SURFACE_STYLE_FILL_AREA(#12641);
#12641 = FILL_AREA_STYLE('',(#12642));
#12642 = FILL_AREA_STYLE_COLOUR('',#12601);
#12643 = MECHANICAL_DESIGN_GEOMETRIC_PRESENTATION_REPRESENTATION('',(
    #12644),#1492);
#12644 = STYLED_ITEM('color',(#12645),#826);
#12645 = PRESENTATION_STYLE_ASSIGNMENT((#12646));
#12646 = SURFACE_STYLE_USAGE(.BOTH.,#12647);
#12647 = SURFACE_SIDE_STYLE('',(#12648));
#12648 = SURFACE_STYLE_FILL_AREA(#12649);
#12649 = FILL_AREA_STYLE('',(#12650));
#12650 = FILL_AREA_STYLE_COLOUR('',#12651);
#12651 = COLOUR_RGB('',5.500000063064E-02,5.500000063064E-02,
  5.500000063064E-02);
#12652 = MECHANICAL_DESIGN_GEOMETRIC_PRESENTATION_REPRESENTATION('',(
    #12653),#9842);
#12653 = STYLED_ITEM('color',(#12654),#9176);
#12654 = PRESENTATION_STYLE_ASSIGNMENT((#12655));
#12655 = SURFACE_STYLE_USAGE(.BOTH.,#12656);
#12656 = SURFACE_SIDE_STYLE('',(#12657));
#12657 = SURFACE_STYLE_FILL_AREA(#12658);
#12658 = FILL_AREA_STYLE('',(#12659));
#12659 = FILL_AREA_STYLE_COLOUR('',#12660);
#12660 = COLOUR_RGB('',7.000000150072E-02,7.000000150072E-02,
  7.000000150072E-02);
#12661 = MECHANICAL_DESIGN_GEOMETRIC_PRESENTATION_REPRESENTATION('',(
    #12662),#7412);
#12662 = STYLED_ITEM('color',(#12663),#7082);
#12663 = PRESENTATION_STYLE_ASSIGNMENT((#12664));
#12664 = SURFACE_STYLE_USAGE(.BOTH.,#12665);
#12665 = SURFACE_SIDE_STYLE('',(#12666));
#12666 = SURFACE_STYLE_FILL_AREA(#12667);
#12667 = FILL_AREA_STYLE('',(#12668));
#12668 = FILL_AREA_STYLE_COLOUR('',#12601);
#12669 = MECHANICAL_DESIGN_GEOMETRIC_PRESENTATION_REPRESENTATION('',(
    #12670),#5667);
#12670 = STYLED_ITEM('color',(#12671),#5001);
#12671 = PRESENTATION_STYLE_ASSIGNMENT((#12672));
#12672 = SURFACE_STYLE_USAGE(.BOTH.,#12673);
#12673 = SURFACE_SIDE_STYLE('',(#12674));
#12674 = SURFACE_STYLE_FILL_AREA(#12675);
#12675 = FILL_AREA_STYLE('',(#12676));
#12676 = FILL_AREA_STYLE_COLOUR('',#12651);
#12677 = MECHANICAL_DESIGN_GEOMETRIC_PRESENTATION_REPRESENTATION('',(
    #12678),#6714);
#12678 = STYLED_ITEM('color',(#12679),#6384);
#12679 = PRESENTATION_STYLE_ASSIGNMENT((#12680));
#12680 = SURFACE_STYLE_USAGE(.BOTH.,#12681);
#12681 = SURFACE_SIDE_STYLE('',(#12682));
#12682 = SURFACE_STYLE_FILL_AREA(#12683);
#12683 = FILL_AREA_STYLE('',(#12684));
#12684 = FILL_AREA_STYLE_COLOUR('',#12601);
#12685 = MECHANICAL_DESIGN_GEOMETRIC_PRESENTATION_REPRESENTATION('',(
    #12686),#4982);
#12686 = STYLED_ITEM('color',(#12687),#4652);
#12687 = PRESENTATION_STYLE_ASSIGNMENT((#12688));
#12688 = SURFACE_STYLE_USAGE(.BOTH.,#12689);
#12689 = SURFACE_SIDE_STYLE('',(#12690));
#12690 = SURFACE_STYLE_FILL_AREA(#12691);
#12691 = FILL_AREA_STYLE('',(#12692));
#12692 = FILL_AREA_STYLE_COLOUR('',#12601);
#12693 = MECHANICAL_DESIGN_GEOMETRIC_PRESENTATION_REPRESENTATION('',(
    #12694),#7761);
#12694 = STYLED_ITEM('color',(#12695),#7431);
#12695 = PRESENTATION_STYLE_ASSIGNMENT((#12696));
#12696 = SURFACE_STYLE_USAGE(.BOTH.,#12697);
#12697 = SURFACE_SIDE_STYLE('',(#12698));
#12698 = SURFACE_STYLE_FILL_AREA(#12699);
#12699 = FILL_AREA_STYLE('',(#12700));
#12700 = FILL_AREA_STYLE_COLOUR('',#12601);
#12701 = MECHANICAL_DESIGN_GEOMETRIC_PRESENTATION_REPRESENTATION('',(
    #12702),#2190);
#12702 = STYLED_ITEM('color',(#12703),#1860);
#12703 = PRESENTATION_STYLE_ASSIGNMENT((#12704));
#12704 = SURFACE_STYLE_USAGE(.BOTH.,#12705);
#12705 = SURFACE_SIDE_STYLE('',(#12706));
#12706 = SURFACE_STYLE_FILL_AREA(#12707);
#12707 = FILL_AREA_STYLE('',(#12708));
#12708 = FILL_AREA_STYLE_COLOUR('',#12601);
#12709 = MECHANICAL_DESIGN_GEOMETRIC_PRESENTATION_REPRESENTATION('',(
    #12710),#11897);
#12710 = STYLED_ITEM('color',(#12711),#11231);
#12711 = PRESENTATION_STYLE_ASSIGNMENT((#12712));
#12712 = SURFACE_STYLE_USAGE(.BOTH.,#12713);
#12713 = SURFACE_SIDE_STYLE('',(#12714));
#12714 = SURFACE_STYLE_FILL_AREA(#12715);
#12715 = FILL_AREA_STYLE('',(#12716));
#12716 = FILL_AREA_STYLE_COLOUR('',#12717);
#12717 = COLOUR_RGB('',0.78000000177,0.679999990811,0.480000004686);
#12718 = MECHANICAL_DESIGN_GEOMETRIC_PRESENTATION_REPRESENTATION('',(
    #12719),#4633);
#12719 = STYLED_ITEM('color',(#12720),#4303);
#12720 = PRESENTATION_STYLE_ASSIGNMENT((#12721));
#12721 = SURFACE_STYLE_USAGE(.BOTH.,#12722);
#12722 = SURFACE_SIDE_STYLE('',(#12723));
#12723 = SURFACE_STYLE_FILL_AREA(#12724);
#12724 = FILL_AREA_STYLE('',(#12725));
#12725 = FILL_AREA_STYLE_COLOUR('',#12601);
#12726 = MECHANICAL_DESIGN_GEOMETRIC_PRESENTATION_REPRESENTATION('',(
    #12727),#3586);
#12727 = STYLED_ITEM('color',(#12728),#3256);
#12728 = PRESENTATION_STYLE_ASSIGNMENT((#12729));
#12729 = SURFACE_STYLE_USAGE(.BOTH.,#12730);
#12730 = SURFACE_SIDE_STYLE('',(#12731));
#12731 = SURFACE_STYLE_FILL_AREA(#12732);
#12732 = FILL_AREA_STYLE('',(#12733));
#12733 = FILL_AREA_STYLE_COLOUR('',#12601);
#12734 = MECHANICAL_DESIGN_GEOMETRIC_PRESENTATION_REPRESENTATION('',(
    #12735),#2888);
#12735 = STYLED_ITEM('color',(#12736),#2558);
#12736 = PRESENTATION_STYLE_ASSIGNMENT((#12737));
#12737 = SURFACE_STYLE_USAGE(.BOTH.,#12738);
#12738 = SURFACE_SIDE_STYLE('',(#12739));
#12739 = SURFACE_STYLE_FILL_AREA(#12740);
#12740 = FILL_AREA_STYLE('',(#12741));
#12741 = FILL_AREA_STYLE_COLOUR('',#12601);
#12742 = MECHANICAL_DESIGN_GEOMETRIC_PRESENTATION_REPRESENTATION('',(
    #12743),#11212);
#12743 = STYLED_ITEM('color',(#12744),#10546);
#12744 = PRESENTATION_STYLE_ASSIGNMENT((#12745));
#12745 = SURFACE_STYLE_USAGE(.BOTH.,#12746);
#12746 = SURFACE_SIDE_STYLE('',(#12747));
#12747 = SURFACE_STYLE_FILL_AREA(#12748);
#12748 = FILL_AREA_STYLE('',(#12749));
#12749 = FILL_AREA_STYLE_COLOUR('',#12717);
#12750 = MECHANICAL_DESIGN_GEOMETRIC_PRESENTATION_REPRESENTATION('',(
    #12751),#7063);
#12751 = STYLED_ITEM('color',(#12752),#6733);
#12752 = PRESENTATION_STYLE_ASSIGNMENT((#12753));
#12753 = SURFACE_STYLE_USAGE(.BOTH.,#12754);
#12754 = SURFACE_SIDE_STYLE('',(#12755));
#12755 = SURFACE_STYLE_FILL_AREA(#12756);
#12756 = FILL_AREA_STYLE('',(#12757));
#12757 = FILL_AREA_STYLE_COLOUR('',#12601);
#12758 = MECHANICAL_DESIGN_GEOMETRIC_PRESENTATION_REPRESENTATION('',(
    #12759),#1841);
#12759 = STYLED_ITEM('color',(#12760),#1511);
#12760 = PRESENTATION_STYLE_ASSIGNMENT((#12761));
#12761 = SURFACE_STYLE_USAGE(.BOTH.,#12762);
#12762 = SURFACE_SIDE_STYLE('',(#12763));
#12763 = SURFACE_STYLE_FILL_AREA(#12764);
#12764 = FILL_AREA_STYLE('',(#12765));
#12765 = FILL_AREA_STYLE_COLOUR('',#12601);
#12766 = MECHANICAL_DESIGN_GEOMETRIC_PRESENTATION_REPRESENTATION('',(
    #12767),#12582);
#12767 = STYLED_ITEM('color',(#12768),#11916);
#12768 = PRESENTATION_STYLE_ASSIGNMENT((#12769));
#12769 = SURFACE_STYLE_USAGE(.BOTH.,#12770);
#12770 = SURFACE_SIDE_STYLE('',(#12771));
#12771 = SURFACE_STYLE_FILL_AREA(#12772);
#12772 = FILL_AREA_STYLE('',(#12773));
#12773 = FILL_AREA_STYLE_COLOUR('',#12717);
#12774 = MECHANICAL_DESIGN_GEOMETRIC_PRESENTATION_REPRESENTATION('',(
    #12775),#10527);
#12775 = STYLED_ITEM('color',(#12776),#9861);
#12776 = PRESENTATION_STYLE_ASSIGNMENT((#12777));
#12777 = SURFACE_STYLE_USAGE(.BOTH.,#12778);
#12778 = SURFACE_SIDE_STYLE('',(#12779));
#12779 = SURFACE_STYLE_FILL_AREA(#12780);
#12780 = FILL_AREA_STYLE('',(#12781));
#12781 = FILL_AREA_STYLE_COLOUR('',#12717);
#12782 = MECHANICAL_DESIGN_GEOMETRIC_PRESENTATION_REPRESENTATION('',(
    #12783),#4284);
#12783 = STYLED_ITEM('color',(#12784),#3954);
#12784 = PRESENTATION_STYLE_ASSIGNMENT((#12785));
#12785 = SURFACE_STYLE_USAGE(.BOTH.,#12786);
#12786 = SURFACE_SIDE_STYLE('',(#12787));
#12787 = SURFACE_STYLE_FILL_AREA(#12788);
#12788 = FILL_AREA_STYLE('',(#12789));
#12789 = FILL_AREA_STYLE_COLOUR('',#12601);
#12790 = MECHANICAL_DESIGN_GEOMETRIC_PRESENTATION_REPRESENTATION('',(
    #12791),#6365);
#12791 = STYLED_ITEM('color',(#12792),#6035);
#12792 = PRESENTATION_STYLE_ASSIGNMENT((#12793));
#12793 = SURFACE_STYLE_USAGE(.BOTH.,#12794);
#12794 = SURFACE_SIDE_STYLE('',(#12795));
#12795 = SURFACE_STYLE_FILL_AREA(#12796);
#12796 = FILL_AREA_STYLE('',(#12797));
#12797 = FILL_AREA_STYLE_COLOUR('',#12601);
#12798 = MECHANICAL_DESIGN_GEOMETRIC_PRESENTATION_REPRESENTATION('',(
    #12799),#8110);
#12799 = STYLED_ITEM('color',(#12800),#7780);
#12800 = PRESENTATION_STYLE_ASSIGNMENT((#12801));
#12801 = SURFACE_STYLE_USAGE(.BOTH.,#12802);
#12802 = SURFACE_SIDE_STYLE('',(#12803));
#12803 = SURFACE_STYLE_FILL_AREA(#12804);
#12804 = FILL_AREA_STYLE('',(#12805));
#12805 = FILL_AREA_STYLE_COLOUR('',#12601);
#12806 = MECHANICAL_DESIGN_GEOMETRIC_PRESENTATION_REPRESENTATION('',(
    #12807),#2539);
#12807 = STYLED_ITEM('color',(#12808),#2209);
#12808 = PRESENTATION_STYLE_ASSIGNMENT((#12809));
#12809 = SURFACE_STYLE_USAGE(.BOTH.,#12810);
#12810 = SURFACE_SIDE_STYLE('',(#12811));
#12811 = SURFACE_STYLE_FILL_AREA(#12812);
#12812 = FILL_AREA_STYLE('',(#12813));
#12813 = FILL_AREA_STYLE_COLOUR('',#12601);
#12814 = MECHANICAL_DESIGN_GEOMETRIC_PRESENTATION_REPRESENTATION('',(
    #12815),#8808);
#12815 = STYLED_ITEM('color',(#12816),#8478);
#12816 = PRESENTATION_STYLE_ASSIGNMENT((#12817));
#12817 = SURFACE_STYLE_USAGE(.BOTH.,#12818);
#12818 = SURFACE_SIDE_STYLE('',(#12819));
#12819 = SURFACE_STYLE_FILL_AREA(#12820);
#12820 = FILL_AREA_STYLE('',(#12821));
#12821 = FILL_AREA_STYLE_COLOUR('',#12601);
ENDSEC;
END-ISO-10303-21;
